-- MySQL dump 10.13  Distrib 8.0.43, for Win64 (x86_64)
--
-- Host: localhost    Database: ent_clinic_db
-- ------------------------------------------------------
-- Server version	8.0.43

/*!40101 SET @OLD_CHARACTER_SET_CLIENT=@@CHARACTER_SET_CLIENT */;
/*!40101 SET @OLD_CHARACTER_SET_RESULTS=@@CHARACTER_SET_RESULTS */;
/*!40101 SET @OLD_COLLATION_CONNECTION=@@COLLATION_CONNECTION */;
/*!50503 SET NAMES utf8mb4 */;
/*!40103 SET @OLD_TIME_ZONE=@@TIME_ZONE */;
/*!40103 SET TIME_ZONE='+00:00' */;
/*!40014 SET @OLD_UNIQUE_CHECKS=@@UNIQUE_CHECKS, UNIQUE_CHECKS=0 */;
/*!40014 SET @OLD_FOREIGN_KEY_CHECKS=@@FOREIGN_KEY_CHECKS, FOREIGN_KEY_CHECKS=0 */;
/*!40101 SET @OLD_SQL_MODE=@@SQL_MODE, SQL_MODE='NO_AUTO_VALUE_ON_ZERO' */;
/*!40111 SET @OLD_SQL_NOTES=@@SQL_NOTES, SQL_NOTES=0 */;

--
-- Current Database: `ent_clinic_db`
--

/*!40000 DROP DATABASE IF EXISTS `ent_clinic_db`*/;

CREATE DATABASE /*!32312 IF NOT EXISTS*/ `ent_clinic_db` /*!40100 DEFAULT CHARACTER SET utf8mb4 COLLATE utf8mb4_0900_ai_ci */ /*!80016 DEFAULT ENCRYPTION='N' */;

USE `ent_clinic_db`;

--
-- Table structure for table `admitting_orders`
--

DROP TABLE IF EXISTS `admitting_orders`;
/*!40101 SET @saved_cs_client     = @@character_set_client */;
/*!50503 SET character_set_client = utf8mb4 */;
CREATE TABLE `admitting_orders` (
  `admitting_order_id` int NOT NULL AUTO_INCREMENT,
  `patient_id` int NOT NULL,
  `diagnosis` longtext CHARACTER SET utf8mb4 COLLATE utf8mb4_unicode_ci,
  `chief_complaints` longtext CHARACTER SET utf8mb4 COLLATE utf8mb4_unicode_ci,
  `vital_signs` longtext CHARACTER SET utf8mb4 COLLATE utf8mb4_unicode_ci,
  `diet` varchar(100) CHARACTER SET utf8mb4 COLLATE utf8mb4_unicode_ci DEFAULT NULL,
  `activity` varchar(100) CHARACTER SET utf8mb4 COLLATE utf8mb4_unicode_ci DEFAULT NULL,
  `medications` longtext CHARACTER SET utf8mb4 COLLATE utf8mb4_unicode_ci,
  `iv_fluids` longtext CHARACTER SET utf8mb4 COLLATE utf8mb4_unicode_ci,
  `laboratory` longtext CHARACTER SET utf8mb4 COLLATE utf8mb4_unicode_ci,
  `imaging` longtext CHARACTER SET utf8mb4 COLLATE utf8mb4_unicode_ci,
  `nursing_instructions` longtext CHARACTER SET utf8mb4 COLLATE utf8mb4_unicode_ci,
  `special_instructions` longtext CHARACTER SET utf8mb4 COLLATE utf8mb4_unicode_ci,
  `created_at` timestamp NULL DEFAULT CURRENT_TIMESTAMP,
  `updated_at` timestamp NULL DEFAULT CURRENT_TIMESTAMP ON UPDATE CURRENT_TIMESTAMP,
  PRIMARY KEY (`admitting_order_id`),
  KEY `fk_patient_id` (`patient_id`),
  CONSTRAINT `fk_admitting_patient` FOREIGN KEY (`patient_id`) REFERENCES `patients` (`patient_id`) ON DELETE CASCADE
) ENGINE=InnoDB AUTO_INCREMENT=4 DEFAULT CHARSET=utf8mb4 COLLATE=utf8mb4_unicode_ci;
/*!40101 SET character_set_client = @saved_cs_client */;

--
-- Dumping data for table `admitting_orders`
--

LOCK TABLES `admitting_orders` WRITE;
/*!40000 ALTER TABLE `admitting_orders` DISABLE KEYS */;
INSERT INTO `admitting_orders` (`admitting_order_id`, `patient_id`, `diagnosis`, `chief_complaints`, `vital_signs`, `diet`, `activity`, `medications`, `iv_fluids`, `laboratory`, `imaging`, `nursing_instructions`, `special_instructions`, `created_at`, `updated_at`) VALUES (3,2281,'PNEUMONIA','COUGH',NULL,'DAT',NULL,'CEFUROXIME 500 MG IVTT Q 8 HOURS ANST','D5LR 1 L X 8 HOURS','CBC, BLOOD TYPING\r\nFBS, BUN, CREATININE\r\nLIPID PROFILE','CHEST X-RAY PA VIEW','ADVISE PATIENT FOR DEEP BREATHING EXERCISE','REFER TO PULMO DR. ORTIGAS FOR CO-MANAGEMENT','2025-11-21 05:18:24','2025-11-21 05:18:24');
/*!40000 ALTER TABLE `admitting_orders` ENABLE KEYS */;
UNLOCK TABLES;

--
-- Table structure for table `appointments`
--

DROP TABLE IF EXISTS `appointments`;
/*!40101 SET @saved_cs_client     = @@character_set_client */;
/*!50503 SET character_set_client = utf8mb4 */;
CREATE TABLE `appointments` (
  `follow_up_id` int NOT NULL AUTO_INCREMENT,
  `patient_id` int DEFAULT NULL,
  `follow_up_date` date NOT NULL,
  `note` text,
  PRIMARY KEY (`follow_up_id`),
  KEY `appointments_ibfk_1` (`patient_id`),
  CONSTRAINT `appointments_ibfk_1` FOREIGN KEY (`patient_id`) REFERENCES `patients` (`patient_id`)
) ENGINE=InnoDB AUTO_INCREMENT=64 DEFAULT CHARSET=utf8mb4 COLLATE=utf8mb4_0900_ai_ci;
/*!40101 SET character_set_client = @saved_cs_client */;

--
-- Dumping data for table `appointments`
--

LOCK TABLES `appointments` WRITE;
/*!40000 ALTER TABLE `appointments` DISABLE KEYS */;
INSERT INTO `appointments` (`follow_up_id`, `patient_id`, `follow_up_date`, `note`) VALUES (10,2072,'2025-12-04',NULL),(11,2073,'2025-10-27',NULL),(12,2086,'2025-10-30','FOLLOW WITH RESULT OF LABORATORY'),(13,2095,'2025-10-27','FOR REMOVAL OF EAR WICK'),(14,2096,'2025-10-30',NULL),(15,2097,'2025-11-03',NULL),(16,2108,'2025-11-03','FOR EAR CLEANING'),(17,2113,'2025-11-03',NULL),(18,2111,'2025-11-03',NULL),(19,2046,'2025-10-29','FOR FNL, MEDICUS AMBULATORY'),(20,2114,'2025-11-04','FOR EAR CLEANING'),(21,2117,'2025-11-04','FOR EAR CLEANING'),(22,2129,'2025-11-04',NULL),(23,2133,'2025-11-04',NULL),(24,2134,'2025-11-04','WITH RESULT OF X RAY'),(25,2141,'2025-11-06','FOLLOW UP WITH RESULT OF HEARING TEST'),(26,2103,'2025-11-28',NULL),(27,2148,'2025-11-06',NULL),(28,2153,'2025-11-10',NULL),(29,2155,'2025-11-11',NULL),(30,2162,'2025-11-11',NULL),(31,2163,'2025-11-12',NULL),(32,2164,'2025-11-17',NULL),(33,2165,'2025-11-17','FOR EAR CLEANING'),(34,2203,'2025-11-18',NULL),(35,2204,'2025-11-18',NULL),(36,2205,'2025-11-18',NULL),(37,2206,'2025-11-18',NULL),(38,2208,'2025-11-18',NULL),(39,2246,'2025-11-24',NULL),(40,NULL,'2025-12-01','Oath taking new diplomates and fellows'),(41,NULL,'2025-12-02','PSO-HNS Annual convention'),(42,NULL,'2025-12-03','PSO-HNS Annual convention'),(43,NULL,'2025-12-04','PSO-HNS Annual convention'),(44,NULL,'2025-12-06','PCS convention'),(45,NULL,'2025-12-12','Graduation- Julius'),(46,NULL,'2025-12-10','PCS convention'),(47,NULL,'2025-12-09','PCS convention'),(48,NULL,'2025-12-08','PCS convention'),(49,NULL,'2025-12-07','BD- Julius\r\nPCS convention'),(50,NULL,'2025-12-25','Christmas Day'),(51,2257,'2025-11-25',NULL),(52,2265,'2025-11-25',NULL),(53,2268,'2025-11-27',NULL),(54,2273,'2025-11-27',NULL),(55,2278,'2025-11-28',NULL),(56,2279,'2025-11-28',NULL),(57,2280,'2025-11-28',NULL),(58,NULL,'2025-11-30','TO MANILA'),(59,NULL,'2025-12-05','BACK FROM MANILA'),(60,NULL,'2025-12-10','BACK TO MANILA'),(61,NULL,'2025-12-14','BACK TO ILOILO'),(62,2314,'2025-12-06',NULL),(63,2313,'2025-12-08',NULL);
/*!40000 ALTER TABLE `appointments` ENABLE KEYS */;
UNLOCK TABLES;

--
-- Table structure for table `attachments`
--

DROP TABLE IF EXISTS `attachments`;
/*!40101 SET @saved_cs_client     = @@character_set_client */;
/*!50503 SET character_set_client = utf8mb4 */;
CREATE TABLE `attachments` (
  `attachment_id` int NOT NULL AUTO_INCREMENT,
  `consultation_id` int DEFAULT NULL,
  `patient_id` int NOT NULL,
  `file_path` varchar(500) NOT NULL,
  `file_type` enum('Image','Video') NOT NULL,
  `category` varchar(100) DEFAULT 'General',
  `date_added` datetime DEFAULT CURRENT_TIMESTAMP,
  `note` varchar(45) DEFAULT NULL,
  PRIMARY KEY (`attachment_id`),
  KEY `patient_id` (`patient_id`),
  KEY `fk_attachments_consultation` (`consultation_id`),
  CONSTRAINT `attachments_ibfk_1` FOREIGN KEY (`patient_id`) REFERENCES `patients` (`patient_id`) ON DELETE CASCADE,
  CONSTRAINT `fk_attachments_consultation` FOREIGN KEY (`consultation_id`) REFERENCES `consultation` (`consultation_id`) ON DELETE CASCADE ON UPDATE CASCADE
) ENGINE=InnoDB AUTO_INCREMENT=454 DEFAULT CHARSET=utf8mb4 COLLATE=utf8mb4_0900_ai_ci;
/*!40101 SET character_set_client = @saved_cs_client */;

--
-- Dumping data for table `attachments`
--

LOCK TABLES `attachments` WRITE;
/*!40000 ALTER TABLE `attachments` DISABLE KEYS */;
INSERT INTO `attachments` (`attachment_id`, `consultation_id`, `patient_id`, `file_path`, `file_type`, `category`, `date_added`, `note`) VALUES (9,101,2009,'D:\\ENT_CLINIC_Attachments\\2009\\2025-10-03\\Images\\image_20251003_115459_115819643.png','Image','Ears','2025-10-03 11:58:19','PERFORATED TYMPANIC MEMBRANE\r\nDRY EAR'),(10,101,2009,'D:\\ENT_CLINIC_Attachments\\2009\\2025-10-03\\Images\\image_20251003_115521_115819643.png','Image','Ears','2025-10-03 11:58:19','INTACT TYMPANIC MEMBRANE LEFT EAR'),(11,102,2008,'D:\\ENT_CLINIC_Attachments\\2008\\2025-10-03\\Images\\image_20251003_120543_120710398.png','Image','Ears','2025-10-03 12:07:10','INTACT YMPANIC MEMBRANE, AD'),(12,102,2008,'D:\\ENT_CLINIC_Attachments\\2008\\2025-10-03\\Images\\image_20251003_120416_120710398.png','Image','Ears','2025-10-03 12:07:10','IMPACTED CERUMEN, AS'),(13,102,2008,'D:\\ENT_CLINIC_Attachments\\2008\\2025-10-03\\Images\\image_20251003_120545_120710398.png','Image','Ears','2025-10-03 12:07:10','PARTIAL CERUMEN, AD'),(14,103,2008,'D:\\ENT_CLINIC_Attachments\\2008\\2025-10-03\\Images\\image_20251003_121635_121934597.png','Image','(no category)','2025-10-03 12:19:34',''),(15,103,2008,'D:\\ENT_CLINIC_Attachments\\2008\\2025-10-03\\Images\\image_20251003_121638_121934597.png','Image','(no category)','2025-10-03 12:19:34',''),(16,103,2008,'D:\\ENT_CLINIC_Attachments\\2008\\2025-10-03\\Images\\image_20251003_121658_121934597.png','Image','(no category)','2025-10-03 12:19:34',''),(17,104,2010,'D:\\ENT_CLINIC_Attachments\\2010\\2025-10-03\\Images\\image_20251003_122545_123136991.png','Image','(no category)','2025-10-03 12:31:37',''),(18,104,2010,'D:\\ENT_CLINIC_Attachments\\2010\\2025-10-03\\Images\\image_20251003_122548_123136991.png','Image','(no category)','2025-10-03 12:31:37',''),(19,104,2010,'D:\\ENT_CLINIC_Attachments\\2010\\2025-10-03\\Images\\image_20251003_122605_123136991.png','Image','(no category)','2025-10-03 12:31:37',''),(20,104,2010,'D:\\ENT_CLINIC_Attachments\\2010\\2025-10-03\\Images\\image_20251003_122831_123137006.png','Image','(no category)','2025-10-03 12:31:37',''),(21,105,2011,'D:\\ENT_CLINIC_Attachments\\2011\\2025-10-03\\Images\\image_20251003_124525_124825114.png','Image','(no category)','2025-10-03 12:48:25',''),(22,105,2011,'D:\\ENT_CLINIC_Attachments\\2011\\2025-10-03\\Images\\image_20251003_123936_124825114.png','Image','Ears','2025-10-03 12:48:25','FUNGAL ELEMENTS, AS'),(23,105,2011,'D:\\ENT_CLINIC_Attachments\\2011\\2025-10-03\\Images\\image_20251003_123942_124825114.png','Image','Ears','2025-10-03 12:48:25','YELLOWISH DISCHARGE'),(24,105,2011,'D:\\ENT_CLINIC_Attachments\\2011\\2025-10-03\\Images\\image_20251003_123959_124825114.png','Image','Ears','2025-10-03 12:48:25','INTACT TM, AD'),(25,105,2011,'D:\\ENT_CLINIC_Attachments\\2011\\2025-10-03\\Images\\image_20251003_124533_124825130.png','Image','(no category)','2025-10-03 12:48:25',''),(26,106,2012,'D:\\ENT_CLINIC_Attachments\\2012\\2025-10-03\\Images\\image_20251003_125457_125829226.png','Image','Ears','2025-10-03 12:58:29','DRY EAR WAX\r\nINTACT TM AD'),(27,106,2012,'D:\\ENT_CLINIC_Attachments\\2012\\2025-10-03\\Images\\image_20251003_125512_125829226.png','Image','Ears','2025-10-03 12:58:29','INTACT TM AS'),(28,107,2013,'D:\\ENT_CLINIC_Attachments\\2013\\2025-10-03\\Images\\image_20251003_133426_134429461.png','Image','Nose','2025-10-03 13:44:29','RIGHT NOSE'),(29,107,2013,'D:\\ENT_CLINIC_Attachments\\2013\\2025-10-03\\Images\\image_20251003_132836_134429480.png','Image','Nose','2025-10-03 13:44:29','YELLOWISH NASAL DISCHARGE LEFT NOSE'),(30,107,2013,'D:\\ENT_CLINIC_Attachments\\2013\\2025-10-03\\Images\\image_20251003_133732_134429482.png','Image','(no category)','2025-10-03 13:44:29',''),(31,107,2013,'D:\\ENT_CLINIC_Attachments\\2013\\2025-10-03\\Images\\image_20251003_133156_134429486.png','Image','Nose','2025-10-03 13:44:29','MEATY SOFT TISSUE, LEFT NOSE'),(32,107,2013,'D:\\ENT_CLINIC_Attachments\\2013\\2025-10-03\\Images\\image_20251003_133745_134429489.png','Image','(no category)','2025-10-03 13:44:29',''),(33,108,2014,'D:\\ENT_CLINIC_Attachments\\2014\\2025-10-03\\Images\\image_20251003_140214_140921971.png','Image','Ears','2025-10-03 14:09:21','INTACT TM, AD'),(34,108,2014,'D:\\ENT_CLINIC_Attachments\\2014\\2025-10-03\\Images\\image_20251003_140226_140921975.png','Image','Ears','2025-10-03 14:09:21','INTACT TM, AS'),(35,108,2014,'D:\\ENT_CLINIC_Attachments\\2014\\2025-10-03\\Images\\image_20251003_140307_140921978.png','Image','Nose','2025-10-03 14:09:21','BLOOD CLOTS, RIGHT NOSTRIL'),(36,108,2014,'D:\\ENT_CLINIC_Attachments\\2014\\2025-10-03\\Images\\image_20251003_140312_140921982.png','Image','Nose','2025-10-03 14:09:21','BLOOD CLOTS, LEFT NOSTRIL'),(37,109,2015,'D:\\ENT_CLINIC_Attachments\\2015\\2025-10-04\\Images\\image_20251004_094749_095906866.png','Image','Ears','2025-10-04 09:59:06','INTACT TM- AD'),(38,110,2016,'D:\\ENT_CLINIC_Attachments\\2016\\2025-10-04\\Images\\image_20251004_101150_101720488.png','Image','Ears','2025-10-04 10:17:20','IMPACTED CERUMEN, AS'),(39,110,2016,'D:\\ENT_CLINIC_Attachments\\2016\\2025-10-04\\Images\\image_20251004_101210_101720488.png','Image','Ears','2025-10-04 10:17:20','INFLAMED RIGHT EAR CANAL'),(40,111,2017,'D:\\ENT_CLINIC_Attachments\\2017\\2025-10-04\\Images\\image_20251004_102634_103228200.png','Image','Ears','2025-10-04 10:32:28','INTACT TM, AS'),(41,111,2017,'D:\\ENT_CLINIC_Attachments\\2017\\2025-10-04\\Images\\image_20251004_102651_103228215.png','Image','Ears','2025-10-04 10:32:28','PERFORATED TM\r\nMODERATE DISCHARGE, AD'),(42,112,2019,'D:\\ENT_CLINIC_Attachments\\2019\\2025-10-06\\Images\\image_20251006_125002_125119533.png','Image','Ears','2025-10-06 12:51:19','CERUMEN, AS'),(43,113,2018,'D:\\ENT_CLINIC_Attachments\\2018\\2025-10-06\\Images\\image_20251006_125457_130114533.png','Image','Ears','2025-10-06 13:01:14','FUNGUS, AD'),(44,113,2018,'D:\\ENT_CLINIC_Attachments\\2018\\2025-10-06\\Images\\image_20251006_125507_130114533.png','Image','Ears','2025-10-06 13:01:14','INTACT TM, AS'),(45,113,2018,'D:\\ENT_CLINIC_Attachments\\2018\\2025-10-06\\Images\\image_20251006_125820_130114533.png','Image','Ears','2025-10-06 13:01:14','YELLOWISH DISCHARGE, AD'),(46,114,2021,'D:\\ENT_CLINIC_Attachments\\2021\\2025-10-06\\Images\\image_20251006_130615_131336490.png','Image','(no category)','2025-10-06 13:13:36',''),(47,114,2021,'D:\\ENT_CLINIC_Attachments\\2021\\2025-10-06\\Images\\image_20251006_130627_131336490.png','Image','(no category)','2025-10-06 13:13:36',''),(48,115,2020,'D:\\ENT_CLINIC_Attachments\\2020\\2025-10-06\\Images\\image_20251006_131640_132122139.png','Image','Nose','2025-10-06 13:21:22','GRADE 2 NASAL POLYP, RIGHT'),(49,115,2020,'D:\\ENT_CLINIC_Attachments\\2020\\2025-10-06\\Images\\image_20251006_131707_132122139.png','Image','Nose','2025-10-06 13:21:22','HYPERTROPHIC TURBINATES, LEFT'),(50,116,2022,'D:\\ENT_CLINIC_Attachments\\2022\\2025-10-06\\Images\\image_20251006_132822_133348241.png','Image','Ears','2025-10-06 13:33:48','YELLOWISH DISCHARGE, AS'),(51,116,2022,'D:\\ENT_CLINIC_Attachments\\2022\\2025-10-06\\Images\\image_20251006_132957_133348241.png','Image','Ears','2025-10-06 13:33:48','HYPEREMIC EAR CANAL,AS'),(52,117,2023,'D:\\ENT_CLINIC_Attachments\\2023\\2025-10-06\\Images\\image_20251006_133817_134523004.png','Image','Ears','2025-10-06 13:45:23','IMPACTED CERUMEN, AD'),(53,117,2023,'D:\\ENT_CLINIC_Attachments\\2023\\2025-10-06\\Images\\image_20251006_133830_134523036.png','Image','Ears','2025-10-06 13:45:23','INTACT TM, AS'),(54,118,2024,'D:\\ENT_CLINIC_Attachments\\2024\\2025-10-06\\Images\\image_20251006_134939_135508190.png','Image','(no category)','2025-10-06 13:55:08',''),(55,118,2024,'D:\\ENT_CLINIC_Attachments\\2024\\2025-10-06\\Images\\image_20251006_135001_135508205.png','Image','(no category)','2025-10-06 13:55:08',''),(56,119,2025,'D:\\ENT_CLINIC_Attachments\\2025\\2025-10-06\\Images\\image_20251006_135806_140619565.png','Image','Ears','2025-10-06 14:06:19','OLD PERFORATION, AS'),(57,119,2025,'D:\\ENT_CLINIC_Attachments\\2025\\2025-10-06\\Images\\image_20251006_135825_140619581.png','Image','Ears','2025-10-06 14:06:19','YELLOWISH DISCHARGE WITH DRY CERUMEN, AD'),(58,119,2025,'D:\\ENT_CLINIC_Attachments\\2025\\2025-10-06\\Images\\image_20251006_140259_140619581.png','Image','Ears','2025-10-06 14:06:19','AURAL POLYP, AD'),(59,120,2026,'D:\\ENT_CLINIC_Attachments\\2026\\2025-10-06\\Images\\image_20251006_141158_142045665.png','Image','Ears','2025-10-06 14:20:45','FUNGUS WITH YELLOWISH DISCHARGE, AD'),(60,120,2026,'D:\\ENT_CLINIC_Attachments\\2026\\2025-10-06\\Images\\image_20251006_141210_142045669.png','Image','Ears','2025-10-06 14:20:45','YELLOWISH DISCHARGE, AS'),(61,121,2027,'D:\\ENT_CLINIC_Attachments\\2027\\2025-10-07\\Images\\image_20251007_102148_104006568.png','Image','Nose','2025-10-07 10:40:06','GRADE3 NASAL POLYP RIGHT'),(62,121,2027,'D:\\ENT_CLINIC_Attachments\\2027\\2025-10-07\\Images\\image_20251007_102207_104006583.png','Image','Nose','2025-10-07 10:40:06','GRADE 3 NASAL POLYP LEFT'),(63,122,2028,'D:\\ENT_CLINIC_Attachments\\2028\\2025-10-07\\Images\\image_20251007_104416_105449728.png','Image','(no category)','2025-10-07 10:54:49',''),(64,122,2028,'D:\\ENT_CLINIC_Attachments\\2028\\2025-10-07\\Images\\image_20251007_104422_105449728.png','Image','(no category)','2025-10-07 10:54:49',''),(65,122,2028,'D:\\ENT_CLINIC_Attachments\\2028\\2025-10-07\\Images\\image_20251007_104440_105449743.png','Image','(no category)','2025-10-07 10:54:49',''),(66,122,2028,'D:\\ENT_CLINIC_Attachments\\2028\\2025-10-07\\Images\\image_20251007_104444_105449743.png','Image','(no category)','2025-10-07 10:54:49',''),(67,125,2031,'D:\\ENT_CLINIC_Attachments\\2031\\2025-10-07\\Images\\image_20251007_130101_131051235.png','Image','Ears','2025-10-07 13:10:51','FOREIGN BODY, CLAY AD'),(68,126,2032,'D:\\ENT_CLINIC_Attachments\\2032\\2025-10-07\\Images\\image_20251007_131449_132119319.png','Image','Ears','2025-10-07 13:21:19','YELLOWISH DISCHARGE AD'),(69,126,2032,'D:\\ENT_CLINIC_Attachments\\2032\\2025-10-07\\Images\\image_20251007_131502_132119319.png','Image','Ears','2025-10-07 13:21:19','YELLOWISH DISCHARGE, AS'),(70,127,2033,'D:\\ENT_CLINIC_Attachments\\2033\\2025-10-09\\Images\\image_20251009_110411_111729565.png','Image','(no category)','2025-10-09 11:17:29',''),(71,127,2033,'D:\\ENT_CLINIC_Attachments\\2033\\2025-10-09\\Videos\\video_20251009_110402_111729612.avi','Video','(no category)','2025-10-09 11:17:29',''),(72,128,2035,'D:\\ENT_CLINIC_Attachments\\2035\\2025-10-09\\Images\\image_20251009_112434_112820404.png','Image','(no category)','2025-10-09 11:28:20',''),(73,128,2035,'D:\\ENT_CLINIC_Attachments\\2035\\2025-10-09\\Images\\image_20251009_112711_112820419.png','Image','(no category)','2025-10-09 11:28:20',''),(74,129,2037,'D:\\ENT_CLINIC_Attachments\\2037\\2025-10-09\\Images\\image_20251009_113622_114610385.png','Image','(no category)','2025-10-09 11:46:10',''),(75,129,2037,'D:\\ENT_CLINIC_Attachments\\2037\\2025-10-09\\Images\\image_20251009_113635_114610401.png','Image','(no category)','2025-10-09 11:46:10',''),(76,129,2037,'D:\\ENT_CLINIC_Attachments\\2037\\2025-10-09\\Images\\image_20251009_114346_114610401.png','Image','(no category)','2025-10-09 11:46:10',''),(77,129,2037,'D:\\ENT_CLINIC_Attachments\\2037\\2025-10-09\\Images\\image_20251009_114400_114610401.png','Image','(no category)','2025-10-09 11:46:10',''),(78,130,2034,'D:\\ENT_CLINIC_Attachments\\2034\\2025-10-09\\Images\\image_20251009_114828_115826419.png','Image','(no category)','2025-10-09 11:58:26',''),(79,130,2034,'D:\\ENT_CLINIC_Attachments\\2034\\2025-10-09\\Images\\image_20251009_114831_115826419.png','Image','(no category)','2025-10-09 11:58:26',''),(80,130,2034,'D:\\ENT_CLINIC_Attachments\\2034\\2025-10-09\\Images\\image_20251009_114845_115826435.png','Image','(no category)','2025-10-09 11:58:26',''),(81,130,2034,'D:\\ENT_CLINIC_Attachments\\2034\\2025-10-09\\Images\\image_20251009_115439_115826435.png','Image','(no category)','2025-10-09 11:58:26',''),(82,131,2036,'D:\\ENT_CLINIC_Attachments\\2036\\2025-10-09\\Images\\image_20251009_120550_121316511.png','Image','(no category)','2025-10-09 12:13:16',''),(83,131,2036,'D:\\ENT_CLINIC_Attachments\\2036\\2025-10-09\\Images\\image_20251009_120608_121316526.png','Image','(no category)','2025-10-09 12:13:16',''),(84,131,2036,'D:\\ENT_CLINIC_Attachments\\2036\\2025-10-09\\Images\\image_20251009_121137_121316526.png','Image','(no category)','2025-10-09 12:13:16',''),(85,132,2038,'D:\\ENT_CLINIC_Attachments\\2038\\2025-10-09\\Images\\image_20251009_122047_123325670.png','Image','(no category)','2025-10-09 12:33:25',''),(86,132,2038,'D:\\ENT_CLINIC_Attachments\\2038\\2025-10-09\\Images\\image_20251009_122056_123325670.png','Image','(no category)','2025-10-09 12:33:25',''),(87,132,2038,'D:\\ENT_CLINIC_Attachments\\2038\\2025-10-09\\Images\\image_20251009_122100_123325685.png','Image','(no category)','2025-10-09 12:33:25',''),(88,133,2039,'D:\\ENT_CLINIC_Attachments\\2039\\2025-10-09\\Images\\image_20251009_123801_124234611.png','Image','Ears','2025-10-09 12:42:34','INSECT LEG, AD'),(89,133,2039,'D:\\ENT_CLINIC_Attachments\\2039\\2025-10-09\\Images\\image_20251009_123815_124234626.png','Image','(no category)','2025-10-09 12:42:34',''),(90,135,2040,'D:\\ENT_CLINIC_Attachments\\2040\\2025-10-09\\Images\\image_20251009_133022_133909744.png','Image','(no category)','2025-10-09 13:39:09',''),(91,135,2040,'D:\\ENT_CLINIC_Attachments\\2040\\2025-10-09\\Images\\image_20251009_133035_133909744.png','Image','(no category)','2025-10-09 13:39:09',''),(92,136,2041,'D:\\ENT_CLINIC_Attachments\\2041\\2025-10-09\\Images\\image_20251009_134401_134717131.png','Image','Nose','2025-10-09 13:47:17','GRADE 2 POLYP RIGHT'),(93,136,2041,'D:\\ENT_CLINIC_Attachments\\2041\\2025-10-09\\Images\\image_20251009_134435_134717131.png','Image','(no category)','2025-10-09 13:47:17',''),(94,136,2041,'D:\\ENT_CLINIC_Attachments\\2041\\2025-10-09\\Images\\image_20251009_134438_134717131.png','Image','Nose','2025-10-09 13:47:17','GRADE 2 POLYP LEFT'),(95,137,2043,'D:\\ENT_CLINIC_Attachments\\2043\\2025-10-09\\Images\\image_20251009_135459_135744749.png','Image','Nose','2025-10-09 13:57:44','CONGESTED TURBINATE RIGHT'),(96,137,2043,'D:\\ENT_CLINIC_Attachments\\2043\\2025-10-09\\Images\\image_20251009_135507_135744749.png','Image','Nose','2025-10-09 13:57:44','STICKY YELLOWISH NASAL DISCHARGE'),(97,139,2044,'D:\\ENT_CLINIC_Attachments\\2044\\2025-10-10\\Images\\image_20251010_124821_125709721.png','Image','General','2025-10-10 12:57:09','grade 1 nasal polyp, left'),(98,139,2044,'D:\\ENT_CLINIC_Attachments\\2044\\2025-10-10\\Images\\image_20251010_124824_125709721.png','Image','General','2025-10-10 12:57:09',''),(99,139,2044,'D:\\ENT_CLINIC_Attachments\\2044\\2025-10-10\\Images\\image_20251010_124837_125709721.png','Image','General','2025-10-10 12:57:09',''),(100,141,2049,'D:\\ENT_CLINIC_Attachments\\2049\\2025-10-13\\Images\\image_20251013_111447_111808965.png','Image','General','2025-10-13 11:18:08',''),(101,141,2049,'D:\\ENT_CLINIC_Attachments\\2049\\2025-10-13\\Images\\image_20251013_111500_111808981.png','Image','General','2025-10-13 11:18:08',''),(102,145,2013,'D:\\ENT_CLINIC_Attachments\\2013\\2025-10-13\\Images\\image_20251013_115746_121100571.png','Image','General','2025-10-13 12:11:00',''),(103,145,2013,'D:\\ENT_CLINIC_Attachments\\2013\\2025-10-13\\Images\\image_20251013_115804_121100602.png','Image','General','2025-10-13 12:11:00',''),(104,146,2019,'D:\\ENT_CLINIC_Attachments\\2019\\2025-10-13\\Images\\image_20251013_121333_121847581.png','Image','General','2025-10-13 12:18:47',''),(105,146,2019,'D:\\ENT_CLINIC_Attachments\\2019\\2025-10-13\\Images\\image_20251013_121346_121847597.png','Image','General','2025-10-13 12:18:47',''),(106,147,2052,'D:\\ENT_CLINIC_Attachments\\2052\\2025-10-13\\Images\\image_20251013_122257_123142294.png','Image','General','2025-10-13 12:31:42',''),(107,147,2052,'D:\\ENT_CLINIC_Attachments\\2052\\2025-10-13\\Images\\image_20251013_122317_123142294.png','Image','General','2025-10-13 12:31:42',''),(108,148,2040,'D:\\ENT_CLINIC_Attachments\\2040\\2025-10-13\\Images\\image_20251013_123332_123707584.png','Image','General','2025-10-13 12:37:07',''),(109,150,2054,'D:\\ENT_CLINIC_Attachments\\2054\\2025-10-13\\Images\\image_20251013_140355_141142006.png','Image','General','2025-10-13 14:11:42',''),(110,150,2054,'D:\\ENT_CLINIC_Attachments\\2054\\2025-10-13\\Images\\image_20251013_140405_141142012.png','Image','General','2025-10-13 14:11:42',''),(111,151,2055,'D:\\ENT_CLINIC_Attachments\\2055\\2025-10-13\\Images\\image_20251013_141531_142407938.png','Image','General','2025-10-13 14:24:07',''),(112,151,2055,'D:\\ENT_CLINIC_Attachments\\2055\\2025-10-13\\Images\\image_20251013_141534_142407942.png','Image','General','2025-10-13 14:24:07',''),(113,151,2055,'D:\\ENT_CLINIC_Attachments\\2055\\2025-10-13\\Images\\image_20251013_141546_142407946.png','Image','General','2025-10-13 14:24:07',''),(114,151,2055,'D:\\ENT_CLINIC_Attachments\\2055\\2025-10-13\\Images\\image_20251013_141548_142407950.png','Image','General','2025-10-13 14:24:07',''),(115,151,2055,'D:\\ENT_CLINIC_Attachments\\2055\\2025-10-13\\Images\\image_20251013_141550_142407954.png','Image','General','2025-10-13 14:24:07',''),(116,152,2056,'D:\\ENT_CLINIC_Attachments\\2056\\2025-10-14\\Images\\image_20251014_112247_113300879.png','Image','General','2025-10-14 11:33:00',''),(117,152,2056,'D:\\ENT_CLINIC_Attachments\\2056\\2025-10-14\\Images\\image_20251014_112307_113300894.png','Image','General','2025-10-14 11:33:00',''),(118,152,2056,'D:\\ENT_CLINIC_Attachments\\2056\\2025-10-14\\Images\\image_20251014_112735_113300894.png','Image','General','2025-10-14 11:33:00',''),(119,152,2056,'D:\\ENT_CLINIC_Attachments\\2056\\2025-10-14\\Images\\image_20251014_112737_113300910.png','Image','General','2025-10-14 11:33:00',''),(120,153,2027,'D:\\ENT_CLINIC_Attachments\\2027\\2025-10-14\\Images\\image_20251014_114333_120628066.png','Image','General','2025-10-14 12:06:28',''),(121,153,2027,'D:\\ENT_CLINIC_Attachments\\2027\\2025-10-14\\Images\\image_20251014_114336_120628070.png','Image','General','2025-10-14 12:06:28',''),(122,153,2027,'D:\\ENT_CLINIC_Attachments\\2027\\2025-10-14\\Images\\image_20251014_114341_120628074.png','Image','General','2025-10-14 12:06:28',''),(123,153,2027,'D:\\ENT_CLINIC_Attachments\\2027\\2025-10-14\\Images\\image_20251014_114346_120628078.png','Image','General','2025-10-14 12:06:28',''),(124,154,2057,'D:\\ENT_CLINIC_Attachments\\2057\\2025-10-14\\Images\\image_20251014_120901_121458925.png','Image','General','2025-10-14 12:14:58',''),(125,154,2057,'D:\\ENT_CLINIC_Attachments\\2057\\2025-10-14\\Images\\image_20251014_120922_121458930.png','Image','General','2025-10-14 12:14:58',''),(126,155,2058,'D:\\ENT_CLINIC_Attachments\\2058\\2025-10-14\\Images\\image_20251014_121803_122448819.png','Image','General','2025-10-14 12:24:48',''),(127,155,2058,'D:\\ENT_CLINIC_Attachments\\2058\\2025-10-14\\Images\\image_20251014_121820_122448835.png','Image','General','2025-10-14 12:24:48',''),(128,156,2059,'D:\\ENT_CLINIC_Attachments\\2059\\2025-10-16\\Images\\image_20251016_120429_121615348.png','Image','General','2025-10-16 12:16:15',''),(129,156,2059,'D:\\ENT_CLINIC_Attachments\\2059\\2025-10-16\\Images\\image_20251016_120439_121615395.png','Image','General','2025-10-16 12:16:15',''),(130,156,2059,'D:\\ENT_CLINIC_Attachments\\2059\\2025-10-16\\Images\\image_20251016_120918_121615395.png','Image','General','2025-10-16 12:16:15',''),(131,158,2061,'D:\\ENT_CLINIC_Attachments\\2061\\2025-10-16\\Images\\image_20251016_122754_124042135.png','Image','General','2025-10-16 12:40:42',''),(132,158,2061,'D:\\ENT_CLINIC_Attachments\\2061\\2025-10-16\\Images\\image_20251016_122812_124042135.png','Image','General','2025-10-16 12:40:42',''),(133,159,2062,'D:\\ENT_CLINIC_Attachments\\2062\\2025-10-16\\Images\\image_20251016_124150_124631828.png','Image','General','2025-10-16 12:46:31',''),(134,159,2062,'D:\\ENT_CLINIC_Attachments\\2062\\2025-10-16\\Images\\image_20251016_124155_124631828.png','Image','General','2025-10-16 12:46:31',''),(135,159,2062,'D:\\ENT_CLINIC_Attachments\\2062\\2025-10-16\\Images\\image_20251016_124222_124631828.png','Image','General','2025-10-16 12:46:31',''),(136,167,2013,'D:\\ENT_CLINIC_Attachments\\2013\\2025-10-18\\Images\\image_20251018_114604_114900572.png','Image','General','2025-10-18 11:49:00',''),(137,167,2013,'D:\\ENT_CLINIC_Attachments\\2013\\2025-10-18\\Images\\image_20251018_114607_114900587.png','Image','General','2025-10-18 11:49:00',''),(138,167,2013,'D:\\ENT_CLINIC_Attachments\\2013\\2025-10-18\\Images\\image_20251018_114613_114900587.png','Image','General','2025-10-18 11:49:00',''),(152,247,2073,'D:\\ENT_CLINIC_Attachments\\2073\\2025-10-20\\Images\\image_20251020_124846_125019320.png','Image','General','2025-10-20 12:50:19',''),(153,247,2073,'D:\\ENT_CLINIC_Attachments\\2073\\2025-10-20\\Images\\image_20251020_124858_125019320.png','Image','General','2025-10-20 12:50:19',''),(156,250,2077,'D:\\ENT_CLINIC_Attachments\\2077\\2025-10-20\\Images\\image_20251020_131201_131516624.png','Image','General','2025-10-20 13:15:16',''),(157,250,2077,'D:\\ENT_CLINIC_Attachments\\2077\\2025-10-20\\Images\\image_20251020_131214_131516655.png','Image','General','2025-10-20 13:15:16',''),(158,252,2074,'D:\\ENT_CLINIC_Attachments\\2074\\2025-10-20\\Images\\image_20251020_133442_134200824.png','Image','General','2025-10-20 13:42:00',''),(159,252,2074,'D:\\ENT_CLINIC_Attachments\\2074\\2025-10-20\\Images\\image_20251020_133453_134200840.png','Image','General','2025-10-20 13:42:00',''),(160,253,2078,'D:\\ENT_CLINIC_Attachments\\2078\\2025-10-20\\Images\\image_20251020_134317_134738370.png','Image','General','2025-10-20 13:47:38',''),(161,253,2078,'D:\\ENT_CLINIC_Attachments\\2078\\2025-10-20\\Images\\image_20251020_134332_134738386.png','Image','General','2025-10-20 13:47:38',''),(162,256,2080,'D:\\ENT_CLINIC_Attachments\\2080\\2025-10-21\\Images\\image_20251021_140424_140857022.png','Image','General','2025-10-21 14:08:57',''),(163,256,2080,'D:\\ENT_CLINIC_Attachments\\2080\\2025-10-21\\Images\\image_20251021_140436_140857037.png','Image','General','2025-10-21 14:08:57',''),(164,256,2080,'D:\\ENT_CLINIC_Attachments\\2080\\2025-10-21\\Images\\image_20251021_140448_140857037.png','Image','General','2025-10-21 14:08:57',''),(165,258,2056,'D:\\ENT_CLINIC_Attachments\\2056\\2025-10-21\\Images\\image_20251021_141253_141738159.png','Image','General','2025-10-21 14:17:38',''),(166,259,2081,'D:\\ENT_CLINIC_Attachments\\2081\\2025-10-21\\Images\\image_20251021_142007_142608444.png','Image','General','2025-10-21 14:26:08',''),(167,259,2081,'D:\\ENT_CLINIC_Attachments\\2081\\2025-10-21\\Images\\image_20251021_142020_142608444.png','Image','General','2025-10-21 14:26:08',''),(168,260,2082,'D:\\ENT_CLINIC_Attachments\\2082\\2025-10-21\\Images\\image_20251021_143342_143847129.png','Image','General','2025-10-21 14:38:47',''),(169,260,2082,'D:\\ENT_CLINIC_Attachments\\2082\\2025-10-21\\Images\\image_20251021_143354_143847129.png','Image','General','2025-10-21 14:38:47',''),(170,261,2084,'D:\\ENT_CLINIC_Attachments\\2084\\2025-10-21\\Images\\image_20251021_144451_145205022.png','Image','General','2025-10-21 14:52:05',''),(171,261,2084,'D:\\ENT_CLINIC_Attachments\\2084\\2025-10-21\\Images\\image_20251021_144507_145205022.png','Image','General','2025-10-21 14:52:05',''),(172,262,2085,'D:\\ENT_CLINIC_Attachments\\2085\\2025-10-21\\Images\\image_20251021_145617_150108051.png','Image','General','2025-10-21 15:01:08',''),(173,262,2085,'D:\\ENT_CLINIC_Attachments\\2085\\2025-10-21\\Images\\image_20251021_145631_150108051.png','Image','General','2025-10-21 15:01:08',''),(174,269,2088,'D:\\ENT_CLINIC_Attachments\\2088\\2025-10-23\\Images\\image_20251023_115222_120331033.png','Image','General','2025-10-23 12:03:31',''),(175,269,2088,'D:\\ENT_CLINIC_Attachments\\2088\\2025-10-23\\Images\\image_20251023_115239_120331038.png','Image','General','2025-10-23 12:03:31',''),(176,269,2088,'D:\\ENT_CLINIC_Attachments\\2088\\2025-10-23\\Images\\image_20251023_115727_120331043.png','Image','General','2025-10-23 12:03:31',''),(177,270,2090,'D:\\ENT_CLINIC_Attachments\\2090\\2025-10-23\\Images\\image_20251023_120924_121721071.png','Image','General','2025-10-23 12:17:21',''),(178,270,2090,'D:\\ENT_CLINIC_Attachments\\2090\\2025-10-23\\Images\\image_20251023_120936_121721076.png','Image','General','2025-10-23 12:17:21',''),(179,270,2090,'D:\\ENT_CLINIC_Attachments\\2090\\2025-10-23\\Images\\image_20251023_121319_121721080.png','Image','General','2025-10-23 12:17:21',''),(180,271,2091,'D:\\ENT_CLINIC_Attachments\\2091\\2025-10-23\\Images\\image_20251023_130147_130344121.png','Image','General','2025-10-23 13:03:44',''),(181,271,2091,'D:\\ENT_CLINIC_Attachments\\2091\\2025-10-23\\Images\\image_20251023_130158_130344159.png','Image','General','2025-10-23 13:03:44',''),(182,271,2091,'D:\\ENT_CLINIC_Attachments\\2091\\2025-10-23\\Images\\image_20251023_130213_130344163.png','Image','General','2025-10-23 13:03:44',''),(183,272,2092,'D:\\ENT_CLINIC_Attachments\\2092\\2025-10-23\\Images\\image_20251023_131236_131533880.png','Image','General','2025-10-23 13:15:33',''),(184,272,2092,'D:\\ENT_CLINIC_Attachments\\2092\\2025-10-23\\Images\\image_20251023_131252_131533884.png','Image','General','2025-10-23 13:15:33',''),(185,274,2074,'D:\\ENT_CLINIC_Attachments\\2074\\2025-10-23\\Images\\image_20251023_135314_135806578.png','Image','General','2025-10-23 13:58:06',''),(186,274,2074,'D:\\ENT_CLINIC_Attachments\\2074\\2025-10-23\\Images\\image_20251023_135325_135806582.png','Image','General','2025-10-23 13:58:06',''),(187,277,2093,'D:\\ENT_CLINIC_Attachments\\2093\\2025-10-24\\Images\\image_20251024_114231_114706931.png','Image','General','2025-10-24 11:47:06',''),(188,277,2093,'D:\\ENT_CLINIC_Attachments\\2093\\2025-10-24\\Images\\image_20251024_114245_114706936.png','Image','General','2025-10-24 11:47:06',''),(189,278,2094,'D:\\ENT_CLINIC_Attachments\\2094\\2025-10-24\\Images\\image_20251024_115212_120015750.png','Image','General','2025-10-24 12:00:15',''),(190,278,2094,'D:\\ENT_CLINIC_Attachments\\2094\\2025-10-24\\Images\\image_20251024_115227_120015750.png','Image','General','2025-10-24 12:00:15',''),(191,278,2094,'D:\\ENT_CLINIC_Attachments\\2094\\2025-10-24\\Images\\image_20251024_115231_120015766.png','Image','General','2025-10-24 12:00:15',''),(192,278,2094,'D:\\ENT_CLINIC_Attachments\\2094\\2025-10-24\\Images\\image_20251024_115715_120015766.png','Image','General','2025-10-24 12:00:15',''),(193,278,2094,'D:\\ENT_CLINIC_Attachments\\2094\\2025-10-24\\Images\\image_20251024_115734_120015766.png','Image','General','2025-10-24 12:00:15',''),(194,279,2013,'D:\\ENT_CLINIC_Attachments\\2013\\2025-10-24\\Images\\image_20251024_120725_120846263.png','Image','General','2025-10-24 12:08:46',''),(195,279,2013,'D:\\ENT_CLINIC_Attachments\\2013\\2025-10-24\\Images\\image_20251024_120733_120846263.png','Image','General','2025-10-24 12:08:46',''),(196,279,2013,'D:\\ENT_CLINIC_Attachments\\2013\\2025-10-24\\Images\\image_20251024_120748_120846279.png','Image','General','2025-10-24 12:08:46',''),(197,279,2013,'D:\\ENT_CLINIC_Attachments\\2013\\2025-10-24\\Images\\image_20251024_120750_120846279.png','Image','General','2025-10-24 12:08:46',''),(198,280,2095,'D:\\ENT_CLINIC_Attachments\\2095\\2025-10-24\\Images\\image_20251024_130715_131304382.png','Image','General','2025-10-24 13:13:04',''),(199,280,2095,'D:\\ENT_CLINIC_Attachments\\2095\\2025-10-24\\Images\\image_20251024_130731_131304387.png','Image','General','2025-10-24 13:13:04',''),(200,281,2096,'D:\\ENT_CLINIC_Attachments\\2096\\2025-10-25\\Images\\image_20251025_104814_105021887.png','Image','General','2025-10-25 10:50:21',''),(201,281,2096,'D:\\ENT_CLINIC_Attachments\\2096\\2025-10-25\\Images\\image_20251025_104839_105021892.png','Image','General','2025-10-25 10:50:21',''),(202,282,2098,'D:\\ENT_CLINIC_Attachments\\2098\\2025-10-25\\Images\\image_20251025_105449_110205846.png','Image','General','2025-10-25 11:02:05',''),(203,282,2098,'D:\\ENT_CLINIC_Attachments\\2098\\2025-10-25\\Images\\image_20251025_105502_110205846.png','Image','General','2025-10-25 11:02:05',''),(204,282,2098,'D:\\ENT_CLINIC_Attachments\\2098\\2025-10-25\\Images\\image_20251025_110010_110205851.png','Image','General','2025-10-25 11:02:05',''),(205,283,2009,'D:\\ENT_CLINIC_Attachments\\2009\\2025-10-25\\Images\\image_20251025_110614_111157671.png','Image','General','2025-10-25 11:11:57',''),(206,283,2009,'D:\\ENT_CLINIC_Attachments\\2009\\2025-10-25\\Images\\image_20251025_110622_111157671.png','Image','General','2025-10-25 11:11:57',''),(207,283,2009,'D:\\ENT_CLINIC_Attachments\\2009\\2025-10-25\\Images\\image_20251025_110635_111157676.png','Image','General','2025-10-25 11:11:57',''),(208,283,2009,'D:\\ENT_CLINIC_Attachments\\2009\\2025-10-25\\Images\\image_20251025_110946_111157681.png','Image','General','2025-10-25 11:11:57',''),(209,284,2099,'D:\\ENT_CLINIC_Attachments\\2099\\2025-10-25\\Images\\image_20251025_112027_112757704.png','Image','General','2025-10-25 11:27:57',''),(210,284,2099,'D:\\ENT_CLINIC_Attachments\\2099\\2025-10-25\\Images\\image_20251025_112034_112757709.png','Image','General','2025-10-25 11:27:57',''),(211,285,2100,'D:\\ENT_CLINIC_Attachments\\2100\\2025-10-25\\Images\\image_20251025_113142_113314479.png','Image','General','2025-10-25 11:33:14',''),(212,285,2100,'D:\\ENT_CLINIC_Attachments\\2100\\2025-10-25\\Images\\image_20251025_113203_113314484.png','Image','General','2025-10-25 11:33:14',''),(213,286,2044,'D:\\ENT_CLINIC_Attachments\\2044\\2025-10-25\\Images\\image_20251025_113843_114417340.png','Image','General','2025-10-25 11:44:17',''),(214,286,2044,'D:\\ENT_CLINIC_Attachments\\2044\\2025-10-25\\Images\\image_20251025_113847_114417345.png','Image','General','2025-10-25 11:44:17',''),(215,286,2044,'D:\\ENT_CLINIC_Attachments\\2044\\2025-10-25\\Images\\image_20251025_113856_114417350.png','Image','General','2025-10-25 11:44:17',''),(216,286,2044,'D:\\ENT_CLINIC_Attachments\\2044\\2025-10-25\\Images\\image_20251025_113904_114417355.png','Image','General','2025-10-25 11:44:17',''),(217,286,2044,'D:\\ENT_CLINIC_Attachments\\2044\\2025-10-25\\Images\\image_20251025_113922_114417360.png','Image','General','2025-10-25 11:44:17',''),(218,287,2101,'D:\\ENT_CLINIC_Attachments\\2101\\2025-10-25\\Images\\image_20251025_115502_120051248.png','Image','General','2025-10-25 12:00:51',''),(219,287,2101,'D:\\ENT_CLINIC_Attachments\\2101\\2025-10-25\\Images\\image_20251025_115515_120051253.png','Image','General','2025-10-25 12:00:51',''),(220,287,2101,'D:\\ENT_CLINIC_Attachments\\2101\\2025-10-25\\Images\\image_20251025_115913_120051258.png','Image','General','2025-10-25 12:00:51',''),(221,288,2102,'D:\\ENT_CLINIC_Attachments\\2102\\2025-10-25\\Images\\image_20251025_121959_122244668.png','Image','General','2025-10-25 12:22:44',''),(222,288,2102,'D:\\ENT_CLINIC_Attachments\\2102\\2025-10-25\\Images\\image_20251025_122028_122244673.png','Image','General','2025-10-25 12:22:44',''),(223,290,2109,'\\\\Clinic\\ENT_CLINIC_Attachments\\2109\\2025-10-27\\Images\\image_20251027_110156_112416272.png','Image','General','2025-10-27 11:24:16',''),(224,290,2109,'\\\\Clinic\\ENT_CLINIC_Attachments\\2109\\2025-10-27\\Images\\image_20251027_110208_112416288.png','Image','General','2025-10-27 11:24:16',''),(225,290,2109,'\\\\Clinic\\ENT_CLINIC_Attachments\\2109\\2025-10-27\\Images\\image_20251027_112311_112416304.png','Image','General','2025-10-27 11:24:16',''),(226,290,2109,'\\\\Clinic\\ENT_CLINIC_Attachments\\2109\\2025-10-27\\Images\\image_20251027_112321_112416335.png','Image','General','2025-10-27 11:24:16',''),(227,292,2108,'\\\\Clinic\\ENT_CLINIC_Attachments\\2108\\2025-10-27\\Images\\image_20251027_113020_113605096.png','Image','General','2025-10-27 11:36:05',''),(228,292,2108,'\\\\Clinic\\ENT_CLINIC_Attachments\\2108\\2025-10-27\\Images\\image_20251027_113022_113605127.png','Image','General','2025-10-27 11:36:05',''),(229,292,2108,'\\\\Clinic\\ENT_CLINIC_Attachments\\2108\\2025-10-27\\Images\\image_20251027_113035_113605143.png','Image','General','2025-10-27 11:36:05',''),(230,293,2073,'\\\\Clinic\\ENT_CLINIC_Attachments\\2073\\2025-10-27\\Images\\image_20251027_113949_114535042.png','Image','General','2025-10-27 11:45:35',''),(231,293,2073,'\\\\Clinic\\ENT_CLINIC_Attachments\\2073\\2025-10-27\\Images\\image_20251027_114000_114535058.png','Image','General','2025-10-27 11:45:35',''),(232,293,2073,'\\\\Clinic\\ENT_CLINIC_Attachments\\2073\\2025-10-27\\Images\\image_20251027_114004_114535089.png','Image','General','2025-10-27 11:45:35',''),(233,293,2073,'\\\\Clinic\\ENT_CLINIC_Attachments\\2073\\2025-10-27\\Images\\image_20251027_114339_114535105.png','Image','General','2025-10-27 11:45:35',''),(234,293,2073,'\\\\Clinic\\ENT_CLINIC_Attachments\\2073\\2025-10-27\\Images\\image_20251027_114351_114535120.png','Image','General','2025-10-27 11:45:35',''),(235,294,2113,'\\\\Clinic\\ENT_CLINIC_Attachments\\2113\\2025-10-27\\Images\\image_20251027_114951_115951735.png','Image','General','2025-10-27 11:59:51',''),(236,294,2113,'\\\\Clinic\\ENT_CLINIC_Attachments\\2113\\2025-10-27\\Images\\image_20251027_115010_115951751.png','Image','General','2025-10-27 11:59:51',''),(237,294,2113,'\\\\Clinic\\ENT_CLINIC_Attachments\\2113\\2025-10-27\\Images\\image_20251027_115547_115951782.png','Image','General','2025-10-27 11:59:51',''),(238,294,2113,'\\\\Clinic\\ENT_CLINIC_Attachments\\2113\\2025-10-27\\Images\\image_20251027_115551_115951798.png','Image','General','2025-10-27 11:59:51',''),(239,295,2111,'\\\\Clinic\\ENT_CLINIC_Attachments\\2111\\2025-10-27\\Images\\image_20251027_120339_120736115.png','Image','General','2025-10-27 12:07:36',''),(240,295,2111,'\\\\Clinic\\ENT_CLINIC_Attachments\\2111\\2025-10-27\\Images\\image_20251027_120354_120736146.png','Image','General','2025-10-27 12:07:36',''),(241,297,2046,'\\\\Clinic\\ENT_CLINIC_Attachments\\2046\\2025-10-27\\Images\\image_20251027_122719_122833444.png','Image','General','2025-10-27 12:28:33',''),(242,297,2046,'\\\\Clinic\\ENT_CLINIC_Attachments\\2046\\2025-10-27\\Images\\image_20251027_122722_122833491.png','Image','General','2025-10-27 12:28:33',''),(243,298,2049,'\\\\Clinic\\ENT_CLINIC_Attachments\\2049\\2025-10-27\\Images\\image_20251027_131016_131420087.png','Image','General','2025-10-27 13:14:20',''),(244,298,2049,'\\\\Clinic\\ENT_CLINIC_Attachments\\2049\\2025-10-27\\Images\\image_20251027_131027_131420102.png','Image','General','2025-10-27 13:14:20',''),(245,299,2067,'\\\\Clinic\\ENT_CLINIC_Attachments\\2067\\2025-10-27\\Images\\image_20251027_132049_132957546.png','Image','General','2025-10-27 13:29:57',''),(246,299,2067,'\\\\Clinic\\ENT_CLINIC_Attachments\\2067\\2025-10-27\\Images\\image_20251027_132108_132957561.png','Image','General','2025-10-27 13:29:57',''),(247,299,2067,'\\\\Clinic\\ENT_CLINIC_Attachments\\2067\\2025-10-27\\Images\\image_20251027_132528_132957577.png','Image','General','2025-10-27 13:29:57',''),(248,299,2067,'\\\\Clinic\\ENT_CLINIC_Attachments\\2067\\2025-10-27\\Images\\image_20251027_132544_132957593.png','Image','General','2025-10-27 13:29:57',''),(249,299,2067,'\\\\Clinic\\ENT_CLINIC_Attachments\\2067\\2025-10-27\\Images\\image_20251027_132742_132957608.png','Image','General','2025-10-27 13:29:57',''),(250,300,2114,'\\\\Clinic\\ENT_CLINIC_Attachments\\2114\\2025-10-27\\Images\\image_20251027_134250_135130314.png','Image','General','2025-10-27 13:51:30',''),(251,300,2114,'\\\\Clinic\\ENT_CLINIC_Attachments\\2114\\2025-10-27\\Images\\image_20251027_134311_135130345.png','Image','General','2025-10-27 13:51:30',''),(252,300,2114,'\\\\Clinic\\ENT_CLINIC_Attachments\\2114\\2025-10-27\\Images\\image_20251027_134821_135130361.png','Image','General','2025-10-27 13:51:30',''),(253,301,2115,'\\\\Clinic\\ENT_CLINIC_Attachments\\2115\\2025-10-27\\Images\\image_20251027_135857_140637201.png','Image','General','2025-10-27 14:06:37',''),(254,301,2115,'\\\\Clinic\\ENT_CLINIC_Attachments\\2115\\2025-10-27\\Images\\image_20251027_135919_140637217.png','Image','General','2025-10-27 14:06:37',''),(255,301,2115,'\\\\Clinic\\ENT_CLINIC_Attachments\\2115\\2025-10-27\\Images\\image_20251027_140436_140637248.png','Image','General','2025-10-27 14:06:37',''),(256,302,2116,'\\\\Clinic\\ENT_CLINIC_Attachments\\2116\\2025-10-27\\Images\\image_20251027_141343_141605610.png','Image','General','2025-10-27 14:16:05',''),(257,302,2116,'\\\\Clinic\\ENT_CLINIC_Attachments\\2116\\2025-10-27\\Images\\image_20251027_141358_141605626.png','Image','General','2025-10-27 14:16:05',''),(258,302,2116,'\\\\Clinic\\ENT_CLINIC_Attachments\\2116\\2025-10-27\\Images\\image_20251027_141409_141605641.png','Image','General','2025-10-27 14:16:05',''),(259,305,2118,'\\\\Clinic\\ENT_CLINIC_Attachments\\2118\\2025-10-27\\Images\\image_20251027_143609_143853468.png','Image','General','2025-10-27 14:38:53',''),(260,305,2118,'\\\\Clinic\\ENT_CLINIC_Attachments\\2118\\2025-10-27\\Images\\image_20251027_143622_143853483.png','Image','General','2025-10-27 14:38:53',''),(261,306,2129,'\\\\Clinic\\ENT_CLINIC_Attachments\\2129\\2025-10-28\\Images\\image_20251028_120146_120640331.png','Image','General','2025-10-28 12:06:40',''),(262,306,2129,'\\\\Clinic\\ENT_CLINIC_Attachments\\2129\\2025-10-28\\Images\\image_20251028_120159_120640353.png','Image','General','2025-10-28 12:06:40',''),(263,307,2095,'\\\\Clinic\\ENT_CLINIC_Attachments\\2095\\2025-10-28\\Images\\image_20251028_121153_121938102.png','Image','General','2025-10-28 12:19:38',''),(264,307,2095,'\\\\Clinic\\ENT_CLINIC_Attachments\\2095\\2025-10-28\\Images\\image_20251028_121239_121938117.png','Image','General','2025-10-28 12:19:38',''),(265,307,2095,'\\\\Clinic\\ENT_CLINIC_Attachments\\2095\\2025-10-28\\Images\\image_20251028_121802_121938133.png','Image','General','2025-10-28 12:19:38',''),(266,308,2131,'\\\\Clinic\\ENT_CLINIC_Attachments\\2131\\2025-10-28\\Images\\image_20251028_122147_122839757.png','Image','General','2025-10-28 12:28:39',''),(267,308,2131,'\\\\Clinic\\ENT_CLINIC_Attachments\\2131\\2025-10-28\\Images\\image_20251028_122215_122839788.png','Image','General','2025-10-28 12:28:39',''),(268,308,2131,'\\\\Clinic\\ENT_CLINIC_Attachments\\2131\\2025-10-28\\Images\\image_20251028_122220_122839804.png','Image','General','2025-10-28 12:28:39',''),(269,308,2131,'\\\\Clinic\\ENT_CLINIC_Attachments\\2131\\2025-10-28\\Images\\image_20251028_122641_122839820.png','Image','General','2025-10-28 12:28:39',''),(270,308,2131,'\\\\Clinic\\ENT_CLINIC_Attachments\\2131\\2025-10-28\\Images\\image_20251028_122646_122839835.png','Image','General','2025-10-28 12:28:39',''),(271,309,2132,'\\\\Clinic\\ENT_CLINIC_Attachments\\2132\\2025-10-28\\Images\\image_20251028_123209_124116011.png','Image','General','2025-10-28 12:41:16',''),(272,309,2132,'\\\\Clinic\\ENT_CLINIC_Attachments\\2132\\2025-10-28\\Images\\image_20251028_123213_124116042.png','Image','General','2025-10-28 12:41:16',''),(273,309,2132,'\\\\Clinic\\ENT_CLINIC_Attachments\\2132\\2025-10-28\\Images\\image_20251028_123223_124116058.png','Image','General','2025-10-28 12:41:16',''),(274,309,2132,'\\\\Clinic\\ENT_CLINIC_Attachments\\2132\\2025-10-28\\Images\\image_20251028_123826_124116073.png','Image','General','2025-10-28 12:41:16',''),(275,310,2080,'\\\\Clinic\\ENT_CLINIC_Attachments\\2080\\2025-10-28\\Images\\image_20251028_124640_125217744.png','Image','General','2025-10-28 12:52:17',''),(276,310,2080,'\\\\Clinic\\ENT_CLINIC_Attachments\\2080\\2025-10-28\\Images\\image_20251028_124650_125217776.png','Image','General','2025-10-28 12:52:17',''),(277,310,2080,'\\\\Clinic\\ENT_CLINIC_Attachments\\2080\\2025-10-28\\Images\\image_20251028_124953_125217791.png','Image','General','2025-10-28 12:52:17',''),(278,311,2054,'\\\\Clinic\\ENT_CLINIC_Attachments\\2054\\2025-10-28\\Images\\image_20251028_132932_133329576.png','Image','General','2025-10-28 13:33:29',''),(279,311,2054,'\\\\Clinic\\ENT_CLINIC_Attachments\\2054\\2025-10-28\\Images\\image_20251028_132949_133329607.png','Image','General','2025-10-28 13:33:29',''),(280,312,2133,'\\\\Clinic\\ENT_CLINIC_Attachments\\2133\\2025-10-28\\Images\\image_20251028_134449_135046259.png','Image','General','2025-10-28 13:50:46',''),(281,312,2133,'\\\\Clinic\\ENT_CLINIC_Attachments\\2133\\2025-10-28\\Images\\image_20251028_134501_135046275.png','Image','General','2025-10-28 13:50:46',''),(282,312,2133,'\\\\Clinic\\ENT_CLINIC_Attachments\\2133\\2025-10-28\\Images\\image_20251028_134832_135046306.png','Image','General','2025-10-28 13:50:46',''),(283,312,2133,'\\\\Clinic\\ENT_CLINIC_Attachments\\2133\\2025-10-28\\Images\\image_20251028_134842_135046322.png','Image','General','2025-10-28 13:50:46',''),(284,313,2134,'\\\\Clinic\\ENT_CLINIC_Attachments\\2134\\2025-10-28\\Images\\image_20251028_135458_140218331.png','Image','General','2025-10-28 14:02:18',''),(285,313,2134,'\\\\Clinic\\ENT_CLINIC_Attachments\\2134\\2025-10-28\\Images\\image_20251028_135508_140218347.png','Image','General','2025-10-28 14:02:18',''),(286,313,2134,'\\\\Clinic\\ENT_CLINIC_Attachments\\2134\\2025-10-28\\Images\\image_20251028_135830_140218378.png','Image','General','2025-10-28 14:02:18',''),(287,314,2139,'\\\\Clinic\\ENT_CLINIC_Attachments\\2139\\2025-10-30\\Images\\image_20251030_111904_112139764.png','Image','General','2025-10-30 11:21:39',''),(288,314,2139,'\\\\Clinic\\ENT_CLINIC_Attachments\\2139\\2025-10-30\\Images\\image_20251030_111919_112139827.png','Image','General','2025-10-30 11:21:39',''),(289,315,2108,'\\\\Clinic\\ENT_CLINIC_Attachments\\2108\\2025-10-30\\Images\\image_20251030_112941_113624894.png','Image','General','2025-10-30 11:36:24',''),(290,315,2108,'\\\\Clinic\\ENT_CLINIC_Attachments\\2108\\2025-10-30\\Images\\image_20251030_112955_113624910.png','Image','General','2025-10-30 11:36:24',''),(291,315,2108,'\\\\Clinic\\ENT_CLINIC_Attachments\\2108\\2025-10-30\\Images\\image_20251030_113342_113624925.png','Image','General','2025-10-30 11:36:24',''),(292,316,2141,'\\\\Clinic\\ENT_CLINIC_Attachments\\2141\\2025-10-30\\Images\\image_20251030_113759_114111615.png','Image','General','2025-10-30 11:41:11',''),(293,316,2141,'\\\\Clinic\\ENT_CLINIC_Attachments\\2141\\2025-10-30\\Images\\image_20251030_113812_114111646.png','Image','General','2025-10-30 11:41:11',''),(294,318,2142,'\\\\Clinic\\ENT_CLINIC_Attachments\\2142\\2025-10-30\\Images\\image_20251030_120057_121510520.png','Image','General','2025-10-30 12:15:10',''),(295,318,2142,'\\\\Clinic\\ENT_CLINIC_Attachments\\2142\\2025-10-30\\Images\\image_20251030_120111_121510551.png','Image','General','2025-10-30 12:15:10',''),(296,318,2142,'\\\\Clinic\\ENT_CLINIC_Attachments\\2142\\2025-10-30\\Images\\image_20251030_120658_121510567.png','Image','General','2025-10-30 12:15:10',''),(297,318,2142,'\\\\Clinic\\ENT_CLINIC_Attachments\\2142\\2025-10-30\\Images\\image_20251030_121241_121510582.png','Image','General','2025-10-30 12:15:10',''),(298,319,2143,'\\\\Clinic\\ENT_CLINIC_Attachments\\2143\\2025-10-30\\Images\\image_20251030_121848_122339819.png','Image','General','2025-10-30 12:23:39',''),(299,319,2143,'\\\\Clinic\\ENT_CLINIC_Attachments\\2143\\2025-10-30\\Images\\image_20251030_121900_122339850.png','Image','General','2025-10-30 12:23:39',''),(300,321,2144,'\\\\Clinic\\ENT_CLINIC_Attachments\\2144\\2025-10-30\\Images\\image_20251030_123819_125034699.png','Image','General','2025-10-30 12:50:34',''),(301,321,2144,'\\\\Clinic\\ENT_CLINIC_Attachments\\2144\\2025-10-30\\Images\\image_20251030_123834_125034714.png','Image','General','2025-10-30 12:50:34',''),(302,321,2144,'\\\\Clinic\\ENT_CLINIC_Attachments\\2144\\2025-10-30\\Images\\image_20251030_124757_125034745.png','Image','General','2025-10-30 12:50:34',''),(303,323,2147,'\\\\Clinic\\ENT_CLINIC_Attachments\\2147\\2025-10-30\\Images\\image_20251030_134249_135951810.png','Image','General','2025-10-30 13:59:51',''),(304,323,2147,'\\\\Clinic\\ENT_CLINIC_Attachments\\2147\\2025-10-30\\Images\\image_20251030_134306_135951826.png','Image','General','2025-10-30 13:59:51',''),(305,323,2147,'\\\\Clinic\\ENT_CLINIC_Attachments\\2147\\2025-10-30\\Images\\image_20251030_135359_135951841.png','Image','General','2025-10-30 13:59:51',''),(306,323,2147,'\\\\Clinic\\ENT_CLINIC_Attachments\\2147\\2025-10-30\\Images\\image_20251030_135632_135951857.png','Image','General','2025-10-30 13:59:51',''),(307,325,2148,'\\\\Clinic\\ENT_CLINIC_Attachments\\2148\\2025-10-30\\Images\\image_20251030_140415_140925149.png','Image','General','2025-10-30 14:09:25',''),(308,325,2148,'\\\\Clinic\\ENT_CLINIC_Attachments\\2148\\2025-10-30\\Images\\image_20251030_140428_140925165.png','Image','General','2025-10-30 14:09:25',''),(309,326,2150,'\\\\Clinic\\ENT_CLINIC_Attachments\\2150\\2025-11-03\\Images\\image_20251103_124917_125635659.png','Image','General','2025-11-03 12:56:35',''),(310,326,2150,'\\\\Clinic\\ENT_CLINIC_Attachments\\2150\\2025-11-03\\Images\\image_20251103_124930_125635674.png','Image','General','2025-11-03 12:56:35',''),(311,326,2150,'\\\\Clinic\\ENT_CLINIC_Attachments\\2150\\2025-11-03\\Images\\image_20251103_124933_125635690.png','Image','General','2025-11-03 12:56:35',''),(312,326,2150,'\\\\Clinic\\ENT_CLINIC_Attachments\\2150\\2025-11-03\\Images\\image_20251103_125309_125635706.png','Image','General','2025-11-03 12:56:35',''),(313,327,2113,'\\\\Clinic\\ENT_CLINIC_Attachments\\2113\\2025-11-03\\Images\\image_20251103_130459_130655982.png','Image','General','2025-11-03 13:06:55',''),(314,327,2113,'\\\\Clinic\\ENT_CLINIC_Attachments\\2113\\2025-11-03\\Images\\image_20251103_130514_130655997.png','Image','General','2025-11-03 13:06:56',''),(315,328,2112,'\\\\Clinic\\ENT_CLINIC_Attachments\\2112\\2025-11-03\\Images\\image_20251103_131218_131610214.png','Image','General','2025-11-03 13:16:10',''),(316,328,2112,'\\\\Clinic\\ENT_CLINIC_Attachments\\2112\\2025-11-03\\Images\\image_20251103_131233_131610245.png','Image','General','2025-11-03 13:16:10',''),(317,329,2081,'\\\\Clinic\\ENT_CLINIC_Attachments\\2081\\2025-11-03\\Images\\image_20251103_132134_132729575.png','Image','General','2025-11-03 13:27:29',''),(318,329,2081,'\\\\Clinic\\ENT_CLINIC_Attachments\\2081\\2025-11-03\\Images\\image_20251103_132158_132729590.png','Image','General','2025-11-03 13:27:29',''),(319,329,2081,'\\\\Clinic\\ENT_CLINIC_Attachments\\2081\\2025-11-03\\Images\\image_20251103_132539_132729622.png','Image','General','2025-11-03 13:27:29',''),(320,330,2151,'\\\\Clinic\\ENT_CLINIC_Attachments\\2151\\2025-11-03\\Images\\image_20251103_133428_133601597.png','Image','General','2025-11-03 13:36:01',''),(321,330,2151,'\\\\Clinic\\ENT_CLINIC_Attachments\\2151\\2025-11-03\\Images\\image_20251103_133444_133601629.png','Image','General','2025-11-03 13:36:01',''),(322,332,2153,'\\\\Clinic\\ENT_CLINIC_Attachments\\2153\\2025-11-03\\Images\\image_20251103_140535_141150448.png','Image','General','2025-11-03 14:11:50',''),(323,332,2153,'\\\\Clinic\\ENT_CLINIC_Attachments\\2153\\2025-11-03\\Images\\image_20251103_140547_141150464.png','Image','General','2025-11-03 14:11:50',''),(324,332,2153,'\\\\Clinic\\ENT_CLINIC_Attachments\\2153\\2025-11-03\\Images\\image_20251103_140932_141150480.png','Image','General','2025-11-03 14:11:50',''),(325,332,2153,'\\\\Clinic\\ENT_CLINIC_Attachments\\2153\\2025-11-03\\Images\\image_20251103_140935_141150495.png','Image','General','2025-11-03 14:11:50',''),(326,333,2155,'\\\\Clinic\\ENT_CLINIC_Attachments\\2155\\2025-11-06\\Images\\image_20251106_111203_111336343.png','Image','General','2025-11-06 11:13:36',''),(327,333,2155,'\\\\Clinic\\ENT_CLINIC_Attachments\\2155\\2025-11-06\\Images\\image_20251106_111214_111336374.png','Image','General','2025-11-06 11:13:36',''),(328,335,2129,'\\\\Clinic\\ENT_CLINIC_Attachments\\2129\\2025-11-06\\Images\\image_20251106_113303_113738919.png','Image','General','2025-11-06 11:37:38',''),(329,335,2129,'\\\\Clinic\\ENT_CLINIC_Attachments\\2129\\2025-11-06\\Images\\image_20251106_113315_113738934.png','Image','General','2025-11-06 11:37:38',''),(330,337,2159,'\\\\Clinic\\ENT_CLINIC_Attachments\\2159\\2025-11-06\\Images\\image_20251106_114926_115408873.png','Image','General','2025-11-06 11:54:08',''),(331,337,2159,'\\\\Clinic\\ENT_CLINIC_Attachments\\2159\\2025-11-06\\Images\\image_20251106_114937_115408889.png','Image','General','2025-11-06 11:54:08',''),(332,338,2160,'\\\\Clinic\\ENT_CLINIC_Attachments\\2160\\2025-11-06\\Images\\image_20251106_120907_121445931.png','Image','General','2025-11-06 12:14:45',''),(333,338,2160,'\\\\Clinic\\ENT_CLINIC_Attachments\\2160\\2025-11-06\\Images\\image_20251106_120922_121445962.png','Image','General','2025-11-06 12:14:45',''),(334,338,2160,'\\\\Clinic\\ENT_CLINIC_Attachments\\2160\\2025-11-06\\Images\\image_20251106_121222_121445978.png','Image','General','2025-11-06 12:14:46',''),(335,339,2162,'\\\\Clinic\\ENT_CLINIC_Attachments\\2162\\2025-11-06\\Images\\image_20251106_131050_131537460.png','Image','General','2025-11-06 13:15:37',''),(336,339,2162,'\\\\Clinic\\ENT_CLINIC_Attachments\\2162\\2025-11-06\\Images\\image_20251106_131100_131537491.png','Image','General','2025-11-06 13:15:37',''),(337,340,2163,'\\\\Clinic\\ENT_CLINIC_Attachments\\2163\\2025-11-06\\Images\\image_20251106_132007_132321590.png','Image','General','2025-11-06 13:23:21',''),(338,340,2163,'\\\\Clinic\\ENT_CLINIC_Attachments\\2163\\2025-11-06\\Images\\image_20251106_132017_132321621.png','Image','General','2025-11-06 13:23:21',''),(339,343,2090,'\\\\Clinic\\ENT_CLINIC_Attachments\\2090\\2025-11-06\\Images\\image_20251106_134702_135127905.png','Image','General','2025-11-06 13:51:27',''),(340,343,2090,'\\\\Clinic\\ENT_CLINIC_Attachments\\2090\\2025-11-06\\Images\\image_20251106_134715_135127921.png','Image','General','2025-11-06 13:51:27',''),(341,344,2161,'\\\\Clinic\\ENT_CLINIC_Attachments\\2161\\2025-11-06\\Images\\image_20251106_135507_140439875.png','Image','General','2025-11-06 14:04:39',''),(342,344,2161,'\\\\Clinic\\ENT_CLINIC_Attachments\\2161\\2025-11-06\\Images\\image_20251106_135519_140439906.png','Image','General','2025-11-06 14:04:39',''),(343,347,2165,'\\\\Clinic\\ENT_CLINIC_Attachments\\2165\\2025-11-07\\Images\\image_20251107_112913_113725323.png','Image','General','2025-11-07 11:37:25',''),(344,347,2165,'\\\\Clinic\\ENT_CLINIC_Attachments\\2165\\2025-11-07\\Images\\image_20251107_112931_113725354.png','Image','General','2025-11-07 11:37:25',''),(345,350,2166,'\\\\Clinic\\ENT_CLINIC_Attachments\\2166\\2025-11-07\\Images\\image_20251107_120541_121455561.png','Image','General','2025-11-07 12:14:55',''),(346,350,2166,'\\\\Clinic\\ENT_CLINIC_Attachments\\2166\\2025-11-07\\Images\\image_20251107_120555_121455577.png','Image','General','2025-11-07 12:14:55',''),(347,350,2166,'\\\\Clinic\\ENT_CLINIC_Attachments\\2166\\2025-11-07\\Images\\image_20251107_121317_121455592.png','Image','General','2025-11-07 12:14:55',''),(348,351,2170,'\\\\Clinic\\ENT_CLINIC_Attachments\\2170\\2025-11-07\\Images\\image_20251107_131159_131358931.png','Image','General','2025-11-07 13:13:58',''),(349,351,2170,'\\\\Clinic\\ENT_CLINIC_Attachments\\2170\\2025-11-07\\Images\\image_20251107_131211_131358947.png','Image','General','2025-11-07 13:13:58',''),(350,353,2172,'\\\\Clinic\\ENT_CLINIC_Attachments\\2172\\2025-11-07\\Images\\image_20251107_132808_133625024.png','Image','General','2025-11-07 13:36:25',''),(351,353,2172,'\\\\Clinic\\ENT_CLINIC_Attachments\\2172\\2025-11-07\\Images\\image_20251107_133246_133625039.png','Image','General','2025-11-07 13:36:25',''),(352,353,2172,'\\\\Clinic\\ENT_CLINIC_Attachments\\2172\\2025-11-07\\Images\\image_20251107_133457_133625071.png','Image','General','2025-11-07 13:36:25',''),(353,355,2167,'\\\\Clinic\\ENT_CLINIC_Attachments\\2167\\2025-11-07\\Images\\image_20251107_134629_135424810.png','Image','General','2025-11-07 13:54:24',''),(354,355,2167,'\\\\Clinic\\ENT_CLINIC_Attachments\\2167\\2025-11-07\\Images\\image_20251107_134639_135424841.png','Image','General','2025-11-07 13:54:24',''),(355,356,2177,'\\\\Clinic\\ENT_CLINIC_Attachments\\2177\\2025-11-08\\Images\\image_20251108_111924_112146419.png','Image','General','2025-11-08 11:21:46',''),(356,356,2177,'\\\\Clinic\\ENT_CLINIC_Attachments\\2177\\2025-11-08\\Images\\image_20251108_111937_112146450.png','Image','General','2025-11-08 11:21:46',''),(357,357,2173,'\\\\Clinic\\ENT_CLINIC_Attachments\\2173\\2025-11-08\\Images\\image_20251108_113236_114324111.png','Image','General','2025-11-08 11:43:24',''),(358,357,2173,'\\\\Clinic\\ENT_CLINIC_Attachments\\2173\\2025-11-08\\Images\\image_20251108_113251_114324142.png','Image','General','2025-11-08 11:43:24',''),(359,357,2173,'\\\\Clinic\\ENT_CLINIC_Attachments\\2173\\2025-11-08\\Images\\image_20251108_113737_114324158.png','Image','General','2025-11-08 11:43:24',''),(360,357,2173,'\\\\Clinic\\ENT_CLINIC_Attachments\\2173\\2025-11-08\\Images\\image_20251108_114211_114324174.png','Image','General','2025-11-08 11:43:24',''),(361,358,2176,'\\\\Clinic\\ENT_CLINIC_Attachments\\2176\\2025-11-08\\Images\\image_20251108_114745_115005687.png','Image','General','2025-11-08 11:50:05',''),(362,358,2176,'\\\\Clinic\\ENT_CLINIC_Attachments\\2176\\2025-11-08\\Images\\image_20251108_114809_115005718.png','Image','General','2025-11-08 11:50:05',''),(363,359,2009,'\\\\Clinic\\ENT_CLINIC_Attachments\\2009\\2025-11-08\\Images\\image_20251108_115518_115925778.png','Image','General','2025-11-08 11:59:25',''),(364,359,2009,'\\\\Clinic\\ENT_CLINIC_Attachments\\2009\\2025-11-08\\Images\\image_20251108_115535_115925794.png','Image','General','2025-11-08 11:59:25',''),(365,360,2178,'\\\\Clinic\\ENT_CLINIC_Attachments\\2178\\2025-11-08\\Images\\image_20251108_121313_121817370.png','Image','General','2025-11-08 12:18:17',''),(366,360,2178,'\\\\Clinic\\ENT_CLINIC_Attachments\\2178\\2025-11-08\\Images\\image_20251108_121326_121817402.png','Image','General','2025-11-08 12:18:17',''),(367,360,2178,'\\\\Clinic\\ENT_CLINIC_Attachments\\2178\\2025-11-08\\Images\\image_20251108_121642_121817417.png','Image','General','2025-11-08 12:18:17',''),(368,366,2192,'\\\\Clinic\\ENT_CLINIC_Attachments\\2192\\2025-11-10\\Images\\image_20251110_141931_142226159.png','Image','General','2025-11-10 14:22:26',''),(369,366,2192,'\\\\Clinic\\ENT_CLINIC_Attachments\\2192\\2025-11-10\\Images\\image_20251110_141946_142226175.png','Image','General','2025-11-10 14:22:26',''),(370,368,2204,'\\\\Clinic\\ENT_CLINIC_Attachments\\2204\\2025-11-11\\Images\\image_20251111_113527_114126185.png','Image','General','2025-11-11 11:41:26',''),(371,369,2162,'\\\\Clinic\\ENT_CLINIC_Attachments\\2162\\2025-11-11\\Images\\image_20251111_114512_115347311.png','Image','General','2025-11-11 11:53:47',''),(372,369,2162,'\\\\Clinic\\ENT_CLINIC_Attachments\\2162\\2025-11-11\\Images\\image_20251111_114528_115347327.png','Image','General','2025-11-11 11:53:47',''),(373,369,2162,'\\\\Clinic\\ENT_CLINIC_Attachments\\2162\\2025-11-11\\Images\\image_20251111_114847_115347358.png','Image','General','2025-11-11 11:53:47',''),(374,369,2162,'\\\\Clinic\\ENT_CLINIC_Attachments\\2162\\2025-11-11\\Images\\image_20251111_115202_115347374.png','Image','General','2025-11-11 11:53:47',''),(375,370,2205,'\\\\Clinic\\ENT_CLINIC_Attachments\\2205\\2025-11-11\\Images\\image_20251111_115731_120310918.png','Image','General','2025-11-11 12:03:10',''),(376,370,2205,'\\\\Clinic\\ENT_CLINIC_Attachments\\2205\\2025-11-11\\Images\\image_20251111_115741_120310949.png','Image','General','2025-11-11 12:03:10',''),(377,370,2205,'\\\\Clinic\\ENT_CLINIC_Attachments\\2205\\2025-11-11\\Images\\image_20251111_120058_120310965.png','Image','General','2025-11-11 12:03:10',''),(378,371,2207,'\\\\Clinic\\ENT_CLINIC_Attachments\\2207\\2025-11-11\\Images\\image_20251111_125629_125950367.png','Image','General','2025-11-11 12:59:50',''),(379,371,2207,'\\\\Clinic\\ENT_CLINIC_Attachments\\2207\\2025-11-11\\Images\\image_20251111_125644_125950382.png','Image','General','2025-11-11 12:59:50',''),(380,372,2206,'\\\\Clinic\\ENT_CLINIC_Attachments\\2206\\2025-11-11\\Images\\image_20251111_130329_130904189.png','Image','General','2025-11-11 13:09:04',''),(381,372,2206,'\\\\Clinic\\ENT_CLINIC_Attachments\\2206\\2025-11-11\\Images\\image_20251111_130342_130904205.png','Image','General','2025-11-11 13:09:04',''),(382,372,2206,'\\\\Clinic\\ENT_CLINIC_Attachments\\2206\\2025-11-11\\Images\\image_20251111_130740_130904220.png','Image','General','2025-11-11 13:09:04',''),(383,373,2208,'\\\\Clinic\\ENT_CLINIC_Attachments\\2208\\2025-11-11\\Images\\image_20251111_131452_131625157.png','Image','General','2025-11-11 13:16:25',''),(384,373,2208,'\\\\Clinic\\ENT_CLINIC_Attachments\\2208\\2025-11-11\\Images\\image_20251111_131507_131625188.png','Image','General','2025-11-11 13:16:25',''),(385,375,2161,'\\\\Clinic\\ENT_CLINIC_Attachments\\2161\\2025-11-11\\Images\\image_20251111_132914_133043317.png','Image','General','2025-11-11 13:30:43',''),(386,375,2161,'\\\\Clinic\\ENT_CLINIC_Attachments\\2161\\2025-11-11\\Images\\image_20251111_132917_133043348.png','Image','General','2025-11-11 13:30:43',''),(387,377,2244,'\\\\Clinic\\ENT_CLINIC_Attachments\\2244\\2025-11-17\\Images\\image_20251117_133425_134051300.png','Image','General','2025-11-17 13:40:51',''),(388,377,2244,'\\\\Clinic\\ENT_CLINIC_Attachments\\2244\\2025-11-17\\Images\\image_20251117_133451_134051316.png','Image','General','2025-11-17 13:40:51',''),(389,378,2243,'\\\\Clinic\\ENT_CLINIC_Attachments\\2243\\2025-11-17\\Images\\image_20251117_134733_135859361.png','Image','General','2025-11-17 13:58:59',''),(390,378,2243,'\\\\Clinic\\ENT_CLINIC_Attachments\\2243\\2025-11-17\\Images\\image_20251117_134740_135859376.png','Image','General','2025-11-17 13:58:59',''),(391,378,2243,'\\\\Clinic\\ENT_CLINIC_Attachments\\2243\\2025-11-17\\Images\\image_20251117_134745_135859392.png','Image','General','2025-11-17 13:58:59',''),(392,378,2243,'\\\\Clinic\\ENT_CLINIC_Attachments\\2243\\2025-11-17\\Images\\image_20251117_134837_135859423.png','Image','General','2025-11-17 13:58:59',''),(393,379,2245,'\\\\Clinic\\ENT_CLINIC_Attachments\\2245\\2025-11-17\\Images\\image_20251117_141428_142125490.png','Image','General','2025-11-17 14:21:25',''),(394,379,2245,'\\\\Clinic\\ENT_CLINIC_Attachments\\2245\\2025-11-17\\Images\\image_20251117_141447_142125521.png','Image','General','2025-11-17 14:21:25',''),(395,379,2245,'\\\\Clinic\\ENT_CLINIC_Attachments\\2245\\2025-11-17\\Images\\image_20251117_141455_142125537.png','Image','General','2025-11-17 14:21:25',''),(396,380,2165,'\\\\Clinic\\ENT_CLINIC_Attachments\\2165\\2025-11-17\\Images\\image_20251117_142813_143400290.png','Image','General','2025-11-17 14:34:00',''),(397,380,2165,'\\\\Clinic\\ENT_CLINIC_Attachments\\2165\\2025-11-17\\Images\\image_20251117_142828_143400306.png','Image','General','2025-11-17 14:34:00',''),(398,380,2165,'\\\\Clinic\\ENT_CLINIC_Attachments\\2165\\2025-11-17\\Images\\image_20251117_143200_143400337.png','Image','General','2025-11-17 14:34:00',''),(399,381,2246,'\\\\Clinic\\ENT_CLINIC_Attachments\\2246\\2025-11-17\\Images\\image_20251117_143858_144051467.png','Image','General','2025-11-17 14:40:51',''),(400,381,2246,'\\\\Clinic\\ENT_CLINIC_Attachments\\2246\\2025-11-17\\Images\\image_20251117_143910_144051482.png','Image','General','2025-11-17 14:40:51',''),(401,382,2247,'\\\\Clinic\\ENT_CLINIC_Attachments\\2247\\2025-11-17\\Images\\image_20251117_144732_144935772.png','Image','General','2025-11-17 14:49:35',''),(402,382,2247,'\\\\Clinic\\ENT_CLINIC_Attachments\\2247\\2025-11-17\\Images\\image_20251117_144735_144935803.png','Image','General','2025-11-17 14:49:35',''),(403,383,2054,'\\\\Clinic\\ENT_CLINIC_Attachments\\2054\\2025-11-17\\Images\\image_20251117_145509_150206604.png','Image','General','2025-11-17 15:02:06',''),(404,383,2054,'\\\\Clinic\\ENT_CLINIC_Attachments\\2054\\2025-11-17\\Images\\image_20251117_145517_150206620.png','Image','General','2025-11-17 15:02:06',''),(405,384,2168,'\\\\Clinic\\ENT_CLINIC_Attachments\\2168\\2025-11-17\\Images\\image_20251117_150757_151346901.png','Image','General','2025-11-17 15:13:46',''),(406,384,2168,'\\\\Clinic\\ENT_CLINIC_Attachments\\2168\\2025-11-17\\Images\\image_20251117_150810_151346917.png','Image','General','2025-11-17 15:13:46',''),(407,385,2248,'\\\\Clinic\\ENT_CLINIC_Attachments\\2248\\2025-11-17\\Images\\image_20251117_152015_152240098.png','Image','General','2025-11-17 15:22:40',''),(408,385,2248,'\\\\Clinic\\ENT_CLINIC_Attachments\\2248\\2025-11-17\\Images\\image_20251117_152017_152240113.png','Image','General','2025-11-17 15:22:40',''),(409,407,2278,'\\\\Clinic\\ENT_CLINIC_Attachments\\2278\\2025-11-21\\Images\\image_20251121_121850_122615684.png','Image','General','2025-11-21 12:26:15',''),(410,407,2278,'\\\\Clinic\\ENT_CLINIC_Attachments\\2278\\2025-11-21\\Images\\image_20251121_121859_122615715.png','Image','General','2025-11-21 12:26:15',''),(411,407,2278,'\\\\Clinic\\ENT_CLINIC_Attachments\\2278\\2025-11-21\\Images\\image_20251121_121904_122615730.png','Image','General','2025-11-21 12:26:15',''),(412,407,2278,'\\\\Clinic\\ENT_CLINIC_Attachments\\2278\\2025-11-21\\Images\\image_20251121_121915_122615746.png','Image','General','2025-11-21 12:26:15',''),(413,407,2278,'\\\\Clinic\\ENT_CLINIC_Attachments\\2278\\2025-11-21\\Images\\image_20251121_121920_122615777.png','Image','General','2025-11-21 12:26:15',''),(414,408,2279,'\\\\Clinic\\ENT_CLINIC_Attachments\\2279\\2025-11-21\\Images\\image_20251121_123003_124041592.png','Image','General','2025-11-21 12:40:41',''),(415,408,2279,'\\\\Clinic\\ENT_CLINIC_Attachments\\2279\\2025-11-21\\Images\\image_20251121_123006_124041623.png','Image','General','2025-11-21 12:40:41',''),(416,408,2279,'\\\\Clinic\\ENT_CLINIC_Attachments\\2279\\2025-11-21\\Images\\image_20251121_123021_124041639.png','Image','General','2025-11-21 12:40:41',''),(417,408,2279,'\\\\Clinic\\ENT_CLINIC_Attachments\\2279\\2025-11-21\\Images\\image_20251121_123026_124041654.png','Image','General','2025-11-21 12:40:41',''),(418,408,2279,'\\\\Clinic\\ENT_CLINIC_Attachments\\2279\\2025-11-21\\Images\\image_20251121_123730_124041685.png','Image','General','2025-11-21 12:40:41',''),(419,409,2280,'\\\\Clinic\\ENT_CLINIC_Attachments\\2280\\2025-11-21\\Images\\image_20251121_124353_124808502.png','Image','General','2025-11-21 12:48:08',''),(420,410,2281,'\\\\Clinic\\ENT_CLINIC_Attachments\\2281\\2025-11-21\\Images\\image_20251121_125605_125828846.png','Image','General','2025-11-21 12:58:28',''),(421,410,2281,'\\\\Clinic\\ENT_CLINIC_Attachments\\2281\\2025-11-21\\Images\\image_20251121_125625_125828877.png','Image','General','2025-11-21 12:58:28',''),(422,410,2281,'\\\\Clinic\\ENT_CLINIC_Attachments\\2281\\2025-11-21\\Images\\image_20251121_125629_125828893.png','Image','General','2025-11-21 12:58:28',''),(423,411,2282,'\\\\Clinic\\ENT_CLINIC_Attachments\\2282\\2025-11-21\\Images\\image_20251121_140617_141838226.png','Image','General','2025-11-21 14:18:38',''),(424,411,2282,'\\\\Clinic\\ENT_CLINIC_Attachments\\2282\\2025-11-21\\Images\\image_20251121_140632_141838241.png','Image','General','2025-11-21 14:18:38',''),(425,411,2282,'\\\\Clinic\\ENT_CLINIC_Attachments\\2282\\2025-11-21\\Images\\image_20251121_141338_141838273.png','Image','General','2025-11-21 14:18:38',''),(426,414,2285,'//Clinic/ENT_CLINIC_Attachments\\2285\\2025-11-22\\Images\\image_20251122_121817_122000774.png','Image','General','2025-11-22 12:20:00',''),(427,414,2285,'//Clinic/ENT_CLINIC_Attachments\\2285\\2025-11-22\\Images\\image_20251122_121829_122000805.png','Image','General','2025-11-22 12:20:00',''),(428,416,2266,'//Clinic/ENT_CLINIC_Attachments\\2266\\2025-11-22\\Images\\image_20251122_123638_123836428.png','Image','General','2025-11-22 12:38:36',''),(429,418,2315,'//Clinic/ENT_CLINIC_Attachments\\2315\\2025-11-24\\Images\\image_20251124_113013_113532643.png','Image','General','2025-11-24 11:35:32',''),(430,418,2315,'//Clinic/ENT_CLINIC_Attachments\\2315\\2025-11-24\\Images\\image_20251124_113025_113532674.png','Image','General','2025-11-24 11:35:32',''),(431,419,2314,'//Clinic/ENT_CLINIC_Attachments\\2314\\2025-11-24\\Images\\image_20251124_114500_114930414.png','Image','General','2025-11-24 11:49:30',''),(432,419,2314,'//Clinic/ENT_CLINIC_Attachments\\2314\\2025-11-24\\Images\\image_20251124_114513_114930461.png','Image','General','2025-11-24 11:49:30',''),(433,421,2317,'//Clinic/ENT_CLINIC_Attachments\\2317\\2025-11-24\\Images\\image_20251124_120733_121212142.png','Image','General','2025-11-24 12:12:12',''),(434,421,2317,'//Clinic/ENT_CLINIC_Attachments\\2317\\2025-11-24\\Images\\image_20251124_120746_121212158.png','Image','General','2025-11-24 12:12:12',''),(435,422,2318,'//Clinic/ENT_CLINIC_Attachments\\2318\\2025-11-24\\Images\\image_20251124_130505_132304515.png','Image','General','2025-11-24 13:23:04',''),(436,422,2318,'//Clinic/ENT_CLINIC_Attachments\\2318\\2025-11-24\\Images\\image_20251124_130520_132304531.png','Image','General','2025-11-24 13:23:04',''),(437,422,2318,'//Clinic/ENT_CLINIC_Attachments\\2318\\2025-11-24\\Images\\image_20251124_131004_132304578.png','Image','General','2025-11-24 13:23:04',''),(438,422,2318,'//Clinic/ENT_CLINIC_Attachments\\2318\\2025-11-24\\Images\\image_20251124_131155_132304609.png','Image','General','2025-11-24 13:23:04',''),(439,422,2318,'//Clinic/ENT_CLINIC_Attachments\\2318\\2025-11-24\\Images\\image_20251124_132118_132304625.png','Image','General','2025-11-24 13:23:04',''),(440,423,2246,'//Clinic/ENT_CLINIC_Attachments\\2246\\2025-11-24\\Images\\image_20251124_132636_132847352.png','Image','General','2025-11-24 13:28:47',''),(441,423,2246,'//Clinic/ENT_CLINIC_Attachments\\2246\\2025-11-24\\Images\\image_20251124_132648_132847367.png','Image','General','2025-11-24 13:28:47',''),(442,424,2009,'//Clinic/ENT_CLINIC_Attachments\\2009\\2025-11-25\\Images\\image_20251125_110952_111502443.png','Image','General','2025-11-25 11:15:02',''),(443,424,2009,'//Clinic/ENT_CLINIC_Attachments\\2009\\2025-11-25\\Images\\image_20251125_111000_111502475.png','Image','General','2025-11-25 11:15:02',''),(444,424,2009,'//Clinic/ENT_CLINIC_Attachments\\2009\\2025-11-25\\Images\\image_20251125_111017_111502490.png','Image','General','2025-11-25 11:15:02',''),(445,425,2332,'//Clinic/ENT_CLINIC_Attachments\\2332\\2025-11-25\\Images\\image_20251125_111949_112603675.png','Image','General','2025-11-25 11:26:03',''),(446,425,2332,'//Clinic/ENT_CLINIC_Attachments\\2332\\2025-11-25\\Images\\image_20251125_112012_112603707.png','Image','General','2025-11-25 11:26:03',''),(447,426,2316,'//Clinic/ENT_CLINIC_Attachments\\2316\\2025-11-25\\Images\\image_20251125_113100_114003886.png','Image','General','2025-11-25 11:40:03',''),(448,426,2316,'//Clinic/ENT_CLINIC_Attachments\\2316\\2025-11-25\\Images\\image_20251125_113115_114003902.png','Image','General','2025-11-25 11:40:03',''),(449,426,2316,'//Clinic/ENT_CLINIC_Attachments\\2316\\2025-11-25\\Images\\image_20251125_113532_114003917.png','Image','General','2025-11-25 11:40:03',''),(450,427,2013,'//Clinic/ENT_CLINIC_Attachments\\2013\\2025-11-25\\Images\\image_20251125_115052_115338300.png','Image','General','2025-11-25 11:53:38',''),(451,427,2013,'//Clinic/ENT_CLINIC_Attachments\\2013\\2025-11-25\\Images\\image_20251125_115059_115338327.png','Image','General','2025-11-25 11:53:38',''),(452,427,2013,'//Clinic/ENT_CLINIC_Attachments\\2013\\2025-11-25\\Images\\image_20251125_115108_115338348.png','Image','General','2025-11-25 11:53:38',''),(453,427,2013,'//Clinic/ENT_CLINIC_Attachments\\2013\\2025-11-25\\Images\\image_20251125_115112_115338367.png','Image','General','2025-11-25 11:53:38','');
/*!40000 ALTER TABLE `attachments` ENABLE KEYS */;
UNLOCK TABLES;

--
-- Table structure for table `autocomplete_entries`
--

DROP TABLE IF EXISTS `autocomplete_entries`;
/*!40101 SET @saved_cs_client     = @@character_set_client */;
/*!50503 SET character_set_client = utf8mb4 */;
CREATE TABLE `autocomplete_entries` (
  `id` int NOT NULL AUTO_INCREMENT,
  `column_name` varchar(100) DEFAULT NULL,
  `value` varchar(255) DEFAULT NULL,
  PRIMARY KEY (`id`),
  UNIQUE KEY `value` (`value`)
) ENGINE=InnoDB AUTO_INCREMENT=1818 DEFAULT CHARSET=utf8mb4 COLLATE=utf8mb4_0900_ai_ci;
/*!40101 SET character_set_client = @saved_cs_client */;

--
-- Dumping data for table `autocomplete_entries`
--

LOCK TABLES `autocomplete_entries` WRITE;
/*!40000 ALTER TABLE `autocomplete_entries` DISABLE KEYS */;
INSERT INTO `autocomplete_entries` (`id`, `column_name`, `value`) VALUES (2,'chief_complaint','Mild nasal congestions '),(3,'chief_complaint','intermittent sore throat '),(4,'history','Sore throat come and go '),(5,'history','tinatus '),(6,'history','nasal congestions '),(7,'ear_exam','normal shape no lesions '),(8,'ear_exam','clear '),(9,'ear_exam','tympanic membrane intact '),(10,'nose_exam','external nose no deformity '),(11,'nose_exam','slightly pale '),(12,'nose_exam','midline, no diviation '),(13,'throat_exam','lips and oral cavity normal '),(14,'throat_exam','neck no lymphadenopathy '),(15,'diagnosis','mild alergic hinitis '),(16,'diagnosis','begign tinnitus(right ear) '),(17,'diagnosis','mild pharyngitis '),(18,'recommendations','Voice care '),(19,'recommendations','dehydration for mild sore throat '),(20,'notes','if syntoms worsen '),(21,'chief_complaint','EAR DISCHARGE '),(22,'history','NOTED EAR INFECTION 3 YEARS PTC '),(23,'ear_exam','TM PERFORATION AD 70% '),(24,'diagnosis','OTITIS MEDIA, AS '),(25,'recommendations','KEEP RIGHT EAR DRY '),(26,'chief_complaint','HEARING LOSS LEFT EAR '),(27,'history','ON AND OFF HEARING LOSS '),(28,'ear_exam','IMPACTED CERUMEN, AS '),(29,'diagnosis','IMPACTED CERUMEN '),(30,'recommendations','PROPER EAR CLEANING '),(31,'history','FOLLOW UP '),(32,'ear_exam','PERFORATED TM PERFORATION AS, 40% '),(33,'ear_exam','WITH MINIMAL DISCHARGE '),(34,'diagnosis','IMPACTED CERUMEN WITH TYMPANIC MEMBRANE PERFORATION, AS '),(35,'recommendations','KEEP LEFT EAR DRY '),(36,'chief_complaint','EAR FULLNESS AS '),(37,'history','3 DAYS ITCHINESS WITH EAR FULLNESS '),(38,'ear_exam','FUNGAL ELEMENTS AS '),(39,'diagnosis','OTOMYCOSIS, AS '),(40,'chief_complaint','EAR CHECK UP '),(41,'history','ITCHINESS X 5 DAYS '),(42,'ear_exam','YELLOWISH DISCHARGE AS, WITH FUNGAL ELEMENTS '),(43,'notes','EAR CLEANING '),(44,'chief_complaint','EAR IRRITATION '),(45,'history','1 MONTH ON AND OFF EAR IRRITATION '),(46,'history','NO HEARING LOSS '),(47,'ear_exam','DRY EARS '),(48,'ear_exam','MILD ITCHINESS '),(49,'diagnosis','MILD OTOMYCOSIS, AS '),(50,'chief_complaint','NASAL CONGESTION '),(51,'history','2 WEEKS CONGESTION '),(52,'nose_exam','YELLOWISH NASAL DISCHARGE BOTH NOSE '),(53,'nose_exam','MEATY MASS ON BOTH NASOPHARYNX MORE ON THE LEFT '),(54,'throat_exam','NO POST NASAL DRIP '),(55,'diagnosis','RHINOSINOSITIS WITH NASO PHARYNGEAL AND INTRA NASAL MASS '),(56,'recommendations','FOR CT SCAN OF THE PARANASL SINUSES, PLAIN '),(57,'notes','WITH CT SCAN RESULT '),(58,'history','5 DAYS NOTED EPISTAXIS '),(59,'history','ASSOCIATED WITH NASAL PAIN ANDCONGESTION '),(60,'ear_exam','INTACT '),(61,'nose_exam','EPISTAXIS '),(62,'diagnosis','RHINOSINUSITIS WITH INACTIVE EPISTAXIS '),(63,'recommendations','X- RAY OF THE PNS '),(64,'chief_complaint','HEARING LOSS '),(65,'history','REFERRED FOR EVALUATION BY SUPERCARE DUE TO INADEQUATE HEARING 2 MONTHS PTC '),(66,'ear_exam','PERFORATED TM, AS '),(67,'diagnosis','MODERATE CONDUCTIVE HEARING LOSS AS '),(69,'recommendations','FOR HEARING AID FITTING AS '),(70,'chief_complaint','EAR PAIN '),(71,'history','3 DAYS EAR PAIN '),(72,'ear_exam','IC, AS '),(73,'ear_exam','SWELLING RIGHT EAR CANAL '),(74,'diagnosis','OTITIS EXTERNA, AD '),(76,'history','1 WEEK NOTED EAR DISCHARGE '),(77,'history','CONSULTED SPH AND GIVEN OTIC DROPS '),(78,'ear_exam','MODERATE DISCHARGE WITH TM PERFORATION '),(79,'diagnosis','CHRONIC OTITIS MEDIA, AD '),(80,'history','1 WEEK NTED EAR PAIN, LEFT '),(81,'history','NO FEVER '),(82,'history','(+) NASAL CATARRH '),(83,'ear_exam','INTACT TM - AU '),(85,'chief_complaint','HEARING DIFFICULTY '),(86,'history','2 DAYS PTC, NOTED HEARING DIFFICULTY '),(87,'ear_exam','FUNGA ELEMENTS, AD '),(88,'diagnosis','OTOMYCOSIS WITH OM, AD '),(89,'chief_complaint','FOLLOW-UP '),(90,'history','NOTED VERTIGO, ON AND OFF '),(91,'diagnosis','CANALOLITHIASIS, MENIERE\'S DISEASE '),(92,'recommendations','LOW SALT DIET '),(94,'history','TREATED WITH ANTIBIOTICS FOR 1 WEEK '),(95,'nose_exam','NASAL POLYP, RIGHT GRADE 2 '),(96,'diagnosis','RHINOSINUSITIS, WITH GRADE 2 NASAL POLYP, RIGHT '),(97,'recommendations','FOR CT SCAN OF THE PARANASAL SINUSES (PLAIN) '),(99,'history','NOTED AURAL POLYP AS, 1 MONTH PTC '),(100,'ear_exam','AURAL POLYP- RESOLVED '),(101,'ear_exam','WHITTISH EAR DEPOSIT, AS '),(102,'ear_exam','HYPEREMIC EAR CANAL '),(103,'nose_exam','FREQUENT NASAL CLEARING '),(104,'diagnosis','COM, WITH AURAL POLYP AND CHOLESTEATOMA, AS '),(105,'recommendations','CONTINUE EAR DROPS OD X 1 WEEK MORE '),(106,'recommendations','MOMETASONE OD X 1 MONTH '),(107,'history','EAR FULLNES X 1 WEEK '),(108,'history','GIVEN ANTIBIOTICS - CO-AMOXICLAV AND OTOBIOTIC '),(109,'ear_exam','INTACT TM,AS '),(110,'ear_exam','CERUMEN, AD '),(111,'nose_exam','FREQUENT SNEEZING '),(112,'diagnosis','ACUTE OTITIS MEDIA WITH IMPACTED CERUMEN AD '),(113,'diagnosis','ALLERGIC RHINITIS '),(114,'chief_complaint','EAR ITCHINESS '),(115,'history','1 WEEK NOTED ON AND OFF EAR IRRITATION '),(116,'ear_exam','INTACT TM, AURAL POLYP- RESOLVED '),(117,'diagnosis','PARTIALLY IMPACTED CERUMEN '),(118,'history','1 MONTH NOTED EAR FULLNESS '),(119,'history','CONSULTED AND NOTED EAR PERFORTION '),(120,'diagnosis','CHRONIC OTITS MEDIA, AD, AURAL POYP '),(121,'history','1 WEEK NOTED ITCHINESS WITH IRRITATION, BOTH EARS '),(122,'ear_exam','BILATERAL EAR DISCHARGE '),(123,'diagnosis','OTOMYCOSIS, AU '),(124,'history','DIAGNOSED WITH NASAL POLYP '),(125,'history','S/P FESS 2016 '),(126,'history','1 WEEK CONSULTED FOR CLEARANCE '),(127,'history','REQUESTED FOR CT SCAN OF THE PNS '),(128,'history','CAME BACK WITH RESULT '),(129,'nose_exam','BILATERAL NASAL POLYP GRADE 3 '),(130,'nose_exam','MAXILLARY AND ETHMOID SINUSITIS ON CT SCAN '),(131,'diagnosis','NASAL POLYP LEFT WITH MAXILLARY SINUSITIS '),(132,'recommendations','FOR FESS '),(134,'history','WITH HEARING AID '),(135,'ear_exam','INTACT TM AU '),(136,'ear_exam','DRY CERUMEN, AU '),(137,'diagnosis','MILD OE, AU '),(138,'recommendations','CONTINUE HEARING AID USE '),(139,'chief_complaint','THROAT DISCOMFORT X 1 MONTH '),(140,'history','1 MONTH NOTED THROAT DISCOMFORT '),(141,'history','UTZ DONE WHICH REVEALED NORMAL '),(142,'throat_exam','SLIGHTLY HYPEREMIC OROPHARYNX '),(143,'diagnosis','LARYNGOPHARYNGEAL REFLUX '),(144,'recommendations','FOR FNL IF UNRESOLVED AFTER 2 WEEKS '),(145,'chief_complaint','THROAT DISCOMFORT '),(146,'history','FREQUENT THROAT CLEARING ESPECIALLY AT DAYTIME '),(147,'diagnosis','ALLERGIC PHARYNGITIS '),(148,'chief_complaint','FOREIGN BODY CLAY '),(149,'history','1 WEEK PTC, NOTED CLAY ON THE RIGHT EAR '),(150,'diagnosis','FOREIGN BODY, CLAY AD '),(151,'history','1 WEEK NOTED BILATERAL DISCHARGE '),(152,'ear_exam','BILATERAL YELLOWISH DISCHARGE '),(153,'diagnosis','ACUTE OTITIS MEDIA, AU '),(154,'chief_complaint','referrred FOR EALUATION '),(155,'chief_complaint','NO OTHER SUBJECTIVE COMPLAINTS '),(156,'history','BY SUPERCARE AND CT SCAN RESULT REVEALED ETHMOID AND MAXILARY SINUSITIS WITH MUCOUS RETENTION CYST RIGHT '),(157,'nose_exam','MODERATE NASAL DISCHARGE '),(158,'nose_exam','NO OTHER MASSES OR FINDINGS '),(159,'diagnosis','ETHMOID AND MAXILLARY SINUSITIS, WITH RIGHT MUCOUS RETENTION CYST '),(160,'recommendations','FIT FOR WORK '),(162,'history','HEARING LOSS 4 DAYS PTC '),(163,'history','CONSULT AND GIVEN ANTIBIOTICS- CO AMOXICLAV, OTOQURE '),(164,'ear_exam','MODERATE DISCHARGE WITH FUNGAL ELEMENTS, AD '),(165,'ear_exam','INTACT TM AS '),(166,'diagnosis','OTITIS MEDIA AD WITH OTOMYCOSIS '),(167,'ear_exam','INTACT TYMPANIC MEMBRANES, AU '),(168,'diagnosis','IMPACTED CERUMEN AU '),(169,'chief_complaint','FOR CLEARANCE '),(170,'diagnosis','COM WITH CHOLESTEATOMA '),(171,'diagnosis','S/P MASTOIDECTOMY AS (2005) '),(172,'diagnosis','S/P REVISION MASTOIDECTOMY (2019) '),(173,'recommendations','YEARLY CHECK-UP '),(174,'ear_exam','INTACT TM, AU '),(175,'ear_exam','EAR WAX, AS '),(176,'diagnosis','OTITIS EXTERNA, AS '),(177,'chief_complaint','REFERRED BY SUPERCARE '),(178,'history','NOTED FLU-LIKE SYMPTOMS FOR 1 WEEK '),(179,'history','CONSULTED PREVIOUS PHYSICIAN AND GAVE ANTIBIOTICS '),(180,'history','CT SCAN REQUESTED WITH RESULT OF POLYSINUSITIS '),(181,'nose_exam','THICK NASAL DISCHARGE '),(182,'nose_exam','BUGGY TURBINATES '),(183,'diagnosis','POLYSINUSITIS '),(184,'recommendations','FIT TO WORK ONCE ANTIBIOTICS IS COMPLETED '),(185,'history','1 PTC WEEK NOTED EAR PAIN '),(186,'ear_exam','FOREIGN BODY, INSECT LEG, AD '),(188,'recommendations','REMOVAL OF FOREIGN BODY '),(189,'nose_exam','NASAL DISCHARGE '),(190,'recommendations','ALLERGEN AVOIDANCE '),(191,'chief_complaint','EAR FULLNESS RIGHT EAR '),(192,'history','2 MONTHS NOTED EAR FULLNESS '),(193,'history','5 YEARS PTC-  MASS/ LUMP LEFT POST AURICULAR AREA (TEMPORO-OCCIPITAL) '),(194,'diagnosis','EUSTACHIAN TUBE DYSFUNCTION '),(195,'diagnosis','LIPOMA, LEFT TEMPORO-OCCIPITAL AREA '),(196,'recommendations','FOR PTA '),(197,'recommendations','FOR CT SCAN OF THE HEAD IF UNRESOLED '),(198,'recommendations','FOR FNAB OF THE LEFT TEMPORO-OCCIPITAL MASS IF WITH PROGRESSION IN SIZE '),(199,'history','1 MONTH CONSULTED MY CLINIC AND GIVEN ANTIBIOTICS FOR SINUSITIS AND NASAL POLYP-CLARITHROMYCIN, PEPRAZOM, ACETYLCYSTEINE, NACL NASAL SRAY, MOMETASONE NASAL SPRAY '),(200,'history','WITH RESULT OF X-RAY: NASAL CONGESTION '),(201,'diagnosis','RHINOSINUSITIS WITH GRADE 2 POLYP BILATERAL '),(202,'recommendations','CONTINUE NASAL SPRAY AND ANTIBIOTICS '),(203,'recommendations','ADVISED FESS '),(204,'chief_complaint','NASAL CONGESTION X 1 WEEK '),(205,'history',' TOOK SINUPRET X 1 WEEK AND RYALTRIS NASAL SPRAY '),(207,'nose_exam','YELLOWISH NASAL DISCHARGE '),(208,'diagnosis','RHINOSINUSITIS BILATERAL '),(209,'recommendations','FOR ANTIBIOTICS: '),(210,'recommendations','CLINDAMYCIN 300 MG TID '),(211,'recommendations','SERRAPEPTASE 1 TAB TID '),(212,'recommendations','NACLA NASAL SPRAY '),(213,'recommendations','MOMETASONE NASAL SPRAY '),(214,'past_medical_history','NONE'),(215,'history',', NONE '),(216,'diagnosis','vsfssvf'),(217,'chief_complaint','NASAL CONGESTION'),(218,'history','rhinitis'),(219,'history','CONSULT AND GIVEN ANTIBIOTICS- CO AMOXICLAV, OTOQURE'),(220,'past_medical_history','given antibiotics'),(221,'past_medical_history','azithromycin- 5 days'),(222,'procedures','nasal endoscopy'),(223,'nose_exam','polyp, left nose, grade 1'),(224,'diagnosis','RHINOSINOSITIS WITH NASO PHARYNGEAL AND INTRA NASAL MASS'),(225,'diagnosis','rhinosinusitis'),(226,'diagnosis','NASAL POLYP LEFT WITH MAXILLARY SINUSITIS'),(227,'diagnosis','NASAL POLYP LEFT grade 1'),(228,'diagnosis','maxillary sinusitis'),(229,'recommendations','for fess'),(230,'recommendations','ct scan pns'),(231,'throat_exam','SLIGHTLY HYPEREMIC OROPHARYNX'),(232,'history','rhinitis, azithromycin- 5 days '),(233,'nose_exam','polyp, left nose, grade 1 '),(234,'diagnosis','rhinosinusitis, maxillary sinusitis, NASAL POLYP LEFT grade 1 '),(235,'chief_complaint','cough'),(236,'past_medical_history','cough x 1 week'),(237,'diagnosis','LARYNGOPHARYNGEAL REFLUX'),(238,'chief_complaint','THROAT DISCOMFORT X 1 MONTH'),(239,'ear_exam','EAR WAX, AS'),(240,'ear_exam','CERUMEN, AD'),(241,'ear_exam','SWELLING RIGHT EAR CANA'),(242,'ear_exam','INTACT TM, AU'),(243,'ear_exam','SWELLING RIGHT EAR CANAL'),(244,'ear_exam','INTACT TM - AU'),(245,'nose_exam','NORMAL'),(246,'nose_exam','TURBINATES NOT ENLARGED'),(247,'chief_complaint','cough '),(248,'history',', cough x 1 week '),(249,'nose_exam','TURBINATES NOT ENLARGED '),(250,'chief_complaint','vertigo'),(251,'history','1 month noted vertigo with tinnitus'),(252,'past_medical_history','meniere\'s disease 2023'),(253,'history','vertigo with tinnitus x 1 month'),(254,'diagnosis','meniere\'s disease'),(255,'recommendations','LOW SALT DIET'),(256,'recommendations','vertigo exercises'),(257,'recommendations','ptabs'),(258,'chief_complaint','vertigo '),(259,'history','vertigo with tinnitus x 1 month, meniere\'s disease 2023 '),(260,'diagnosis','meniere\'s disease '),(261,'recommendations','LOW SALT DIET, vertigo exercises, ptabs '),(262,'chief_complaint','FOLLOW-UP CHECK-UP'),(278,'nose_exam','HYPEREMIC NASAL MUCOSA'),(279,'nose_exam','HYPEREMIC NASAL MUCOSA '),(280,'diagnosis','rhinosinusitis '),(281,'history','NASAL BLEEDING X 1 WEEK'),(282,'past_medical_history','ON AND OFF NASAL BLEEDING'),(283,'chief_complaint','EPISTAXIS'),(284,'nose_exam','BILATERAL NASAL POLYP GRADE 3'),(285,'nose_exam','BILATERAL NASAL DISCHARGE'),(286,'recommendations','X- RAY OF THE PNS'),(287,'diagnosis','RHINOSINUSITIS BILATERAL'),(289,'history','NASAL BLEEDING X 1 WEEK, ON AND OFF NASAL BLEEDING '),(290,'nose_exam','BILATERAL NASAL DISCHARGE '),(291,'chief_complaint','THROAT DISCOMFORT'),(292,'recommendations','FOR FNL IF UNRESOLVED AFTER 2 WEEKS'),(293,'past_medical_history','ON AND OFF THROAT DISCOMFORT FOR 3 YEARS'),(294,'history',', ON AND OFF THROAT DISCOMFORT FOR 3 YEARS '),(295,'history','CAME IN WITH RESULT OF CT SCAN OF THE PNS'),(296,'nose_exam','MEATY MASS ON BOTH NASOPHARYNX MORE ON THE LEFT'),(297,'nose_exam','MINIMAL NASAL DISCHARGE'),(298,'recommendations','FOR PUNCH BIOPSY OF NASAL MASS'),(299,'history','CAME IN WITH RESULT OF CT SCAN OF THE PNS '),(300,'nose_exam','MEATY MASS ON BOTH NASOPHARYNX MORE ON THE LEFT, MINIMAL NASAL DISCHARGE '),(301,'recommendations','FOR PUNCH BIOPSY OF NASAL MASS '),(302,'diagnosis','IMPACTED CERUMEN'),(303,'recommendations','PROPER EAR CLEANING'),(304,'procedures','EAR CLEANING'),(305,'past_medical_history','GIVEN EAR DROPS X 1 WEEK'),(306,'history',', GIVEN EAR DROPS X 1 WEEK '),(307,'chief_complaint','EAR PAIN'),(308,'history','1 MONTH CONSULTED MY CLINIC AND GIVEN ANTIBIOTICS FOR SINUSITIS AND NASAL POLYP-CLARITHROMYCIN, PEPRAZOM, ACETYLCYSTEINE, NACL NASAL SRAY, MOMETASONE NASAL SPRAY'),(309,'history','EAR PAIN X 1 DAY'),(310,'past_medical_history','ON AND OFF ITCHINESS EARS'),(311,'diagnosis','MILD OTOMYCOSIS, AU'),(351,'history','EAR PAIN X 1 DAY, ON AND OFF ITCHINESS EARS '),(352,'diagnosis','MILD OTOMYCOSIS, AU, meniere\'s disease '),(353,'recommendations','LOW SALT DIET, ptabs '),(354,'nose_exam','CLEAR NASOPHARYNX'),(355,'diagnosis','EUSTACHIAN TUBE DYSFUNCTION'),(356,'nose_exam','CLEAR NASOPHARYNX '),(357,'history','PATIENT IS DIAGNOSED WITH NASAL POLYP'),(358,'diagnosis','S/P FESS BILATERAL (8-14-25) MIHMCI'),(359,'nose_exam','YELLOWISH NASAL DISCHARGE BOTH NOSE'),(360,'nose_exam','GRADE 2 NASAL POLYP'),(361,'recommendations','FOR NASAL DOUCHE'),(362,'recommendations','NACLA NASAL SPRAY'),(363,'recommendations','NACL NASAL SPRAY FLO SINUS CARE'),(364,'recommendations','SAL SPRAY'),(365,'history','PATIENT IS DIAGNOSED WITH NASAL POLYP '),(366,'nose_exam','YELLOWISH NASAL DISCHARGE BOTH NOSE, GRADE 2 NASAL POLYP '),(367,'diagnosis','NASAL POLYP LEFT WITH MAXILLARY SINUSITIS, S/P FESS BILATERAL (8-14-25) MIHMCI '),(368,'recommendations','NACL NASAL SPRAY FLO SINUS CARE '),(369,'chief_complaint','FOR EAR CLEANING'),(370,'diagnosis','IMPACTED CERUMEN AU'),(371,'chief_complaint','FOR EAR CLEANING '),(372,'history','EAR PAIN X 3 DAYS'),(373,'chief_complaint','EAR CHECK UP'),(374,'ear_exam','BILATERAL FUNGAL INFECTION'),(375,'diagnosis','OTOMYCOSIS, AU'),(376,'diagnosis','OTITIS MEDIA WITH OTOMYCOSIS, AS'),(377,'history','EAR PAIN X 3 DAYS '),(378,'ear_exam','BILATERAL FUNGAL INFECTION '),(379,'diagnosis','OTOMYCOSIS, AU, OTITIS MEDIA WITH OTOMYCOSIS, AS '),(380,'chief_complaint','HEARING LOSS'),(381,'history','1 month noted difficulty of hearing'),(382,'ear_exam','INTACT tm, ad'),(383,'ear_exam','YELLOWISH DISCHARGE AS, WITH FUNGAL ELEMENTS'),(384,'recommendations','KEEP LEFT EAR DRY'),(385,'history','1 month noted difficulty of hearing '),(386,'ear_exam','INTACT tm, ad, YELLOWISH DISCHARGE AS, WITH FUNGAL ELEMENTS '),(387,'diagnosis','OTITIS MEDIA WITH OTOMYCOSIS, AS '),(388,'diagnosis','RHINOSINUSITIS WITH GRADE 2 POLYP BILATERAL'),(389,'recommendations','ADVISED FESS'),(390,'diagnosis','S/P FESS (2016)'),(391,'history','CONSULTED MY CLINIC FOR CLEARANCE FROM SUPERCARE'),(392,'past_medical_history','S/P FESS - 2016'),(393,'recommendations','FIT FOR WORK'),(394,'history','CONSULTED MY CLINIC FOR CLEARANCE FROM SUPERCARE, S/P FESS - 2016 '),(395,'nose_exam','GRADE 2 NASAL POLYP '),(396,'diagnosis','RHINOSINUSITIS WITH GRADE 2 POLYP BILATERAL, S/P FESS (2016) '),(397,'recommendations','ADVISED FESS, FIT FOR WORK '),(398,'history','EAR FULLNESS X 3 DAYS'),(399,'recommendations','REVERSE VALSALVA'),(400,'recommendations','MOMETASONE NASAL SPRAY'),(401,'recommendations','PTABS IF UNRESOLVED'),(402,'history','EAR FULLNESS X 3 DAYS '),(403,'recommendations','REVERSE VALSALVA, MOMETASONE NASAL SPRAY, PTABS IF UNRESOLVED '),(404,'history','4 DAYS EAR PAIN'),(405,'history','4 DAYS EAR PAIN '),(406,'diagnosis','MILD OTOMYCOSIS, AU '),(407,'chief_complaint','parotid mass'),(408,'ear_exam','perforaTED TM PERFORATION AS, 40%'),(409,'ear_exam','perforated tm, ad'),(410,'ear_exam','ear discharge, as'),(411,'diagnosis','pleomorphic adenoma, right parotid'),(412,'diagnosis','OTITIS MEDIA, AU'),(413,'recommendations','FOR SUPERFICIAL PAROTIDECTOMY, RIGHT'),(414,'past_medical_history','20 YEARS PTC, NOTED RIGHT PAROTID MAS'),(415,'past_medical_history','2015, EXCISION DONE'),(416,'past_medical_history','10 MONTHS PTC, NOTED SUDDEN INCREASE IN SIZE'),(417,'chief_complaint','parotid mass '),(418,'history',', 20 YEARS PTC, NOTED RIGHT PAROTID MAS, 2015, EXCISION DONE, 10 MONTHS PTC, NOTED SUDDEN INCREASE IN SIZE '),(419,'ear_exam','perforated tm, ad, ear discharge, as '),(420,'diagnosis','pleomorphic adenoma, right parotid, OTITIS MEDIA, AU '),(421,'recommendations','FOR SUPERFICIAL PAROTIDECTOMY, RIGHT '),(422,'diagnosis','PRE-AURICULAR SINUS'),(423,'diagnosis','1ST BRANCHIAL CLEFT RIGHT'),(424,'procedures','REMOVAL OF SUTURES'),(425,'history','NOTED INFECTED PRE- AURICULAR SINUS, RIGHT'),(426,'past_medical_history','GIVEN ANTIBIOTICS X 2 WEEKS'),(427,'recommendations','CONTINUE MUPIROCIN OINTMENT OD'),(428,'history','NOTED INFECTED PRE- AURICULAR SINUS, RIGHT, GIVEN ANTIBIOTICS X 2 WEEKS '),(429,'diagnosis','PRE-AURICULAR SINUS, 1ST BRANCHIAL CLEFT RIGHT '),(430,'recommendations','CONTINUE MUPIROCIN OINTMENT OD '),(431,'history','EAR DISCOMFORT'),(432,'history','EAR DISCOMFORT '),(433,'diagnosis','MILD OE, AU'),(434,'chief_complaint','THROAT PAIN X 3 DAYS'),(435,'history','1 WEEK PTC, NOTED DRY COUGH'),(436,'history','GIVEN CO-AMOXICLAV'),(437,'diagnosis','UPPER RESPIRATORY TRACT INFECTION'),(438,'diagnosis','ACUTE TONSILLOPHARYNGITIS'),(439,'recommendations','CHEST X-RAY PAL'),(440,'recommendations','X-RAY OF THE NECK APL'),(441,'throat_exam','GRADE 3 TONSILS BILATERAL WITH TONSILLOLITH'),(442,'chief_complaint','THROAT PAIN X 3 DAYS '),(443,'history','1 WEEK PTC, NOTED DRY COUGH, GIVEN CO-AMOXICLAV '),(444,'throat_exam','GRADE 3 TONSILS BILATERAL WITH TONSILLOLITH '),(445,'diagnosis','UPPER RESPIRATORY TRACT INFECTION, ACUTE TONSILLOPHARYNGITIS '),(446,'recommendations','CHEST X-RAY PAL, X-RAY OF THE NECK APL '),(447,'diagnosis','ALLERGIC RHINITIS'),(448,'chief_complaint','headache'),(449,'history','ON AND OFF HEADACHE WITH NASAL CONGESTION'),(450,'chief_complaint','headache '),(451,'history','ON AND OFF HEADACHE WITH NASAL CONGESTION '),(452,'history','4 days ptc, cough noted associated with difficulty of breathing'),(453,'recommendations','chest x-ray pa view'),(454,'history','4 days ptc, cough noted associated with difficulty of breathing '),(455,'diagnosis','UPPER RESPIRATORY TRACT INFECTION '),(456,'recommendations','chest x-ray pa view '),(457,'chief_complaint','for clearance'),(458,'diagnosis','OTITIS MEDIA, AU '),(459,'chief_complaint','EAR FULLNESS AS'),(460,'past_medical_history','IRON CHELATION DONE BY HEMATOLOGIST'),(461,'nose_exam','NASAL DISCHARGE'),(462,'history',', ON AND OFF NASAL BLEEDING '),(463,'diagnosis','maxillary sinusitis '),(464,'chief_complaint','foreign body (throat) fishbone'),(465,'chief_complaint','foreign body (throat) fishbone '),(466,'chief_complaint','anterior neck mass'),(467,'history','4 months noted anterior neck mass'),(468,'history','utz done revealed thyroid mass'),(469,'diagnosis','thyroid mass bilateral'),(470,'recommendations','for utz-guided fine needle aspiration biopsy'),(471,'chief_complaint','anterior neck mass '),(472,'history','4 months noted anterior neck mass '),(473,'diagnosis','thyroid mass bilateral '),(474,'recommendations','for utz-guided fine needle aspiration biopsy '),(475,'nose_exam','nasal mass left with extention to nasopharynx'),(476,'recommendations','follow up with biopsy result'),(477,'diagnosis','intra nasal mass with maxillary sinusitis'),(478,'nose_exam','nasal mass left with extention to nasopharynx '),(479,'recommendations','follow up with biopsy result '),(627,'chief_complaint','THIS IS MY CHIEF COMPLAINTS '),(628,'history','MY RECENT ILLNESS '),(629,'nose_exam','THICK NASAL DISCHARGE, TURBINATES NOT ENLARGED '),(630,'diagnosis','S/P FESS BILATERAL (8-14-25) MIHMCI, S/P FESS (2016) '),(631,'recommendations','SAL SPRAY, SERRAPEPTASE 1 TAB TID '),(635,'ear_exam','DRY CERUMEN, AU'),(636,'nose_exam','THICK NASAL DISCHARGE'),(637,'recommendations','SERRAPEPTASE 1 TAB TID'),(644,'chief_complaint','ASDASD '),(645,'history','ADSADS '),(649,'history','1 MONTH PTC- NOTED ON AND OFF HEARING LOSS '),(650,'history','ADMITTED AT METRO ILOILO FOR TONSILLITIS '),(651,'history','NIGHT PTC- NOTED EPISTAXIS '),(652,'nose_exam','POST-NASAL DRIP, ABRASION NASAL SEPTUM RIGHT '),(653,'throat_exam','GRADE 2 TONSILS- BILATERAL '),(654,'diagnosis','ACUTE TONSILLOPHARYNGITIS, RHINOSINUSITIS WITH POST NASAL DRIP, INACTIVE EPISTAXIS '),(655,'nose_exam','POST-NASAL DRIP'),(656,'nose_exam','ABRASION NASAL SEPTUM RIGHT'),(657,'throat_exam','GRADE 2 TONSILS- BILATERAL'),(658,'diagnosis','RHINOSINUSITIS WITH POST NASAL DRIP'),(659,'diagnosis','INACTIVE EPISTAXIS'),(660,'chief_complaint','FOLLOW-UP CHECKUP '),(661,'history','EPISTAXIS NOTED NIGHT PTC '),(662,'nose_exam','ABRASION RIGHT SEPTUM '),(663,'diagnosis','RHINOSINUSITIS WITH POST NASAL DRIP, ACUTE TONSILLOPHARYNGITIS, RHINOSINUSITIS WITH POST NASAL DRIP, INACTIVE EPISTAXIS, EPISTAXIS INACTIVE '),(664,'nose_exam','ABRASION RIGHT SEPTUM'),(665,'diagnosis','ACUTE TONSILLOPHARYNGITIS, RHINOSINUSITIS WITH POST NASAL DRIP, INACTIVE EPISTAXIS'),(666,'diagnosis','EPISTAXIS INACTIVE'),(667,'diagnosis','IMPACTED CERUMEN AU, MILD OTOMYCOSIS AS '),(668,'past_medical_history','NOTED DRY SKIN AND FLAKES, LEFT EAR'),(669,'diagnosis','MILD OTOMYCOSIS AS'),(670,'chief_complaint','NASAL DEFORMITY '),(671,'history','3 DAYS PTC- FALL '),(672,'nose_exam','NASAL DEFORMITY WITH SUTURED LACERATED WOUND '),(673,'diagnosis','NASAL BONE FRACTURE SECONDARY TO TRAUMA '),(674,'recommendations','FOR CLOSED REDUCTION OF NBF, FOR CP CLEARANCE PRIOR TO PROCEDURE '),(675,'past_medical_history','3 DAYS PTC FALL'),(676,'past_medical_history','CONSULT AT MIHMCI'),(677,'nose_exam','NASAL DEFORMITY WITH SUTURED LACERATED WOUND'),(678,'diagnosis','NASAL BONE FRACTURE SECONDARY TO TRAUMA'),(679,'recommendations','FOR CLOSED REDUCTION OF NBF'),(680,'recommendations','FOR CP CLEARANCE PRIOR TO PROCEDURE'),(681,'history','1 DAY PTC, NOED HEARING LOSS ASSOCIATED WITH HEADACHE '),(682,'history','1 WEEK PTC- NOTED EAR PAIN '),(683,'diagnosis','NEURALGIA '),(684,'past_medical_history','NO PREVIOUS EAR INFECTIONS'),(685,'diagnosis','NEURALGIA'),(686,'diagnosis','RHINOSINUSITIS, POST NASAL DRIP '),(687,'diagnosis','POST NASAL DRIP'),(688,'chief_complaint','REFERRED BY SUPERCARE FOR THYROID NODULES '),(689,'history','NOTED THYROID NODULES- 2009 '),(690,'history','FOR YEARLY MONITORING '),(691,'diagnosis','NON TOXIC NODULAR GOITER '),(692,'past_medical_history','UNREMARKABLE'),(693,'diagnosis','NON TOXIC NODULAR GOITER'),(694,'ear_exam','FUNGAL ELEMENTS, AU, SWOLLEN EXTERNAL CANAL AD '),(695,'diagnosis','OTITIS EXTERNA, AS, OTOMYCOSIS, AU '),(696,'recommendations','KEEP BOTH EARS DRY '),(697,'ear_exam','FUNGAL ELEMENTS, AU'),(698,'ear_exam','SWOLLEN EXTERNAL CANAL AD'),(699,'diagnosis','OTITIS EXTERNA, AS'),(700,'recommendations','KEEP BOTH EARS DRY'),(701,'history','1 WEEK PTC- REFERRED FOR HEARING LOSS AS '),(702,'ear_exam','FUNGAL ELEMENTS, AS '),(703,'ear_exam','FUNGAL ELEMENTS, AS'),(704,'chief_complaint','EAR CHARGES '),(705,'history','5 DAYS PTC, NOTED EAR DISCHARGE BILATERAL '),(706,'ear_exam','YELLOWISH FOUL-SMELLING DISCHARGE, AS, TYMPANIC MEMBRANE PERFORATION 40% AD '),(707,'past_medical_history','ON AND OFF EAR DISCHARGE SINCE 2017'),(708,'ear_exam','YELLOWISH FOUL-SMELLING DISCHARGE, AS'),(709,'ear_exam','TYMPANIC MEMBRANE PERFORATION 40% AD'),(710,'chief_complaint','SWELLING LEFT EAR '),(711,'history','1 WEEK PTC NOTED RIGHT EAR PAIN '),(712,'history','2 DAYS PTC LEFT EAR PAIN NOTED '),(713,'ear_exam','SWOLLEN EAR CANAL AS, MODERATE DISCHARGE AD, WITH INTACT TYMPANIC MEMBRANES '),(714,'diagnosis','OTITIS EXTERNA, AU '),(715,'recommendations','KEEP BOTH EARS DRY, FOLLOW UP AFTER 3 DAYS FOR REMOVAL OF EAR WICK '),(716,'ear_exam','SWOLLEN EAR CANAL AS'),(717,'ear_exam','MODERATE DISCHARGE AD, WITH INTACT TYMPANIC MEMBRANES'),(718,'diagnosis','OTITIS EXTERNA, AU'),(719,'recommendations','KEEP BOTH EARS DRY, FOLLOW UP AFTER 3 DAYS FOR REMOVAL OF EAR WICK'),(720,'chief_complaint','EAR FULLNES '),(721,'history','2 DAYS EAR ITCHINESS WITH DIFFICULTY IN HEARING '),(722,'ear_exam','BILATERAL YELLOWISH DISCHARGE, FUNGAL ELEMENTS, AU '),(723,'diagnosis','OTITIS EXTERNA WITH OTOMYCOSIS, AU '),(724,'ear_exam','BILATERAL YELLOWISH DISCHARGE'),(725,'diagnosis','OTITIS EXTERNA WITH OTOMYCOSIS, AU'),(726,'chief_complaint','EAR PAIN AU '),(727,'history','3 DAYS PTC, NOTED EAR PAIN '),(728,'ear_exam','BILATERAL SWOLLEN EAR CANAL '),(729,'notes','for removal of ear wick '),(731,'ear_exam','BILATERAL SWOLLEN EAR CANAL'),(732,'chief_complaint','CHIEF COMPLAINTS '),(733,'history','RECENT ILLNESS '),(734,'ear_exam','EAR DISCHARGE, AS, SWELLING RIGHT EAR CANA '),(735,'recommendations','SAL SPRAY '),(736,'past_medical_history','PAST MEDICAL HISTORY'),(740,'nose_exam','SLIGHTLY PALE'),(741,'diagnosis','CANALOLITHIASIS, MENIERE\'S DISEASE'),(748,'chief_complaint','CHIEF '),(749,'history','RECENT '),(750,'ear_exam','EAR DISCHARGE, AS, DRY CERUMEN, AU '),(751,'throat_exam','GRADE 2 TONSILS- BILATERAL, GRADE 3 TONSILS BILATERAL WITH TONSILLOLITH '),(752,'recommendations','SAL SPRAY, SAL SPRAY, SERRAPEPTASE 1 TAB TID '),(757,'diagnosis','S/P FESS BILATERAL (8-14-25) MIHMCI, S/P FESS (2016)'),(758,'recommendations','SAL SPRAY, SERRAPEPTASE 1 TAB TID'),(759,'history','3 WEEKS PTC NOTED THROAT DISCOMFORT '),(760,'throat_exam','NON HYPEREMIC TONSILS '),(761,'recommendations','FOR FLEXIBLE LARYNGOSCOPY IF WITH PHILHEALTH, THYROID ULTRASOUND '),(762,'notes','follow with result of laboratory '),(764,'past_medical_history','NOTED THYROID NODULES 10 YEARS PTC'),(765,'allergies','CLINDAMYCIN'),(766,'throat_exam','NON HYPEREMIC TONSILS'),(767,'recommendations','FOR FLEXIBLE LARYNGOSCOPY IF WITH PHILHEALTH'),(768,'recommendations','THYROID ULTRASOUND'),(769,'chief_complaint','HYPERTROPHIC TONSILS '),(770,'history','NOTED ENLARGED TONSILS SINCE CHILDHOOD '),(771,'history','NO RECURRENT INFECTION '),(772,'history','NO OSA SYMPTOMS AS CLAIMED '),(773,'throat_exam','GRADE 3 TONSILS- BILATERAL, NO TONSILLOLITH, NO HYPEREMIA '),(774,'diagnosis','TONSILLAR HYPERTROPHY- BILATERAL '),(775,'recommendations','OBSERVE FOR OSA SYMPTOMS, OBSERVE FOR RECURRENT INFECTION, FIT TO WORK '),(776,'throat_exam','GRADE 3 TONSILS- BILATERAL'),(777,'throat_exam','NO TONSILLOLITH'),(778,'throat_exam','NO HYPEREMIA'),(779,'diagnosis','TONSILLAR HYPERTROPHY- BILATERAL'),(780,'recommendations','OBSERVE FOR OSA SYMPTOMS'),(781,'recommendations','OBSERVE FOR RECURRENT INFECTION'),(782,'recommendations','FIT TO WORK'),(783,'history','1 WEEK PTC, NOTED HEARING LOSS '),(784,'history','3 DAYS NOTED EAR DISCOMFORT '),(785,'ear_exam','INFLAMED EAR CANAL AD, FUNGAL ELEMENTS, AU '),(786,'diagnosis','OTITIS EXTERNA, AU, OTOMYCOSIS, AU '),(787,'recommendations','PROPER EAR CLEANING, KEEP BOTH EARS DRY '),(788,'allergies','CLOTRIMOXAZOLE'),(789,'ear_exam','INFLAMED EAR CANAL AD'),(790,'history','1 MONTH TREATED FOR FUNGAL INFECTION '),(791,'history','GIVEN ANTIBIOTICS 2 COURSES - UNRECALLED '),(792,'ear_exam','YELLOWISH DISCHARGE AS, TYMPANIC MEMBRANE PERFORATION 30% '),(793,'diagnosis','RECURRENT OTITIS MEDIA AS '),(794,'past_medical_history','3 YEARS NOTED FUNGAL INFECTION'),(795,'ear_exam','YELLOWISH DISCHARGE AS'),(796,'ear_exam','TYMPANIC MEMBRANE PERFORATION 30%'),(797,'diagnosis','RECURRENT OTITIS MEDIA AS'),(798,'chief_complaint','OTORRHAGIA '),(799,'history','2 DAYS NOTED EAR BLEEDING '),(800,'ear_exam','INTACT TM - AU, ABRASION LEFT EAR CANAL '),(801,'diagnosis','ABRASION LEFT EAR CNAL '),(802,'ear_exam','ABRASION LEFT EAR CANAL'),(803,'diagnosis','ABRASION LEFT EAR CNAL'),(804,'chief_complaint','EAR PAIN AND TINNITUS '),(805,'history','3 DAYS NOTED EAR PAIN ASSOCIATED WITH VERTIGO '),(806,'history','5 DAYS PTC- CONSULT DONE AND GIVEN ANTI-VERTIGO BTAHISTINE 16MG X 5 DAYS '),(807,'ear_exam','INTACT TM - AU, DRY SCALY EAR WAX AU '),(808,'ear_exam','DRY SCALY EAR WAX AU'),(809,'recommendations','LOW SALT DIET, PTABS'),(810,'history','1 YEAR PTC NOTED ON AND OFF NASAL CONGESTION '),(811,'nose_exam','HYPERTROPHIC TURBINATES, NO POLYP '),(812,'nose_exam','HYPERTROPHIC TURBINATES'),(813,'nose_exam','NO POLYP'),(814,'recommendations','ALLERGEN AVOIDANCE'),(815,'chief_complaint','FOLLOW-UP CHECK UP- WITH RESULT OF PTABS '),(816,'history','CONSULTED 1 WEEK PTC FOR HEADACHE AND VERTIGO '),(817,'diagnosis','MENIERE\'S DISEASE, NOISE-INDUCED HEARING LOSS - LEFT EAR '),(818,'recommendations','LOW SALT DIET, CONTINUE VERTIGO EXERCISES AND LOW SALT DIET, AVOID LOUD NOISES '),(819,'past_medical_history','HYPERTENSION - ON LOSARTAN 50MG'),(820,'past_medical_history','DIABETIC - METFORMIN 500 MG, GLICLASIDE 80 MG'),(821,'past_medical_history','HYERCHOLESTEROLEMIA - ATORVASTATIN 10 MG'),(822,'past_medical_history','ON PHAREX B COMPLEX'),(823,'allergies','CO-TRIMOXAZOLE'),(824,'personal_social_history','WORKS IN COAL FIRE POWER PLANT'),(825,'personal_social_history','EXPOSD TO LOUD NOISE'),(826,'diagnosis','NOISE-INDUCED HEARING LOSS - LEFT EAR'),(827,'recommendations','CONTINUE VERTIGO EXERCISES AND LOW SALT DIET'),(828,'recommendations','AVOID LOUD NOISES'),(829,'history','SADAS '),(830,'history','NOTED NASAL DEFORMITY SECONDARY TO FALL '),(831,'history','FOLKS AND PATIENT OPTED FOR CONSERVATIVE MANAGEMENT '),(832,'recommendations','OBSERVE FOR UNTOWARD SYMPTOMS, CONSUME ALL MED TO COMPLETE 1 WEEK, TO COME ANYTIME IF WITH PROBLEM '),(833,'recommendations','OBSERVE FOR UNTOWARD SYMPTOMS'),(834,'recommendations','CONSUME ALL MED TO COMPLETE 1 WEEK'),(835,'recommendations','TO COME ANYTIME IF WITH PROBLEM'),(836,'history','NOTED EAR PAIN MORNING PTC '),(837,'history','GIVEN ANTIBIOTICS X 1 WEEK FOR CONGESTION '),(838,'history','1 WEEK NOTED VERTIGO ASSOCIATED WITH TINNITUS '),(839,'recommendations','LOW SALT DIET, VERTIGO EXERCISES, PTABS'),(840,'chief_complaint','EAR CHECK-UP '),(842,'ear_exam','EAR DISCHARGE, AD, MODERATE CERUMEN AS '),(843,'diagnosis','COM, S/P RADICAL MASTOIDECTOMY (2009) '),(844,'past_medical_history','S/P RADICAL MASTOIDECTOMY, AS (2009)'),(845,'past_medical_history','HPN'),(846,'ear_exam','EAR DISCHARGE, AD'),(847,'ear_exam','MODERATE CERUMEN AS'),(848,'diagnosis','COM, S/P RADICAL MASTOIDECTOMY (2009)'),(849,'chief_complaint','FOLLOW-UP CHECK-UP WITH RESULT OF HISTOPATH '),(850,'history','UNDERWENT BIOPSY OF INTRA NASAL MASS LAST OCTOBER 16 '),(851,'history','RESULT SHOWED INFLAMMATORY NASAL POLYP '),(852,'diagnosis','NASAL POLYP LEFT WITH MAXILLARY SINUSITIS, ANTROCHOANAL POLYP '),(853,'diagnosis','ANTROCHOANAL POLYP'),(854,'history','3 DAYS PTC- NOTED EAR PAIN '),(855,'history','SELF MEDICATED WITH MEFENAMIC ACID AND AMOXICILLIN '),(856,'ear_exam','MODERATE DISCHARGE, AD, SWOLLEN CANAL, AS '),(857,'recommendations','KEEP BOTH EARS DRY, PROPER EAR CLEANING '),(859,'ear_exam','MODERATE DISCHARGE, AD'),(860,'ear_exam','SWOLLEN CANAL, AS'),(861,'history','COUGH AND COLDS X 4 DAYS '),(862,'history','EAR PAIN NOTED MORNING PTC '),(863,'ear_exam','INFLAMED TYMPANIC MEMBRANE AND MIDDLE EAR EFFUSION, AS '),(864,'diagnosis','ACUTE OTITIS MEDIA, AS '),(865,'ear_exam','INFLAMED TYMPANIC MEMBRANE AND MIDDLE EAR EFFUSION, AS'),(866,'diagnosis','ACUTE OTITIS MEDIA, AS'),(867,'chief_complaint','EAR CHECK-UP FOR PMA APPLICATION '),(868,'history','NO SUBJECTIVE COMPLAINTS '),(869,'ear_exam','INTACT TM - AU, IMPACTED CERUMEN, AD '),(870,'diagnosis','IMPACTED CERUMEN, AD '),(871,'ear_exam','IMPACTED CERUMEN, AD'),(873,'history','DIAGNOSED WITH OTITIS MEDIA, AS '),(874,'ear_exam','50% TYMPANIC MEMBRANE PERFORATION, AD, WATERY DISCHARGE AD WITH POLYP, INTACT TM, AS '),(875,'diagnosis','CHRONIC OTITS MEDIA, AD, AURAL POYP, ALLERGIC RHINITIS '),(876,'recommendations','KEEP RIGHT EAR DRY, ALLERGEN AVOIDANCE '),(878,'ear_exam','50% TYMPANIC MEMBRANE PERFORATION, AD'),(879,'ear_exam','WATERY DISCHARGE AD WITH POLYP'),(880,'ear_exam','INTACT TM, AS'),(881,'diagnosis','CHRONIC OTITS MEDIA, AD, AURAL POYP'),(882,'recommendations','KEEP RIGHT EAR DRY'),(883,'history','2 YEARS PTC, NOTED LEFT FACIAL PARALYSIS, DIAGNOSED WITH BELL\'S PALSY '),(884,'history','1 YEAR PTC, CONSULTED CLINIC WITH CT SCAN (DEC. 2024) '),(885,'history','NOTED TEMPORRARL MASS '),(886,'history','ADVISED BIOPSY THUS ADMITTED AT WVMC (10-18-25) '),(887,'history','BIOPSY DONE (10-20-25) '),(888,'ear_exam','AURAL MASS, AS '),(889,'diagnosis','TEMPORAL BONE MASS WITH EXTENSION TO EAR CANAL, FACIAL NERVE PARALYSIS LEFT HB IV SECNDARY '),(890,'recommendations','FOLLOW UP WITH BIOPSY RESULT, CONTINUE HOME MEDS TO CONSUME, KEEP LEFT EAR DRY '),(891,'past_medical_history','MAINTAINED- AMLODIPINE, TRIMETHACIDINE, CARVEDILOL, CLOPIDOGREL AND ATORVASTATIN'),(892,'ear_exam','AURAL MASS, AS'),(893,'others_exam','LEFT FACIAL PARALYSIS HB-IV'),(894,'others_exam','LEFT POST AURICULAR MASS'),(895,'diagnosis','TEMPORAL BONE MASS WITH EXTENSION TO EAR CANAL'),(896,'diagnosis','FACIAL NERVE PARALYSIS LEFT HB IV SECNDARY'),(897,'recommendations','CONTINUE HOME MEDS TO CONSUME'),(898,'history','DIAGNOSED WITH RHINITIS '),(899,'history','ON AND OFF NASAL CONGESTION '),(900,'diagnosis','ALLERGIC RHINIS '),(901,'past_medical_history','HPN- ON LOSARTAN'),(902,'personal_social_history','SEA FARER'),(903,'nose_exam','HYPERTROPHIC TURBINATES, NO POLYP'),(904,'diagnosis','ALLERGIC RHINIS'),(905,'chief_complaint','FOLLOW-UP WITH RESULT OF CT SCAN OF THE PNS '),(906,'history','DIAGNOSED WITH MAXILLARY SINUSITIS '),(907,'history','CT SCAN REQUESTED AND ANTIBIOTICS GIVEN: '),(908,'history','AZITHROMYCIN, FLUIMUCIL, NASONEX, STELIX '),(909,'nose_exam','GRADE 1 NASAL POLYP, LEFT, HYPERTROPHIC TURBINATES BILATERAL '),(910,'diagnosis','RHINOSINUSITIS WITH GRADE 1 NASAL POLYP LEFT '),(911,'recommendations','REGULAR FOLLOW-UP FOR MONITORING OF POLYP, ALLERGEN AVOIDANCE, FOR ALLERGY TEST C/O DR. PATRIMONIO '),(912,'allergies','DUST AND MICROFIBER'),(914,'personal_social_history','LAWYER'),(915,'nose_exam','GRADE 1 NASAL POLYP, LEFT'),(916,'nose_exam','HYPERTROPHIC TURBINATES BILATERAL'),(917,'diagnosis','RHINOSINUSITIS WITH GRADE 1 NASAL POLYP LEFT'),(918,'recommendations','REGULAR FOLLOW-UP FOR MONITORING OF POLYP'),(919,'recommendations','FOR ALLERGY TEST C/O DR. PATRIMONIO'),(920,'chief_complaint','EAR IRCHINESS '),(921,'history','ON AND OFF EAR ITCHINESS '),(922,'history','2 WEEKS PTC, NOTED RINGING- TINNITUS '),(923,'ear_exam','INTACT TM - AU, FUNGAL ELEMENTS AS '),(924,'recommendations','KEEP LEFT EAR DRY, PROPER EAR CLEANING '),(925,'personal_social_history','CALL CENTER, HOME BASED'),(926,'ear_exam','FUNGAL ELEMENTS AS'),(927,'chief_complaint','EAR BLEEDING '),(928,'history','1 DAY PTC NOTED BLEEDING WHILE MANIPULATION '),(929,'ear_exam','FUNGAL ELEMENTS, AU, SWOLLEN EAR CANAL AS '),(930,'diagnosis','OTITIS EXTRNA, AS, OTOMYCOSIS, AU '),(931,'diagnosis','OTITIS EXTRNA, AS'),(932,'history','1 WEEK EAR DISCHARGE WITH HEARING LOSS '),(933,'ear_exam','YELLOWISH EAR DISCHARGE, AS '),(934,'ear_exam','YELLOWISH EAR DISCHARGE, AS'),(935,'chief_complaint','EAR FULLNESS '),(936,'history','3 DAYS PTC- NOTED EAR FULLNESS '),(937,'ear_exam','EAR WAX AU '),(938,'ear_exam','EAR WAX AU'),(939,'chief_complaint','EAR DISCHARGE AS '),(940,'history','ON AND OFF EAR DISCHARGE '),(941,'ear_exam','YELLOWISH DISCHARGE AS '),(942,'diagnosis','OTITIS MEDIA ASWITH OTITIS EXTERNA AND ECZEMA '),(943,'past_medical_history','ON KETOANALOGUES'),(944,'diagnosis','OTITIS MEDIA ASWITH OTITIS EXTERNA AND ECZEMA'),(945,'chief_complaint','EAR PAIN, AS '),(946,'history','1 WEEK PTC, ACCIDENTALLY FILLED WITH WATER IN THE SWIMMING POOL, LEFT EAR '),(947,'ear_exam','INFLAMED EAR CANAL, AS, IMPACTED WAX '),(948,'diagnosis','OTITIS EXTERNA, AS, OTITIS MEDIA, AS '),(951,'ear_exam','INFLAMED EAR CANAL, AS'),(952,'ear_exam','IMPACTED WAX'),(953,'diagnosis','OTITIS MEDIA, AS'),(954,'history','1WEEK GIVEN MEDS FOR EAR WAX '),(955,'recommendations','PROPER EAR CLEANING, FOR PTA '),(956,'recommendations','FOR PTA'),(957,'chief_complaint','EAR PAIN, RIGHT '),(958,'history','3 DAYS NOTED EAR PAIN '),(959,'ear_exam','PERFORATED TM, AS 90%, INFLAMED EAR CANAL AD, WITH FUNGAL ELEMENTS '),(960,'diagnosis','OTITIS MEDIA WITH OTOMYCOSIS, AD, PERFORATED TM, AS '),(961,'ear_exam','PERFORATED TM, AS 90%'),(962,'ear_exam','INFLAMED EAR CANAL AD, WITH FUNGAL ELEMENTS'),(963,'diagnosis','OTITIS MEDIA WITH OTOMYCOSIS, AD'),(964,'diagnosis','PERFORATED TM, AS'),(965,'history','5 DAYS PTC- PATIENT REACTION TO SOAP '),(966,'history','NOTED EAR IRRITATION THEN AFTER '),(967,'ear_exam','INFLAMED EAR CANAL AU '),(968,'ear_exam','INFLAMED EAR CANAL AU'),(969,'history','1 WEEK PTC- NOTED THROAT DISCOMFORT '),(970,'history','GIVEN ANTI-REFLUX '),(971,'history','SYMPTOMS IMPROVED BUT STILL WITH DISCOMFORT AT LEFT POSTERIOR TONGUE '),(972,'diagnosis','LARYNGO-PHARYNGEAL REFLUX, TONSILLOLITH BASE OF THE TONGUE, LEFT '),(973,'recommendations','FOR FLEXIBLE LARYNGOSCOPY IF WITH PHILHEALTH, C/O MEDICUS AMBULATORY ON WED, OCTOBER 29, 2025, 9AM '),(974,'notes','for fnl, medicus ambulatory '),(976,'diagnosis','LARYNGO-PHARYNGEAL REFLUX'),(977,'diagnosis','TONSILLOLITH BASE OF THE TONGUE, LEFT'),(978,'recommendations','C/O MEDICUS AMBULATORY ON WED, OCTOBER 29, 2025, 9AM'),(979,'nose_exam','CRUSTING LESION NOSE '),(980,'diagnosis','FURUNCLE, NASAL SEPTUM '),(981,'recommendations','AVOID MANIPULATION IN THE NOSE '),(982,'nose_exam','CRUSTING LESION NOSE'),(983,'diagnosis','FURUNCLE, NASAL SEPTUM'),(984,'recommendations','AVOID MANIPULATION IN THE NOSE'),(985,'chief_complaint','FOLLOW UP WITH RESULT OF PTABS '),(986,'history','OCCASIONAL TINNITUS '),(987,'history','NO VERTIGO '),(988,'history','MILD SNHL ON PTABS '),(989,'recommendations','LOW SALT DIET, CONTINUE VERTIGO EXERCISES AND LOW SALT DIET, AVOID LOUD NOISES'),(990,'ear_exam','ATTIC PERFORATION,AD, MINIMAL YELLOWISH DISCHARGE, AS '),(991,'diagnosis','CHRONIC OTITIS MEDIA, AU '),(992,'recommendations','CONTINUE EAR DROPS ONCE A DAY X 1 WEEK MORE, FOR CT SCAN OF THE TEMPORAL BONE IF UNRESOLVED, YEARLY MONITORING, CLEARED FOR WORK '),(993,'past_medical_history','WITH OSA SYMPTOMS'),(994,'ear_exam','ATTIC PERFORATION,AD'),(995,'ear_exam','MINIMAL YELLOWISH DISCHARGE, AS'),(996,'diagnosis','CHRONIC OTITIS MEDIA, AU'),(997,'recommendations','CONTINUE EAR DROPS ONCE A DAY X 1 WEEK MORE'),(998,'recommendations','FOR CT SCAN OF THE TEMPORAL BONE IF UNRESOLVED'),(999,'recommendations','YEARLY MONITORING'),(1000,'recommendations','CLEARED FOR WORK'),(1001,'history','5 DAYS PTC, NOTED EAR DISCHARGE '),(1002,'history','NASAL CATARRH '),(1003,'history','POST NASAL DRIP WITH COUGH '),(1004,'ear_exam','INFLAMED EAR CANAL AND TM, AD, FUNGAL ELEMENTS AS '),(1005,'diagnosis','OTOMYCOSIS, AU, OTITIS EXTERNA, AD '),(1008,'past_medical_history','1 YEAR DIAGNOSED WITH EAR INFECTION'),(1009,'past_medical_history','WITH PREVIOUS RECORD'),(1010,'ear_exam','INFLAMED EAR CANAL AND TM, AD'),(1011,'diagnosis','OTITIS EXTERNA, AD'),(1012,'ear_exam','EAR WAX- DRY '),(1013,'diagnosis','IMPACTED CERUMEN, OTOMYCOSIS, AU '),(1014,'ear_exam','EAR WAX- DRY'),(1015,'history','3 DAYS PTC- NOTED HEADACHE AND NASAL PAIN '),(1016,'history','GIVEN CELECOXIB, CLINDAMYCIN, ESOMEPRAZOLE AND NASONEX '),(1017,'nose_exam','HYPEREMIC NASAL MUCOSA AND TURBINATES '),(1018,'diagnosis','ALLERGIC RHINITIS WITH SINUSITIS '),(1019,'recommendations','CONTINUE ALL MEDS UNTIL CONSUMED '),(1020,'personal_social_history','HOUSEWIFE'),(1021,'personal_social_history','WITH PETS INSIDE THE HOUSE'),(1022,'nose_exam','HYPEREMIC NASAL MUCOSA AND TURBINATES'),(1023,'diagnosis','ALLERGIC RHINITIS WITH SINUSITIS'),(1024,'recommendations','CONTINUE ALL MEDS UNTIL CONSUMED'),(1027,'ear_exam','SLIGHTLY WET EAR, AS, DRY WAX AD '),(1028,'past_medical_history','NOTED DRY SKIN AND FLAKES'),(1029,'past_medical_history','LEFT EAR'),(1030,'ear_exam','SLIGHTLY WET EAR, AS'),(1031,'ear_exam','DRY WAX AD'),(1032,'history','1 MONTH PTC- NOTED IRRITATION '),(1033,'history','MORNING PTC- PAIN NOTED THUS THIS CONSULT '),(1034,'ear_exam','INTACT TM - AU, DRY EAR WAX '),(1035,'diagnosis','TRIGEMINAL NEURALGIA '),(1036,'ear_exam','DRY EAR WAX'),(1037,'diagnosis','TRIGEMINAL NEURALGIA'),(1038,'chief_complaint','`EAR PAIN '),(1039,'history','MONTHS PTC NOTED ITCHINESS '),(1040,'history','1 WEEK PAIN NOTED '),(1041,'ear_exam','INFLAMED EAR CANAL, AS, MIODERATE CERUMEN, AD '),(1042,'diagnosis','OTITIS EXTERNA WITH OTOMYCOSIS AS, IMPACTED CERUMEN, AD '),(1043,'ear_exam','MIODERATE CERUMEN, AD'),(1044,'diagnosis','OTITIS EXTERNA WITH OTOMYCOSIS AS'),(1046,'history','GIVEN ANTIBIOTICS 1 WEEK PTC '),(1047,'ear_exam','DECREASED SWELLING LEFT ER CANAL, INTACT TM - AU '),(1048,'diagnosis','OTITIS EXTERNA, AS, RESOLVING '),(1049,'recommendations','PROPER EAR CLEANING, KEEP LEFT EAR DRY '),(1050,'ear_exam','DECREASED SWELLING LEFT ER CANAL'),(1051,'diagnosis','OTITIS EXTERNA, AS, RESOLVING'),(1052,'history','1 WEEK PTC, NOTED EAR PAIN '),(1053,'ear_exam','INFLAMED EAR CANAL, AS '),(1054,'diagnosis','OTITIS EXTERNA WITH OTOMYCOSIS AS '),(1056,'history','NO PAIN '),(1057,'ear_exam','DRY CERUMEN, AS, INTACT TM - AU '),(1058,'diagnosis','IMPACTED CERUMEN, SENSORINEURAL HEARING LOSS '),(1059,'past_medical_history','DIAGNOSED WITH ALZHEIMER\'S DISEASE'),(1060,'ear_exam','DRY CERUMEN, AS'),(1061,'diagnosis','SENSORINEURAL HEARING LOSS'),(1062,'chief_complaint','FOLLOW-UP CHECK UP '),(1063,'history','1 WEEK TREATED FOR OTOMYCOSIS AND OTITIS EXTERNA '),(1064,'diagnosis','OTITIS EXTRNA, AS, OTOMYCOSIS, AU'),(1065,'chief_complaint','FOLLOW-UP WITH RESULT OF PTABS '),(1066,'history','1 WEEK CONSULTED FOR EAR CLEANING '),(1067,'diagnosis','NORMAL HEARING AU '),(1068,'diagnosis','NORMAL HEARING AU'),(1069,'history','NOTED IRRITATIONRIGHT EAR ESPECIALLY WHEN LYING DOWN '),(1070,'ear_exam','IMPACTED CERUMEN, AS, IMPACTED CERUMEN WITH PERFORATION, AD '),(1071,'diagnosis','IMPACTED CERUMEN AU, OTITIS MEDIA , AD '),(1072,'ear_exam','IMPACTED CERUMEN, AS'),(1073,'ear_exam','IMPACTED CERUMEN WITH PERFORATION, AD'),(1074,'diagnosis','OTITIS MEDIA , AD'),(1075,'chief_complaint','EPISTAXIS ON AND OFF '),(1076,'history','MONTHS PTC, NOTED ON AND OFF EPISTAXIS '),(1077,'history','1 WEEK PTC PERSISTENCE OF SYMPTOMS, THUS CONSULT '),(1078,'nose_exam','CONGESTED TURBINATES, ENLARGED ADENOIDS, NASAL SEPTAL ABRASION LEFT, MINIMAL DISCHARGE '),(1079,'diagnosis','RHINOSINUSITIS WITH INACTIVE EPISTAXIS, HYPERTROPHIC ADENOIDS, NASAL SEPTAL ABRASION, LEFT '),(1080,'recommendations','FOR X RAY OF THE PNS, TO COME BACK WITH RESULT '),(1081,'notes','with result of x ray '),(1083,'past_medical_history','CHILDHOOD HISTORY OF NASAL CONGESTION'),(1084,'nose_exam','CONGESTED TURBINATES'),(1085,'nose_exam','ENLARGED ADENOIDS'),(1086,'nose_exam','NASAL SEPTAL ABRASION LEFT'),(1087,'nose_exam','MINIMAL DISCHARGE'),(1088,'diagnosis','RHINOSINUSITIS WITH INACTIVE EPISTAXIS'),(1089,'diagnosis','HYPERTROPHIC ADENOIDS'),(1090,'diagnosis','NASAL SEPTAL ABRASION, LEFT'),(1091,'recommendations','FOR X RAY OF THE PNS'),(1092,'recommendations','TO COME BACK WITH RESULT'),(1093,'chief_complaint','PAIN LEFT EAR '),(1094,'history','4 DAYS NOTED SHOOTING PAIN LEFT POST- AURICULAR AREA '),(1095,'past_medical_history','AMLODIPINE'),(1096,'history','MANAGED AS A CASE OF OTITIS EXTERNA '),(1097,'ear_exam','MODERATE DISCHARGE, AS '),(1098,'recommendations','CONTINUE ALL MEDS UNTIL CONSUMED, PROPER EAR CLEANING '),(1099,'ear_exam','MODERATE DISCHARGE, AS'),(1100,'history','1 WEEK PTC, NOTED EAR FULLNESS '),(1101,'diagnosis','SENSORINEURAL HEARING LOSS '),(1102,'recommendations','FOR PTABS '),(1103,'notes','follow up with result of hearing test '),(1105,'past_medical_history','HPN- ON TELMISARTAN (MICARDIS) 40 MG'),(1106,'past_medical_history','HYPERCHOLESTEROLEMIA- ON ATORVASTATIN 20 MG'),(1107,'personal_social_history','DELIVERY'),(1108,'recommendations','FOR PTABS'),(1109,'chief_complaint','FOLLOW-UP CHECK UP WITH RESULT OF THYROID FUNCTION TEST '),(1110,'history','TREATED FOR SUBCLINICAL HYPOTHYROIDISM '),(1111,'history','GIVEN LEVOTHYROXINE 100 MCG TABLET X 1 MONTH '),(1112,'diagnosis','SUBCLINICAL HYPOTHYROIDISM '),(1113,'recommendations','FOLLOW-UP AFTER 1 MONTH FOR MONITORING '),(1114,'others_exam','DIFFUSE THYROID MASS'),(1115,'diagnosis','SUBCLINICAL HYPOTHYROIDISM'),(1116,'recommendations','FOLLOW-UP AFTER 1 MONTH FOR MONITORING'),(1117,'history','NOTED EAR WAX WHICH REQUIRE EAR CLEANING AT LEAST EVRY MONTH '),(1118,'ear_exam','INTACT TM - AU, IMPACTED WAX '),(1119,'chief_complaint','LEFT POST-AURICULAR SWELLING '),(1120,'history','NOTED LEFT POST-AURICULAR MASSS, NON TENDER > 1 YEAR PTC '),(1121,'diagnosis','PLEOMORPHIC ADENOMA, LEFT PAROTID '),(1122,'recommendations','FOR FNAB AND UTZ '),(1123,'others_exam','LEFT INFRA-AURICULAR MASS, MOBILE, NON TENDER, FIRM APPROXIMATELY 1.5 X 1.5 CM'),(1124,'diagnosis','PLEOMORPHIC ADENOMA, LEFT PAROTID'),(1125,'recommendations','FOR FNAB AND UTZ'),(1126,'ear_exam','MODERATE CERUMEN, AU, INTACT TM - AU '),(1127,'ear_exam','MODERATE CERUMEN, AU'),(1128,'history','1 DAY PTC, NOTED EAR FULLNESS AFTER A FLIGHT '),(1129,'ear_exam','IMPACTED CERUMEN WITH PERFORATION, AS, IMPACTED CERUMEN WITH MILD OTITIS MEDIA, AD '),(1130,'diagnosis','IMPACTED CERUMEN AU, MILD OTITIS MEDIA, AD '),(1131,'ear_exam','IMPACTED CERUMEN WITH PERFORATION, AS'),(1132,'ear_exam','IMPACTED CERUMEN WITH MILD OTITIS MEDIA, AD'),(1133,'diagnosis','MILD OTITIS MEDIA, AD'),(1134,'history','THROAT DISCOMFORT NOTED 4 DAYS PTC '),(1135,'throat_exam','NON ENLARGED TONSILS '),(1136,'diagnosis','LARYNGO-PHARYNGEAL REFLUX '),(1137,'recommendations','FOR REPEAT FLEXIBLE LARYNGOSCOPY IF UNRELIEVED '),(1138,'past_medical_history','NOTED SUSPICIOUS NODULE VOCAL CORDS- SEPT 2025'),(1139,'past_medical_history','FLEXIBLE LARYNGOSCOPY DONE AT METRO ILOILO'),(1140,'throat_exam','NON ENLARGED TONSILS'),(1141,'recommendations','FOR REPEAT FLEXIBLE LARYNGOSCOPY IF UNRELIEVED'),(1143,'ear_exam','BILATERAL IC, HYPEREMIC TM- AU '),(1144,'diagnosis','IMPACTED CERUMEN AU, ACUTE OTITIS MEDIA- AU '),(1145,'past_medical_history','TREATED FOR URTI 1 WEEK PTC'),(1146,'ear_exam','BILATERAL IC'),(1147,'ear_exam','HYPEREMIC TM- AU'),(1148,'diagnosis','ACUTE OTITIS MEDIA- AU'),(1149,'ear_exam','INTACT TM - AU, IC- AD '),(1150,'ear_exam','IC- AD'),(1152,'history','EAR DISCHARGE X 2 DAYS '),(1153,'ear_exam','YELLOWISH DISCHARGE AD WITH PERFORATED TM, INTACT TM,AS '),(1154,'diagnosis','ACUTE OTITIS MEDICA, AD '),(1155,'past_medical_history','CONSULTED LAST JUNE FOR EAR INFECTION'),(1156,'ear_exam','YELLOWISH DISCHARGE AD WITH PERFORATED TM'),(1157,'ear_exam','INTACT TM,AS'),(1158,'diagnosis','ACUTE OTITIS MEDICA, AD'),(1159,'chief_complaint','EAR FOREIGN BODY '),(1160,'history','6 DAYS PTC- PATIENT INSERTED FOREIGN OBJECT ON THE LEFT EAR '),(1161,'diagnosis','FOREIGN BODY, CLAY AD, FOREIGN BODY, STONE, AS '),(1162,'recommendations','FOLLOW UP AFTER 1 WEEK FOR REMOVAL OF FOREIGN BODY '),(1163,'diagnosis','FOREIGN BODY, CLAY AD'),(1164,'diagnosis','FOREIGN BODY, STONE, AS'),(1165,'recommendations','FOLLOW UP AFTER 1 WEEK FOR REMOVAL OF FOREIGN BODY'),(1166,'ear_exam','PERFORARTED TM, AS '),(1167,'diagnosis','OTITIS MEDIA WITH TM PERFORATION BILATERAL, RIGHT 10% LEFT 90% '),(1168,'ear_exam','PERFORARTED TM, AS'),(1169,'diagnosis','OTITIS MEDIA WITH TM PERFORATION BILATERAL, RIGHT 10% LEFT 90%'),(1170,'chief_complaint','FOLLOWUP CHECK-UP '),(1171,'ear_exam','MINIMAL DISCHARGE, AS, ECZEMA RESOLVED '),(1172,'ear_exam','MINIMAL DISCHARGE, AS'),(1173,'ear_exam','ECZEMA RESOLVED'),(1174,'chief_complaint','FOLLOW-UP CHECK -UP '),(1175,'history','GIVEN ANTIBIOTICS X 1 WEEK '),(1176,'ear_exam','DECREASED DISCHARGE, BOTH EARS, PERFORATED TM, AD 50%, INFLAMED TM, AS '),(1177,'diagnosis','CHRONIC OTITIS MEDIA AU, WITH TM PERFORATION '),(1178,'recommendations','KEEP BOTH EARS DRY, CONTINUE EAR DROPS, OD X 1 WEEK MORE THEN AS NEEDED '),(1179,'ear_exam','DECREASED DISCHARGE, BOTH EARS'),(1180,'ear_exam','PERFORATED TM, AD 50%'),(1181,'ear_exam','INFLAMED TM, AS'),(1182,'diagnosis','CHRONIC OTITIS MEDIA AU, WITH TM PERFORATION'),(1183,'recommendations','CONTINUE EAR DROPS, OD X 1 WEEK MORE THEN AS NEEDED'),(1184,'chief_complaint','EAR CHECK -UP '),(1185,'history','5 DAYS PTC, NOTED EAR WAX '),(1186,'history','4 DAYS PTC- NOTED EAR PAIN '),(1187,'ear_exam','FURUNCLE, LEFT EAR CANAL '),(1188,'ear_exam','FURUNCLE, LEFT EAR CANAL'),(1189,'chief_complaint','NASAL CONSULT '),(1190,'history','3 DAYS PTC- POST NASAL DRIP, COUGH AND IRRITATION '),(1191,'nose_exam','MUCOID CLEAR POST NASAL DRIP '),(1192,'diagnosis','RHINOSINUSITIS WITH POST NASAL DRIP '),(1193,'past_medical_history','6 MONTHS PTC, NOTED BACK PAIN'),(1194,'nose_exam','MUCOID CLEAR POST NASAL DRIP'),(1195,'history','5 DAYS PTC- PATIENT MANIPULATED HIS LEFT EAR '),(1196,'history','NOTE OF MUCOID DISCHARGE '),(1197,'history','EAR PAIN PAIN NOTED '),(1198,'ear_exam','EAR DISCHARGE AS, INFLAMED EAR CANAL, AS '),(1199,'ear_exam','EAR DISCHARGE AS'),(1200,'history','13 DYAS PTC- NOTED COUGH '),(1201,'history','10 DAYS PTC- HEARING LOSS NOTED '),(1202,'history','TOOK REXIDOL AND ASCOFF FOR COUGH '),(1203,'ear_exam','INTACT TM- AU '),(1204,'diagnosis','SUDDEN SENSORINEURAL HEARING LOSS- AU '),(1205,'past_medical_history','NO KNOWN CO MORBIDITIES'),(1206,'ear_exam','INTACT TM- AU'),(1207,'diagnosis','SUDDEN SENSORINEURAL HEARING LOSS- AU'),(1208,'history','PATIENT HAD VEHICULAR ACCIDENT AT ZARRAGA ILOILO '),(1209,'history','NOI: VEHICULAR ACCIDENT '),(1210,'history','DOI: SEPT 20, 2025 '),(1211,'history','TOI: 6:30 AM '),(1212,'history','POI: ZARRAGA ILOILO '),(1213,'history','UNDERWENT ORIF OF MANDIBULAR FRACTURE AT MIHMCI SEPT. 24, 2025 '),(1214,'diagnosis','COMMINUTED MANDIBULAR FRACTURE LEFT PARASYMPHYSEAL AREA, INVOLVEMENT OF LEFT MENTAL NERVE '),(1215,'recommendations','CONTINUE ALANERVE, FIT TO WORK FROM ENT '),(1216,'others_exam','WELL COAPTATED OPERATIVE SITE, LEFT GINGIVOLABIAL AREA OF THE MANDIBLE'),(1217,'others_exam','NO DISCHAGE'),(1218,'others_exam','NO TRISMUS'),(1219,'others_exam','GOOD OCCLUSION'),(1220,'diagnosis','COMMINUTED MANDIBULAR FRACTURE LEFT PARASYMPHYSEAL AREA'),(1221,'diagnosis','INVOLVEMENT OF LEFT MENTAL NERVE'),(1222,'recommendations','CONTINUE ALANERVE'),(1223,'recommendations','FIT TO WORK FROM ENT'),(1224,'chief_complaint','FOLLOW-UP CHECK-UP '),(1225,'history','TREATED FOR IMPACTED CERUMEN AND OTOMYCOSIS '),(1226,'ear_exam','MINIMAL DISCHARGEAU '),(1227,'diagnosis','OTITIS EXTERNA, AU, RESOLVED '),(1228,'ear_exam','MINIMAL DISCHARGEAU'),(1229,'diagnosis','OTITIS EXTERNA, AU, RESOLVED'),(1230,'chief_complaint','FOR CLEARANCE FROM ALLERGIC RHINITIS '),(1231,'history','1 WEEK PTC- NOTED ALLERGIC RHINITIS '),(1232,'history','GIVEN MOMETASONE NASAL SPRAY '),(1233,'nose_exam','NON ENLARGED TURBINATES, NO POLYP OR MASSES '),(1234,'diagnosis','ALLERGIC RHINITIS, CONTROLLED '),(1235,'personal_social_history','SEAMAN'),(1236,'nose_exam','NON ENLARGED TURBINATES'),(1237,'nose_exam','NO POLYP OR MASSES'),(1238,'diagnosis','ALLERGIC RHINITIS, CONTROLLED'),(1239,'history','5 YEARS-PTC NOTED ONSET OF VERTIGO '),(1240,'history','4 MOTHS PTC- CONSULTED DR LABRA AND DIAGNOSED WITH CERVICOGENIC SPASM '),(1241,'diagnosis','CERVICOGENIC VERTIGO '),(1242,'recommendations','PTABS IF UNRESOLVED '),(1243,'past_medical_history','INCREASED URIC ACID- ON FEBUXUXTAT'),(1244,'diagnosis','CERVICOGENIC VERTIGO'),(1245,'history','1 MONTH PTC- NOTED EAR PAIN WITH HEARING LOSS '),(1246,'history','CONSULT DONE AND GIVEN- OTICUM, PARADRIN, SULTAMICILLIN, MTV '),(1247,'ear_exam','YELLOWISH DISCHARGE, AS, INTACT TM AD '),(1248,'ear_exam','YELLOWISH DISCHARGE, AS'),(1249,'ear_exam','INTACT TM AD'),(1250,'history','ON AND OFF HEARING LOSS NOTED > 1 MONTH PTC '),(1251,'ear_exam','BILATERAL CERUMEN, AU '),(1252,'diagnosis','IMPACTED CERUMEN WITH OTITIS MEDIA, AU '),(1253,'ear_exam','BILATERAL CERUMEN, AU'),(1254,'diagnosis','IMPACTED CERUMEN WITH OTITIS MEDIA, AU'),(1255,'history','10 DAYS PTC- PATIENT NOTED LEFT SUPRA CLAVICULAR MASS '),(1256,'history','>2WEEKS PTC- NOTED HOARSENESS '),(1257,'diagnosis','LEFT SUPRA CLAVICULAR MASS T/C METASTASIS '),(1258,'recommendations','FOR UTZ OF THE NECK, PTABS, FOR FNL ON WED, 11-12-25 (MMC) '),(1259,'past_medical_history','BREAST CA- 2023 S/P CHEMO-RADIATION (2024)'),(1260,'past_medical_history','PSYCHOTIC BEHAVIOR- 2020'),(1261,'past_medical_history','HEARING LOSS- NOTED'),(1262,'ear_exam','INTACT TM AU'),(1263,'others_exam','LEFT CLAVICULAR MASS, SOFT, NON TENDER'),(1264,'diagnosis','LEFT SUPRA CLAVICULAR MASS T/C METASTASIS'),(1265,'recommendations','FOR UTZ OF THE NECK'),(1266,'recommendations','FOR FNL ON WED, 11-12-25 (MMC)'),(1267,'history','PATIENT HAD NASAL DISCHARGE AND CONGESTION '),(1268,'recommendations','FOR XRAY OF THE PNS- WATER\'S VIEW UPRIGHT '),(1269,'recommendations','FOR XRAY OF THE PNS- WATER\'S VIEW UPRIGHT'),(1270,'past_medical_history','COCHICINE- 0.5 MG'),(1271,'past_medical_history','ATORVASTATIN 40 MG'),(1272,'past_medical_history','CLOPIDOGREL 75MG'),(1273,'past_medical_history','FISH OMEGA 3 ( 1000MG)'),(1274,'history','1 WEEK AGO TREATED FOR OM '),(1275,'ear_exam','CENTRAL PERFORATION, AS, DECREASED DISCHARGE, AS '),(1276,'diagnosis','RECURRENT OTITIS MEDIA, AS '),(1277,'ear_exam','CENTRAL PERFORATION, AS'),(1278,'ear_exam','DECREASED DISCHARGE, AS'),(1279,'diagnosis','RECURRENT OTITIS MEDIA, AS'),(1280,'chief_complaint','HEARIMG LOSS '),(1281,'history','10 DAYS PTC- NOTED EAR PAIN WITH FULLNESS '),(1282,'history','GIVEN BACTICEF AND PND '),(1283,'ear_exam','FUNGAL ELEMENTS AD, INFLAMED EAR CANAL, AD '),(1284,'diagnosis','OTITIS EXTERNA WITH OTOMYCOSIS AD '),(1285,'recommendations','KEEP RIGHT EAR DRY, PROPER EAR CLEANING '),(1288,'past_medical_history','DIABETIC- ON GLICLAZIDE AND TRIGENTA'),(1289,'past_medical_history','HISTORY OF SEIZURE DISORDER'),(1290,'past_medical_history','HPN- ON  LOSARTAN+ AMLODIPNE 50/5 MG'),(1291,'ear_exam','FUNGAL ELEMENTS AD'),(1292,'ear_exam','INFLAMED EAR CANAL, AD'),(1293,'diagnosis','OTITIS EXTERNA WITH OTOMYCOSIS AD'),(1294,'history','FOLLOW-UP CHECK WITH RESULT OF ULTRASOUND '),(1295,'diagnosis','PAROTID ADENOMA LEFT '),(1296,'recommendations','FOR FNAB, ADVISED PAROTIDECTOMY, AS ELECTIVE PROCEDURE '),(1297,'diagnosis','PAROTID ADENOMA LEFT'),(1298,'recommendations','FOR FNAB'),(1299,'recommendations','ADVISED PAROTIDECTOMY, AS ELECTIVE PROCEDURE'),(1300,'chief_complaint','COUGH WITH CONGESTION '),(1301,'history','DIAGNOSED WITH NASAL POLYP APRIL 2025 '),(1302,'nose_exam','NASAL CONGESTION, NO POLYP OR MASSES '),(1303,'diagnosis','RHINOSINUSITIS WITH HYPERTROPHIC TURBINATES '),(1304,'past_medical_history','S/P FESS AND SEPTO RHINOPLASTY 4-17-17'),(1305,'past_medical_history','ON AMLODIPNE FOR HPN'),(1306,'past_medical_history','ON ZYKAST X 10 DAYS'),(1308,'diagnosis','RHINOSINUSITIS WITH HYPERTROPHIC TURBINATES'),(1309,'history','PAIN NOTED ON AND OFF X 1 MONTH '),(1310,'history','CHECK-UP AT RHU GIVEN RAPIDAX X 1 WEEK '),(1311,'history','PAIN PERSISTED '),(1312,'ear_exam','FUNGAL ELEMENTS AS, INFLAMED EAR CANAL, AS '),(1313,'diagnosis','OTITIS EXTERNA WITH OTOMYCOSIS AS, OTITIS MEDIA, AS '),(1316,'past_medical_history','RECURRENT EPISTAXIS AT 8 YEARS OLD'),(1317,'history','ON AND OFF NASAL CATARRH '),(1318,'history','CONSULT DONE AT CALINOG GIVEN NASAL SPRAY-UNRECALLED '),(1319,'history','SELF MEDICATED CETIRIZINE PRN '),(1320,'nose_exam','YELLOWISH NASAL DISCHARGE, HYPEREMIC TURBINATES '),(1321,'diagnosis','ALLERGIC RHINOSINUSITIS '),(1322,'recommendations','X-RAY OF THE PNS WATER\'S VIEW UPRIGHT '),(1323,'nose_exam','YELLOWISH NASAL DISCHARGE'),(1324,'nose_exam','HYPEREMIC TURBINATES'),(1325,'diagnosis','ALLERGIC RHINOSINUSITIS'),(1326,'recommendations','X-RAY OF THE PNS WATER\'S VIEW UPRIGHT'),(1327,'chief_complaint','BREAST MASS '),(1328,'history','NOTED MASS AT LEFT BREAST- 6 MONTHS PTC '),(1329,'history','COSULT WITH GENERAL SURGEON AND ADVISED BIOPSY '),(1330,'diagnosis','NON TOXIC GOITER, BREAST MASS LEFT '),(1331,'recommendations','FOR BREAST BIOPSY AND OPERATION '),(1332,'past_medical_history','DIAGNOSED WITH GOITER COLLEGE YEARS'),(1333,'past_medical_history','DIAGNOSED WITH- DIABETES- ON MAINTENANCE- GLIMEPERIDE 2 MG'),(1334,'past_medical_history','DAPAGLIFOZIN 10 MG'),(1335,'past_medical_history','ATORVASTATIN 20 MG'),(1336,'others_exam','BREAST MASS LEFT'),(1337,'diagnosis','NON TOXIC GOITER'),(1339,'recommendations','FOR BREAST BIOPSY AND OPERATION'),(1340,'history','EAR FULLNESS NOTED ASSOCIATED WITH PRURITUS '),(1341,'ear_exam','INTACT TM- AU, EAR WAX AU '),(1342,'diagnosis','IMPACTED CERUMEN AU, ALLERGIC RHINITIS '),(1343,'recommendations','PROPER EAR CLEANING, ALLERGEN AVOIDANCE '),(1344,'history','3 WEEKS PTC, NOTED EAR PAIN '),(1345,'history','TOOK MEFENAMIC ACID WHICH OFFERED RELLEF '),(1346,'history','ASSOCIATED WITH UNERRUPTED 3RD MOLAR '),(1347,'diagnosis','TRIGEMINAL NEURALGIA, RIGHT '),(1348,'diagnosis','TRIGEMINAL NEURALGIA, RIGHT'),(1349,'chief_complaint','FOR MEDICAL CERTIFICATE '),(1350,'history','REFERRED FOR CLEARANCE '),(1351,'diagnosis','TONSILLAR HYPERTROPHY- BILATERAL GRADE 2-3 '),(1352,'recommendations','OBSERVE FOR OSA SYMPTOMS '),(1353,'past_medical_history','NOTED INCREASED ASO TITER JAN-FEB 2025'),(1354,'others_exam','GRADE 2-3 TONSILS BILATERAL'),(1355,'others_exam','NON HYPEREMIC, NON EXUDATIVE'),(1356,'diagnosis','TONSILLAR HYPERTROPHY- BILATERAL GRADE 2-3'),(1357,'history','DIAGNOSED WITH MILD HEARING LOSS - AUG2025 '),(1358,'ear_exam','MODERATE CERUMEN- AU, INTACT TM- AU '),(1359,'diagnosis','IMPACTED CERUMEN AU, MILD SNHL- AU '),(1360,'ear_exam','MODERATE CERUMEN- AU'),(1361,'diagnosis','MILD SNHL- AU'),(1362,'chief_complaint','FOLLOW-UP WITH RESULT OF HEARING TEST '),(1363,'history','HEARING TEST- PTABS- WITHIN NORMAL HEARING '),(1364,'chief_complaint','FOR CLEARANCE FOR WORK '),(1365,'history','3 YEAR PTC- 2022 CAME TO CLINIC FOR CLEARANCE '),(1366,'history','FITTED WITH HEARING AID DUE TO PROFOND HEARING LOSS ON THE LEFT EAR '),(1367,'diagnosis','WITHIN NORMAL HEARING ON THE RIGHT EAR; PROFOUND HEARING LOSS LEFT EAR WITH HEARING AID FITTED, AIDED TEST WITHIN SPEECH RANGE ACROSS ALL FREQUENCIES '),(1368,'recommendations','CONTINUE HEARING AID USE ON THE LEFT EAR, FIT FOR WORK FROM ENT '),(1369,'diagnosis','WITHIN NORMAL HEARING ON THE RIGHT EAR; PROFOUND HEARING LOSS LEFT EAR WITH HEARING AID FITTED'),(1370,'diagnosis','AIDED TEST WITHIN SPEECH RANGE ACROSS ALL FREQUENCIES'),(1371,'recommendations','CONTINUE HEARING AID USE ON THE LEFT EAR'),(1372,'recommendations','FIT FOR WORK FROM ENT'),(1373,'chief_complaint','COUGH AND CONGESTION '),(1374,'history','6 DAYS CONSULTED AND GIVEN CEFIXIME, SINUPRET FORTE, EXFLEM, MONTELUKAST, XYZAL, PREDISONE, SERETIDE, SALBUTAMOL '),(1375,'nose_exam','MUCOID YELLOWISH NASAL DISCHARGE '),(1376,'diagnosis','ACUTE RHINOSINUSITIS '),(1377,'recommendations','CONTINUE OTHER MEDS '),(1378,'past_medical_history','MAINTENANCE MEDS PANTOPRAZOLE, MUCONASE, STERIMAR, TRIGENTA, VESSEL DUE F, SERETIDE'),(1379,'nose_exam','MUCOID YELLOWISH NASAL DISCHARGE'),(1380,'diagnosis','ACUTE RHINOSINUSITIS'),(1381,'recommendations','CONTINUE OTHER MEDS'),(1382,'chief_complaint','EAR BLOCKAGE '),(1383,'history','ON AND OFF EAR BLOCKAGE X 2 MONTHS '),(1384,'history','2 WEEKS PTC, NOTED WORSENING OF SYMPTOMS '),(1385,'ear_exam','INTACT TM- AU, IMPACTED CERUMEN, AU '),(1386,'ear_exam','IMPACTED CERUMEN, AU'),(1387,'chief_complaint','EAR FULLNES WITH TINNITUS '),(1388,'history','1 MONTH PTC- CONSULTED FOR TINNITUS '),(1389,'history','1 WEEK PTC- NOTED EAR FULLNESS WITH TINNITUS '),(1390,'history','SYMPTOMS PERSISTED THUS THIS CONSULT '),(1391,'ear_exam','INTACT TM AU, EFFUSION RIGHT EAR '),(1392,'diagnosis','EUSTACHIAN TUBE DYSFUNCTION RIGHT '),(1393,'recommendations','REVERSE VALSALVA '),(1394,'past_medical_history','HPN- ON AMLODIPINE LOSARTAN'),(1395,'allergies','FOOD- MEAT AND CHICKEN AND SEAFOOD'),(1396,'ear_exam','EFFUSION RIGHT EAR'),(1397,'diagnosis','EUSTACHIAN TUBE DYSFUNCTION RIGHT'),(1398,'history','HEARING LOSS WITH EAR DISCHARGE '),(1399,'ear_exam','PERFORATED TM, AD '),(1400,'diagnosis','OTITIS MEDIA AD WITH OTOMYCOSIS, AD '),(1402,'diagnosis','OTITIS MEDIA AD WITH OTOMYCOSIS, AD'),(1403,'chief_complaint','HEARING LOSS, AS '),(1404,'history','PATIENT CAME IN WITH RESULT OF HEARING TEST '),(1405,'diagnosis','MODERATELY SEVERE CONDUCTIVE HEARING LOSS, AS '),(1406,'recommendations','AVOID LOUD NOISES '),(1407,'diagnosis','MODERATELY SEVERE CONDUCTIVE HEARING LOSS, AS'),(1408,'chief_complaint','RIGHT SUBMANDIBULAR MASS '),(1409,'history','5 MONTHS PTC- NOTED RIGHT SUBMANDIBULAR GLAND WITH BIOPSY RESULT OF BENIGN NEOPLASM CATEGORY IV '),(1410,'diagnosis','PLEOMORPHIC ADENOMA RIGHT SUBMANDIBULAR GLAND '),(1411,'recommendations','FOR OPERATION AT WVSUH '),(1412,'past_medical_history','HPN- ON LOSARTAN 100 MG'),(1413,'others_exam','RIGHT SUBMANDIBULAR MASS-'),(1414,'diagnosis','PLEOMORPHIC ADENOMA RIGHT SUBMANDIBULAR GLAND'),(1415,'recommendations','FOR OPERATION AT WVSUH'),(1416,'history','1 WEEK PTC, GIVEN ANTIBIOTICS FOR COUGH '),(1417,'history','ON AND OFF NASAL CATARRH WITH NECK PAIN AND HEADACHE PROMPTED CONSULT '),(1418,'ear_exam','INTACT TM, AU WITH MINIMAL DRY CERUMEN '),(1419,'nose_exam','NASAL ABRASION, NEGAIVE FOR ACTIVE EPISTAXIS, WATERY NASAL DISCHARGE '),(1420,'past_medical_history','HPN- AMLODIPINE 5MG, NEOBLOC 50MG'),(1421,'past_medical_history','DM- GLICLAZIDE 60MG'),(1422,'ear_exam','INTACT TM, AU WITH MINIMAL DRY CERUMEN'),(1423,'nose_exam','NASAL ABRASION'),(1424,'nose_exam','NEGAIVE FOR ACTIVE EPISTAXIS'),(1425,'nose_exam','WATERY NASAL DISCHARGE'),(1427,'history','FOLLOW UP FOR REMOVAL OF FB '),(1428,'diagnosis','FB, CLAY AD '),(1429,'diagnosis','FB, CLAY AD'),(1430,'chief_complaint','FOR ISSUANCE OF REQUEST FOR FNAB '),(1431,'chief_complaint','ODYNOPHAGIA AND DYSPHAGIA '),(1432,'history','2 WEEKS  PTC- NOTED COUGH AND CATARRH '),(1433,'history','TOOK UNRECALLED OTC MEDS '),(1434,'history','TOOK ZYKAST '),(1435,'history','4 DAYS PTC- NOTED THROAT PAIN AND LATER DYSPHAGIA AND APHONIA '),(1436,'throat_exam','PERITONSILLAR ABSCESS LEFT '),(1438,'recommendations','FOR ADMISSION FOR IV ANTIBIOTICS '),(1439,'throat_exam','PERITONSILLAR ABSCESS LEFT'),(1441,'recommendations','FOR ADMISSION FOR IV ANTIBIOTICS'),(1442,'chief_complaint','HEARING LOSS X 2 WEEKS '),(1443,'history','2 WEEKS PTC, NOTED HEARING LOSS '),(1444,'diagnosis','OTOMYCOSIS , AS '),(1445,'diagnosis','OTOMYCOSIS , AS'),(1446,'history','1 DAY PTC, NOTED EAR DISCHARGE '),(1447,'history','ON ANTIBIOTIC AZITHROMYCIN ON 6TH DAY '),(1448,'ear_exam','INFLAMED EAR CANAL, AD '),(1449,'history','1 WEEK PC, NOTED DISCOLORED DISCHARGE '),(1450,'ear_exam','EAR DISCHARGE AD '),(1451,'diagnosis','OTITIS MEDIA, AD '),(1452,'past_medical_history','TREATED FOR OTITIS EXTERNA WITH OTOMYCOSIS, AS LAST SEPT. 19'),(1453,'ear_exam','EAR DISCHARGE AD'),(1454,'diagnosis','OTITIS MEDIA, AD'),(1456,'ear_exam','IMPACTED CERUMEN, AU, INTACT TM- AU '),(1457,'history','EAR PAIN WITH DISCHARGE X 11 DAYS '),(1458,'history','GIVEN CEFUROXIME X 7 DAYS FOR COUGH '),(1459,'ear_exam','FUNGAL ELEMENTS AS, INTACT TM- AU '),(1460,'chief_complaint','EAR PAIN X 1 WEEK '),(1461,'history','1 WEEK PTC- NOTED EAR PAIN AFTER SWIMMING '),(1462,'past_medical_history','WITH RECURRENT NASAL DISCHARGE AND OCCASIONAL EPISTAXIS'),(1463,'chief_complaint','EAR CHECK-UP, EPISTAXIS '),(1465,'nose_exam','ABRASION NASAL SEPTUM LEFT '),(1466,'diagnosis','RHINOSINUSITIS, MILD OTOMYCOSIS AS '),(1467,'recommendations','AVOID MANIPULATION OF THE NOSE, PROPER EAR CLEANING '),(1468,'past_medical_history','ON AND OFF EPISTAXIS'),(1469,'nose_exam','ABRASION NASAL SEPTUM LEFT'),(1470,'recommendations','AVOID MANIPULATION OF THE NOSE'),(1471,'history','HEARING LOSS, WIH HEARING AID '),(1472,'diagnosis','SNHL '),(1473,'diagnosis','SNHL'),(1474,'chief_complaint','FOLLOW-UP WITH RESULT F PTABS '),(1475,'diagnosis','SUDDEN SENSORINEURAL HEARING LOSS- AU, PROFOUND HEARING LOSS, AD, SEVERE SENSORINEURAL HEARING LOSS, AS '),(1476,'recommendations','CONSUME MEDS THEN TAPER PREDNISONE, TO COME BACK AFTER 1 WEEK '),(1477,'diagnosis','PROFOUND HEARING LOSS, AD'),(1478,'diagnosis','SEVERE SENSORINEURAL HEARING LOSS, AS'),(1479,'recommendations','CONSUME MEDS THEN TAPER PREDNISONE'),(1480,'recommendations','TO COME BACK AFTER 1 WEEK'),(1481,'history','TREATED FOR 1 WEEK '),(1482,'recommendations','PROPER EAR CLEANING, KEEP RIGHT EAR DRY '),(1483,'history','POST NASAL DRIP '),(1484,'nose_exam','WATERY NASAL DISCHARGE '),(1485,'recommendations','CONTINUE MEDS '),(1486,'recommendations','CONTINUE MEDS'),(1487,'history','3 DAYS NOTED EAR IRRITATION, AU '),(1488,'ear_exam','DRY SCALY SKIN BOTH EAR CANALS '),(1489,'ear_exam','DRY SCALY SKIN BOTH EAR CANALS'),(1490,'chief_complaint','SINO NASAL MASS WITH INTRA OCULAR EXTENTION '),(1491,'history','FOLLOW-UP WITH RESULT OF RECENT CT SCAN '),(1492,'history','S/P BIOPSY '),(1493,'history','S/P RADIATION THERAPY '),(1494,'ear_exam','CRUSTING LESIONS BOTH NOSE '),(1495,'diagnosis','SINONASAL UNDIFFERENTIATED CARCINOMA '),(1496,'recommendations','CONTINUE CHEMO-RADIATION TREATMENT, REFER TO NEUROLOGIST FOR EVALUATION OF LACUNAR INFARCT '),(1497,'ear_exam','CRUSTING LESIONS BOTH NOSE'),(1498,'diagnosis','SINONASAL UNDIFFERENTIATED CARCINOMA'),(1499,'recommendations','CONTINUE CHEMO-RADIATION TREATMENT'),(1500,'recommendations','REFER TO NEUROLOGIST FOR EVALUATION OF LACUNAR INFARCT'),(1501,'history','PATIENT CAME 3 YEARS AGO FOR CLEARANCE '),(1502,'ear_exam','PERFORATED TYMPANIC MEMBRANE AS 70% '),(1503,'diagnosis','TYMPANIC MEMBRANE PERFORATION AS '),(1504,'ear_exam','PERFORATED TYMPANIC MEMBRANE AS 70%'),(1505,'diagnosis','TYMPANIC MEMBRANE PERFORATION AS'),(1506,'ear_exam','INTACT TM- AU, MINIMAL CERUMEN, AD, WHITISH D/C AS '),(1507,'diagnosis','OTOMYCOSIS, AS RESOLVING '),(1508,'recommendations','PROPER EAR CLEANING, KEEP LEFT EAR DRY FOR 1 WEEK MORE '),(1509,'ear_exam','MINIMAL CERUMEN, AD'),(1510,'ear_exam','WHITISH D/C AS'),(1511,'diagnosis','OTOMYCOSIS, AS RESOLVING'),(1512,'recommendations','KEEP LEFT EAR DRY FOR 1 WEEK MORE'),(1513,'history','HEARING LOSS X 1 WEEK '),(1514,'history','COUGH AND COLD NOTED 1 WEEK PTC '),(1515,'ear_exam','RETRACTED TYMPANIC MEMBRANE AU '),(1516,'diagnosis','EUTACHIAN TUBE DYSFUCNTION, RHINOSINUSITIS, CONDUCTIVE HEARING LOSS '),(1517,'recommendations','PTABS '),(1518,'ear_exam','RETRACTED TYMPANIC MEMBRANE AU'),(1519,'diagnosis','EUTACHIAN TUBE DYSFUCNTION'),(1520,'diagnosis','CONDUCTIVE HEARING LOSS'),(1521,'chief_complaint','THROAT ITCHINESS '),(1522,'history','COUGH ESPECIALLY AT MORNING '),(1523,'diagnosis','ALLERGIC PHARYNGITIS'),(1524,'chief_complaint','FOR MEDICAL CERTIFICATE ISSUANCE '),(1525,'history','CAME IN FOR FOLLOW-UP FOR COMPLIANCE FOR MEDICAL EXAM '),(1526,'history','FOR ENTRANCE TO PMA '),(1527,'diagnosis','IMPACTED CERUMEN RESOLVED, S/P EAR IRRIGATION AND CLEANING '),(1528,'recommendations','FIT FOR TRAINING '),(1529,'past_medical_history','1 YEAR PTC-  CONSULTED FOR CLEARANCE AND EAR CLEANING'),(1530,'diagnosis','IMPACTED CERUMEN RESOLVED, S/P EAR IRRIGATION AND CLEANING'),(1531,'recommendations','FIT FOR TRAINING'),(1532,'history','CAME IN FOR FOLLOW-UP AFTER 1 WEEK OF TREATMENT '),(1533,'history','GIVEN CO-AMOXICLAV, SNIZEL, SERAPEPTASE '),(1534,'history','CAME IN WITH RESULT OF X-RAY OF THE PNS - HAZINESS OF BOTH MAXILLARY SINUS MORE ON THE RIGHT '),(1535,'diagnosis','RHINOSINUSITIS BILATERAL MORE ON THE RIGHT '),(1536,'recommendations','FOR ADDITIONAL MEDS '),(1537,'diagnosis','RHINOSINUSITIS BILATERAL MORE ON THE RIGHT'),(1538,'recommendations','FOR ADDITIONAL MEDS'),(1539,'chief_complaint','TONSILLAR CYST LEFT '),(1540,'history','PATIENT CAME LAST AUGUST FOR CONSULT OF TONSILLAR CYST '),(1541,'throat_exam','GRADE 2 RIGHTTONSIL, GRADE 3 LEFT TONSIL, WITH TONSILLOLITH '),(1543,'recommendations','FOR TONSILLECTOMY, BILATERAL ON DECEMBER 20 '),(1544,'throat_exam','GRADE 2 RIGHTTONSIL, GRADE 3 LEFT TONSIL'),(1545,'throat_exam','WITH TONSILLOLITH'),(1546,'diagnosis','TONSILLAR CYST LEFT'),(1547,'recommendations','FOR TONSILLECTOMY, BILATERAL ON DECEMBER 20'),(1548,'history','PATIENT HAD FACIAL PARALYSIS NOTED 2 YEARS PTC '),(1549,'history','TREATED FOR BELL\'S PALSY BY MEDICAL SPECIALIST '),(1550,'history','EXTERNAL AUDITORY CANAL MASS NOTED '),(1551,'diagnosis','TEMPORAL MASS SCHWANNOMA '),(1552,'recommendations','FOR SURGERY '),(1553,'past_medical_history','MAINTAINED- AMLODIPINE'),(1554,'past_medical_history','TRIMETHACIDINE'),(1555,'past_medical_history','CARVEDILOL'),(1556,'past_medical_history','CLOPIDOGREL AND ATORVASTATIN'),(1557,'diagnosis','TEMPORAL MASS SCHWANNOMA'),(1558,'recommendations','FOR SURGERY'),(1559,'chief_complaint','LEFT EAR PAIN '),(1560,'history','CONSULT DONE AND WAS GIVEN CO-AMOXICLA, MEFENAMIC ACID AND APLOSYN EAR DROPS '),(1561,'history','PAIN PERSITED, THUS THIS CONSULT '),(1562,'ear_exam','FUNGAL ELEMENTS WITH SWOLLEN TYMPANIC MEMBRANE AND EAR CANAL, AS '),(1563,'past_medical_history','WITH PREVIOUS HISTORY OF EAR EAR INFECTION- 1 YEAR PTC'),(1564,'ear_exam','FUNGAL ELEMENTS WITH SWOLLEN TYMPANIC MEMBRANE AND EAR CANAL, AS'),(1565,'history','HEARING LOSS ASSOCIATED WITH NASAL CATARRH AND COUGH X 3 DAYS '),(1566,'ear_exam','EFFUSION AU, INTACT TM- AU '),(1567,'diagnosis','OTITIS MEDIA, AU, RHINOSINUSITIS '),(1568,'recommendations','DENTAL CHECK-UP '),(1569,'ear_exam','EFFUSION AU'),(1570,'others_exam','MULTIPLE DENTAL CARIES'),(1571,'recommendations','DENTAL CHECK-UP'),(1572,'history','1 WEEK PTC- NOTED EAR PAIN AND HEARING LOSS '),(1573,'history','NO OTHER SYMPTOMS '),(1574,'chief_complaint','THROAT PAIN '),(1575,'history','1 DAY PTC- NOTED PAIN ON SWALLOWING AFTER EATING CHICKEN BONE '),(1576,'throat_exam','NO FOREIGN BODY APPRECIATED ON LARYNGOSCOPY '),(1577,'diagnosis','FOREIN BODY, CHICKEN BONE THROAT '),(1578,'recommendations','FOR X RAY OF THE NECK '),(1579,'throat_exam','NO FOREIGN BODY APPRECIATED ON LARYNGOSCOPY'),(1580,'diagnosis','FOREIN BODY, CHICKEN BONE THROAT'),(1581,'recommendations','FOR X RAY OF THE NECK'),(1582,'chief_complaint','EAR- CHECK '),(1583,'history','OCCASIONAL EAR ITCHINESS '),(1585,'history','OCCASIONAL HEARING LOSS '),(1586,'ear_exam','INTACT TM- AU, MINIMAL CERUMEN AU '),(1587,'recommendations','FOR PTABS, TO COME BACK WITH RESULT '),(1588,'ear_exam','MINIMAL CERUMEN AU'),(1589,'history','PAIN NOTED 1 DAY PTC '),(1590,'ear_exam','INFLAMED EAR CANAL, AS, INTACT TM- AU '),(1591,'diagnosis','OTITIS EXTRNA, AS '),(1592,'chief_complaint','FOREIGN BODY INSECT EAR '),(1593,'history','NIGHT PTC- NOTED INSECT IN RIGHT EAR CANAL- ON AND OFF PAIN NOTED SINCE THEN '),(1594,'ear_exam','INTACT TM- AU, FOREIGN BODY, INSECT (ANT), AD '),(1595,'diagnosis','FOREIGN BODY, INSECT (ANT), AD '),(1596,'recommendations','REMOVAL OF FB- DONE '),(1597,'ear_exam','FOREIGN BODY, INSECT (ANT), AD'),(1599,'recommendations','REMOVAL OF FB- DONE'),(1600,'history','OCCASIONAL ITCHINESS '),(1601,'history','NO PAIN OR HEARING DIFFICULTY '),(1602,'diagnosis','OTITIS MEDIA, AD- RESOLVED '),(1603,'diagnosis','OTITIS MEDIA, AD- RESOLVED'),(1604,'history','PAIN-LEFT EAR MORNING PTC '),(1605,'history','3 DAYS PTC- NASAL CATARRH '),(1606,'ear_exam','HYPEREMIC TM- AS '),(1607,'ear_exam','HYPEREMIC TM- AS'),(1608,'history','LEFT TEMPORAL HEADACHE- MODERATE TO SEVERE '),(1609,'nose_exam','TONSILLOLITH - NASOPHARYNX '),(1610,'diagnosis','MIGRAINE HEADACHE VS SINUSITIS '),(1611,'recommendations','FOR X RAY OF THE PNS '),(1612,'nose_exam','TONSILLOLITH - NASOPHARYNX'),(1613,'diagnosis','MIGRAINE HEADACHE VS SINUSITIS'),(1614,'diagnosis','MILD OTOMYCOSIS WITH NEURALGIA '),(1615,'recommendations','FOR ISSUANCE OF MEDICAL CERTIFICATE '),(1616,'diagnosis','MILD OTOMYCOSIS WITH NEURALGIA'),(1617,'recommendations','FOR ISSUANCE OF MEDICAL CERTIFICATE'),(1618,'history','3 DAYS PTC NOTED EAR PAIN '),(1619,'diagnosis','OTITIS MEDIA WITH EFFUSION- AU '),(1620,'recommendations','MEDICATIONS X 1 WEEK '),(1621,'past_medical_history','NOTED NASAL CATARRH'),(1622,'diagnosis','OTITIS MEDIA WITH EFFUSION- AU'),(1623,'recommendations','MEDICATIONS X 1 WEEK'),(1625,'history','FOR REGULAR CLEANING '),(1626,'ear_exam','BILATERAL PERFORATED TYMPANIC MEMBRANES, DRY EAR CANAL WITH MININAL FUNGAL ELEMENTS '),(1627,'diagnosis','CHRONIC OTITIS MEDIA, AU, S/P MASTOIDECTOMY, AS 2016 '),(1628,'past_medical_history','S/P MASTOIDECTOMY AS- 2016'),(1629,'past_medical_history','WITH HEARING AID - 2021'),(1630,'ear_exam','BILATERAL PERFORATED TYMPANIC MEMBRANES'),(1631,'ear_exam','DRY EAR CANAL WITH MININAL FUNGAL ELEMENTS'),(1632,'diagnosis','S/P MASTOIDECTOMY, AS 2016'),(1633,'chief_complaint','TONSILLAR HYPERTROPHY '),(1634,'history','NOTED THROAT DISCOMFORT WITH FREQUENT THROAT CLEARING '),(1635,'throat_exam','GRADE 3 TONSILS- BILATERAL, TONSILLOLITHS '),(1636,'diagnosis','TONSILLAR HYPERTROPHY BILATERAL '),(1637,'recommendations','ADVISED TONSILLECTOMY '),(1638,'throat_exam','TONSILLOLITHS'),(1639,'diagnosis','TONSILLAR HYPERTROPHY BILATERAL'),(1640,'recommendations','ADVISED TONSILLECTOMY'),(1642,'history','ASSOCIATED WITH VERTIGO '),(1643,'nose_exam','CONGESTED TURBINATES, NO DISCHARGES '),(1644,'diagnosis','ALLERGIC RHINITIS, POST-NASAL DRIP '),(1645,'past_medical_history','HPN-TWINSTA 80 MG'),(1646,'past_medical_history','DM-'),(1647,'nose_exam','NO DISCHARGES'),(1649,'history','4 DAYS PTC- NOTED THROAT PAIN ASSOCIATED WITH ITCHINESS '),(1650,'history','3 DAYS PTC- EXPECTORATED STICKY PHLEGM '),(1651,'history','ASSOCIATED WITH FEVER '),(1652,'history','2 DAYS PTC- APHONIA '),(1653,'history','THUS THIS CONSULT '),(1654,'history','SELF MEDICATED WITH ASCOF '),(1655,'throat_exam','HYPEREMIC PHARYNX '),(1656,'diagnosis','ACUTE PHARYNGITIS '),(1657,'recommendations','FOR FLEXIBLE LARYNGOSCOPY IF WITH PHILHEALTH '),(1658,'throat_exam','HYPEREMIC PHARYNX'),(1659,'diagnosis','ACUTE PHARYNGITIS'),(1660,'history','2 WEEKS PTC- NOTED EAR PAIN '),(1661,'ear_exam','INFLAMED EAR CANAL AU, INTACT TM- AU '),(1662,'chief_complaint','FOLLOW-UP CHECK '),(1663,'history','TREATED FOR SINUSITIS '),(1664,'diagnosis','ALLERGIC RHINITIS WITH POST NASAL DRIP '),(1665,'past_medical_history','MAINTENANCE MEDS PANTOPRAZOLE'),(1666,'past_medical_history','MUCONASE'),(1667,'past_medical_history','STERIMAR'),(1668,'past_medical_history','TRIGENTA'),(1669,'past_medical_history','VESSEL DUE F'),(1670,'past_medical_history','SERETIDE'),(1671,'diagnosis','ALLERGIC RHINITIS WITH POST NASAL DRIP'),(1672,'chief_complaint','FOLLOW-UP FOR REMOVAL OF ARCH BARS '),(1673,'history','PATIENT HAD VECULAR ACCIDENT LAST JUNE 20, 2025 '),(1674,'history','NOI: VA '),(1675,'history','POI: JAVELLANA ST. JARO ILOILO '),(1676,'history','DOI: JUNE 20, 2025 '),(1677,'history','TOI: 10:00 PM '),(1678,'history','S/P CRANIOTOMY AT WVMC '),(1679,'history','S/P APPLICATION OF ARCH BARS AND IMMF AT WVMC, NO ORIF PERFORMED '),(1680,'history','CAME TO CLINIC WITH RESULT OF CT SCAN '),(1681,'history','FOLLOW UP WITH PANORAMIC X-RAY '),(1682,'diagnosis','MANDIBULAR FRACTURE SECONDARY TO VA, S/P IMMF '),(1683,'recommendations','FOR REMOVAL OF IMMF NEXT MONTH '),(1684,'others_exam','ARCH BARS IN PLACE'),(1685,'others_exam','REMOVAL OF MAXILLARY ARCH BARS'),(1686,'diagnosis','MANDIBULAR FRACTURE SECONDARY TO VA'),(1687,'diagnosis','S/P IMMF'),(1688,'recommendations','FOR REMOVAL OF IMMF NEXT MONTH'),(1689,'history','4 DAYS PTC NOTED EAR PAIN '),(1690,'ear_exam','INFLAMED EAR CANAL AU, FUNGAL ELEMENTS AD '),(1691,'past_medical_history','WITH PREVIOUS HISTORYOF EAR INFECTION 2022'),(1692,'history','1 WEEK PTC- NOTED EAR FULLNESS '),(1693,'ear_exam','BILATERAL IMPACTED CERUMEN, INFLAMED EAR CANAL, AD '),(1694,'diagnosis','IMPACTED CERUMEN AU, OTITIS MEDIA, AD '),(1695,'ear_exam','BILATERAL IMPACTED CERUMEN'),(1696,'history','1 WEEK NOTED EARIRRITATION '),(1697,'ear_exam','FUNGAL ELEMENTS, AS, IMPACTED CERUMEN, AD '),(1698,'diagnosis','IMPACTED CERUMEN AU, OTOMYCOSIS, AS '),(1699,'recommendations','PROPER EAR CLEANING, FOLLOW-UP FOR FLUSHING AFTER 1 WEEK '),(1700,'diagnosis','OTOMYCOSIS, AS'),(1701,'recommendations','FOLLOW-UP FOR FLUSHING AFTER 1 WEEK'),(1702,'history','1 WEEK PTC- NOTED COUGH '),(1703,'nose_exam','STICKY MUCOID TO YELLOWISH DISCHARGE- BOTH NOSE '),(1704,'nose_exam','STICKY MUCOID TO YELLOWISH DISCHARGE- BOTH NOSE'),(1705,'chief_complaint','FOREIGN BODY LEFT EAR '),(1706,'history','1 WEEK PTC- NOTED FB LEFT EAR (INSECT) '),(1707,'ear_exam','FOREIGN BODY (TICK) LEFT EAR, INTACT TM- AU, ABRASION LEFT TYMPANIC MEMBRANE AND CANAL '),(1708,'diagnosis','FB (TICK) AS '),(1709,'ear_exam','FOREIGN BODY (TICK) LEFT EAR'),(1710,'ear_exam','ABRASION LEFT TYMPANIC MEMBRANE AND CANAL'),(1711,'diagnosis','FB (TICK) AS'),(1712,'chief_complaint','OCULAR SWELLING '),(1713,'history','1 WEEK PTC- NOTED SWELLING OF BOTH UPPER EYELID '),(1714,'history','TOOK CO ALEVA BUT NO RELIEF '),(1715,'diagnosis','ANGIOEDEMA OU, T/C HYPERSENSITIVITY REACTION '),(1716,'recommendations','FOR OPHTHALMOLOGY EVALUATION IF UNRELIEVED '),(1717,'past_medical_history','HPN - TELMISARTAN'),(1718,'past_medical_history','DM- CITIGLYPTIN, METFORMIN'),(1719,'others_exam','BILATERAL SWOLLEN UPPER EYELID'),(1720,'diagnosis','ANGIOEDEMA OU'),(1721,'diagnosis','T/C HYPERSENSITIVITY REACTION'),(1722,'recommendations','FOR OPHTHALMOLOGY EVALUATION IF UNRELIEVED'),(1723,'chief_complaint','FOLLOW UP CHECKUP '),(1724,'history','PATIENT UNDERWENT ORIF OF MANDIBULAR FRACTURE, LEFORT 1 USING SCREWS AND PLATES LAST 11-11-2025 AT MIHMCI '),(1725,'history','NOI: MOTOR VA '),(1726,'history','TOI: 6:00 PM '),(1727,'history','POI: SAN JUAN SAN JOAQUIN '),(1728,'history','DOI: 11-8-2025 '),(1729,'diagnosis','LEFORT 1 FRACTURE, BILATERAL CONDYLAR FRACTURE AND PARASYMPHYSEAL FRACTURE SECONDARY TO VECULAR ACCIDENT, S/P ORIF, ESSENTIAL HYPERTENSION WITH OSA SYMPTOMS '),(1730,'recommendations','FOR WEEKLY EXERCISE AND REMOVAL OF IMMF UNTIL 2 MONTHS '),(1731,'others_exam','WELL COAPTATED WOUND'),(1732,'others_exam','ALIGNED MANDIBLE'),(1733,'others_exam','IMMF REMOVED AND PATIENT ASKED TO PRACTICE MOUTH OPENING'),(1734,'diagnosis','LEFORT 1 FRACTURE, BILATERAL CONDYLAR FRACTURE AND PARASYMPHYSEAL FRACTURE SECONDARY TO VECULAR ACCIDENT'),(1735,'diagnosis','S/P ORIF'),(1736,'diagnosis','ESSENTIAL HYPERTENSION WITH OSA SYMPTOMS'),(1737,'recommendations','FOR WEEKLY EXERCISE AND REMOVAL OF IMMF UNTIL 2 MONTHS'),(1738,'history','E DAYS PTC- NOTED THROAT IRRITATION ASSOCIATED WITH COUGH '),(1739,'ear_exam','YELLOWISH DISCHARGE AD, DRY CERUMEN, AS '),(1740,'diagnosis','ALLERGIC PHARYNGITIS, OTITIS MEDIA , AD '),(1741,'ear_exam','YELLOWISH DISCHARGE AD'),(1742,'history','TREATED FOR OE 1 WEEK PTC '),(1743,'ear_exam','RIGHT EAR CANAL EXCEMA, INTACT TM- AU '),(1744,'ear_exam','RIGHT EAR CANAL EXCEMA'),(1745,'history','CAME IN WITH RESULT OF X RAY OF THE PNS- POLYSINUSITIS '),(1746,'history','STILL WITH HEADACHE '),(1747,'diagnosis','POLYSINUSITIS'),(1748,'chief_complaint','FOLLOW-UP WITH RESULT OF IHC '),(1749,'history','NOTED ON AND OFF ITCHINESS '),(1750,'ear_exam','MASS LEFT EXTERNAL AUDITORY CANAL '),(1751,'diagnosis','SCHWANNOMA, LEFT TEMPORAL BONE AND FACIAL NERVE INVOLVEMENT '),(1752,'recommendations','FOR OPERATION OF SCHWANNOMA '),(1753,'ear_exam','MASS LEFT EXTERNAL AUDITORY CANAL'),(1754,'others_exam','LEFT INFRA- AURICULAR MASS CONTINUOUS WITH EXTERNAL AUDITORY CANAL MASS'),(1755,'diagnosis','SCHWANNOMA, LEFT TEMPORAL BONE AND FACIAL NERVE INVOLVEMENT'),(1756,'recommendations','FOR OPERATION OF SCHWANNOMA'),(1757,'history','PATIENT CAME IN FOR COMPLIANCE FOR APPLCATION TO PNP '),(1758,'ear_exam','SCALY DRY EAR CANAL '),(1759,'diagnosis','MINIMAL DRY CERUMEN AU '),(1760,'recommendations','PROPER EAR CLEANING, FIT FOR TRAINING '),(1761,'ear_exam','SCALY DRY EAR CANAL'),(1762,'diagnosis','MINIMAL DRY CERUMEN AU'),(1764,'history','PATIENT CAME IN FOR EAR CHECK-UP '),(1765,'ear_exam','PERFORATED TM, AD 30% '),(1766,'diagnosis','OTITIS MEDIA , AD WITH TYMPANIC MEMBRANE PERFORATION '),(1767,'recommendations','MEDICATIONS X 1 WEEK, KEEP RIGHT EAR DRY, FOLLOW-UP AFTER 1 WEEK FOR CLEARANCE '),(1768,'ear_exam','PERFORATED TM, AD 30%'),(1769,'diagnosis','OTITIS MEDIA , AD WITH TYMPANIC MEMBRANE PERFORATION'),(1770,'recommendations','FOLLOW-UP AFTER 1 WEEK FOR CLEARANCE'),(1771,'history','DIAGNOSED WITH HYPERTHYROIDISM JUNE 18 '),(1772,'history','6 MONTHS ON MEDICATION '),(1773,'diagnosis','HYPERTHYROIDISM, GRAVES DISEASE '),(1774,'recommendations','FOR REPEAT THYROID FUNCTION TEST '),(1775,'past_medical_history','MANGED AT PHIL GEN. HOSPITAL'),(1776,'past_medical_history','ON METHIMAZOLE- 20MG 2 TABLETS DAILY'),(1777,'past_medical_history','PROPRANOLOL 40 MG 1 TABLET TID'),(1778,'others_exam','NO FINE TREMORS'),(1779,'others_exam','NO PALPITATIONS'),(1780,'others_exam','DIFFUSE MASS ANTERIOR ANTERIOR NECK'),(1781,'diagnosis','HYPERTHYROIDISM'),(1782,'diagnosis','GRAVES DISEASE'),(1783,'recommendations','FOR REPEAT THYROID FUNCTION TEST'),(1784,'history','1 DAY PTC- NOTED VERTIGO AFTER BENDING DOWN TO GET ITEM FROM THE FLOOR '),(1785,'history','TRIGGERED BY CHANGE OF HEAD POSITION ESPECIALLY ON THE RIGHT '),(1786,'history','VOMITING 4 TIMES. '),(1787,'throat_exam','HYPEREMIC THROAT '),(1788,'diagnosis','BENIGN POSITIONAL VERTIGO, LARYNGO-PHARYNGEAL REFLUX '),(1789,'recommendations','VERTIGO EXERCIES '),(1790,'past_medical_history','S/P VOCAL CORD STRIPPING FOR NODULE'),(1791,'throat_exam','HYPEREMIC THROAT'),(1792,'diagnosis','BENIGN POSITIONAL VERTIGO'),(1793,'recommendations','VERTIGO EXERCIES'),(1794,'history','1 WEEK PTC- NOTED EAR IRRITATION '),(1795,'ear_exam','INTACT TM - AU, IMPACTED CERUMEN, AU '),(1796,'history','CAME IN FOR FOLLOW-UP '),(1797,'ear_exam','HEALED PERFORATION AU '),(1798,'diagnosis','SEVERE SENSORINEURAL HEARING LOSS, AD, PROFOUND HEARING LOSS, AS '),(1799,'recommendations','AVOID LOUD NOISES, REVERSE VALSALVA '),(1800,'ear_exam','HEALED PERFORATION AU'),(1801,'diagnosis','SEVERE SENSORINEURAL HEARING LOSS, AD'),(1802,'diagnosis','PROFOUND HEARING LOSS, AS'),(1803,'history','ITCHINESS WITH PAIN '),(1804,'ear_exam','PERFORATED TM, AD 50% '),(1805,'diagnosis','OTITIS MEDIA WITH OTOMYCOSIS AND TM PERFORATION, AD '),(1806,'history','1 WEEK PTC- NOTED EAR DISCHARGE '),(1807,'ear_exam','MUCOID EAR DISCHARGE AD '),(1808,'diagnosis','OTITIS MEDIA AD WITH ALLERGIC COMPONENT '),(1809,'chief_complaint','HEARING LOSS RIGHT '),(1810,'history','2 WEEKS PTC, CONSULTED EENT WITH COMPLAINT OF HEARING LOSS '),(1811,'history','GIVEN ROXITHROMIC AND CIPROFLOXACIN AND OTOBIOTIC EAR DROPS '),(1812,'history','HEARING LOSS PERSISTED THUS THIS CONSULT '),(1813,'ear_exam','IMPACTED CERUMEN, AU '),(1814,'history','CAME IN FOR FOLLOW-UP OF NASAL CONGESTION '),(1815,'history','LESSENED EPISODES OF NASAL CONGESTION AND FREQUENT SNEEZING '),(1816,'nose_exam','CAULIFLOWER-LIKE MASS OCCUPYING THE LEFT NASAL CAVITY, MASS NOTED ON THE RIGHT NASOPHARYNX AS EXTENSION FROM THE LEFT NASAL CAVITY, NO DISCHARGES '),(1817,'diagnosis','NASAL POLYP GRADE 3 LEFT ');
/*!40000 ALTER TABLE `autocomplete_entries` ENABLE KEYS */;
UNLOCK TABLES;
/*!50003 SET @saved_cs_client      = @@character_set_client */ ;
/*!50003 SET @saved_cs_results     = @@character_set_results */ ;
/*!50003 SET @saved_col_connection = @@collation_connection */ ;
/*!50003 SET character_set_client  = utf8mb4 */ ;
/*!50003 SET character_set_results = utf8mb4 */ ;
/*!50003 SET collation_connection  = utf8mb4_0900_ai_ci */ ;
/*!50003 SET @saved_sql_mode       = @@sql_mode */ ;
/*!50003 SET sql_mode              = 'ONLY_FULL_GROUP_BY,STRICT_TRANS_TABLES,NO_ZERO_IN_DATE,NO_ZERO_DATE,ERROR_FOR_DIVISION_BY_ZERO,NO_ENGINE_SUBSTITUTION' */ ;
DELIMITER ;;
/*!50003 CREATE*/ /*!50017 DEFINER=`root`@`localhost`*/ /*!50003 TRIGGER `trg_autocomplete_entries_no_duplicates` BEFORE INSERT ON `autocomplete_entries` FOR EACH ROW BEGIN
    -- Check for existing entry with same column_name and value (case-insensitive)
    IF EXISTS (
        SELECT 1
        FROM autocomplete_entries
        WHERE LOWER(column_name) = LOWER(NEW.column_name)
          AND LOWER(value) = LOWER(NEW.value)
        LIMIT 1
    ) THEN
        -- Prevent insert silently by setting NEW.id to NULL (auto_increment field)
        SET NEW.id = NULL;
    END IF;
END */;;
DELIMITER ;
/*!50003 SET sql_mode              = @saved_sql_mode */ ;
/*!50003 SET character_set_client  = @saved_cs_client */ ;
/*!50003 SET character_set_results = @saved_cs_results */ ;
/*!50003 SET collation_connection  = @saved_col_connection */ ;

--
-- Table structure for table `billing`
--

DROP TABLE IF EXISTS `billing`;
/*!40101 SET @saved_cs_client     = @@character_set_client */;
/*!50503 SET character_set_client = utf8mb4 */;
CREATE TABLE `billing` (
  `billing_id` int NOT NULL AUTO_INCREMENT,
  `consultation_id` int NOT NULL,
  `fee` decimal(10,2) NOT NULL,
  `discount_percent` int DEFAULT '0',
  `discount_amount` decimal(10,2) DEFAULT '0.00',
  `total_amount` decimal(10,2) NOT NULL,
  `note` text,
  `payment_status` varchar(40) DEFAULT 'UNPAID',
  `created_at` datetime DEFAULT CURRENT_TIMESTAMP,
  `updated_at` datetime DEFAULT CURRENT_TIMESTAMP ON UPDATE CURRENT_TIMESTAMP,
  `amount_paid` decimal(10,2) DEFAULT '0.00',
  `balance` decimal(10,2) DEFAULT '0.00',
  `patient_id` int DEFAULT NULL,
  `discount_name` varchar(45) DEFAULT NULL,
  `procedures` varchar(100) DEFAULT NULL,
  PRIMARY KEY (`billing_id`),
  KEY `consultation_id` (`consultation_id`),
  CONSTRAINT `billing_ibfk_1` FOREIGN KEY (`consultation_id`) REFERENCES `consultation` (`consultation_id`) ON DELETE CASCADE
) ENGINE=InnoDB AUTO_INCREMENT=265 DEFAULT CHARSET=utf8mb4 COLLATE=utf8mb4_0900_ai_ci;
/*!40101 SET character_set_client = @saved_cs_client */;

--
-- Dumping data for table `billing`
--

LOCK TABLES `billing` WRITE;
/*!40000 ALTER TABLE `billing` DISABLE KEYS */;
INSERT INTO `billing` (`billing_id`, `consultation_id`, `fee`, `discount_percent`, `discount_amount`, `total_amount`, `note`, `payment_status`, `created_at`, `updated_at`, `amount_paid`, `balance`, `patient_id`, `discount_name`, `procedures`) VALUES (19,101,700.00,20,140.00,560.00,'PWD','UNPAID','2025-10-03 12:02:55','2025-10-03 12:02:55',0.00,NULL,2009,NULL,NULL),(20,102,700.00,100,700.00,0.00,'SKIP','FULLY PAID','2025-10-03 12:15:04','2025-10-03 12:15:04',0.00,0.00,2008,NULL,NULL),(21,103,700.00,0,0.00,700.00,'','UNPAID','2025-10-03 12:21:49','2025-10-03 12:21:49',0.00,NULL,2008,NULL,NULL),(22,104,1000.00,0,0.00,1000.00,'WITH EAR CLEANING','FULLY PAID','2025-10-03 12:32:18','2025-10-10 14:31:47',1000.00,0.00,2010,NULL,NULL),(23,105,1000.00,0,0.00,1000.00,'EAR CLEANING','UNPAID','2025-10-03 12:48:45','2025-10-03 12:48:45',0.00,NULL,2011,NULL,NULL),(24,106,700.00,100,700.00,0.00,'','FULLY PAID','2025-10-03 12:58:56','2025-10-03 12:58:56',0.00,0.00,2012,NULL,NULL),(25,107,1000.00,0,0.00,1000.00,'WITH SUCTIONING OF DISCHARGE','UNPAID','2025-10-03 13:45:11','2025-10-03 13:45:11',0.00,NULL,2013,NULL,NULL),(26,108,700.00,0,0.00,700.00,'','UNPAID','2025-10-03 14:09:46','2025-10-03 14:09:46',0.00,NULL,2014,NULL,NULL),(27,109,800.00,0,0.00,800.00,'','UNPAID','2025-10-04 10:03:12','2025-10-04 10:03:12',0.00,NULL,2015,NULL,NULL),(28,110,1000.00,0,0.00,1000.00,'EAR CLEANING','UNPAID','2025-10-04 10:20:16','2025-10-04 10:20:16',0.00,NULL,2016,NULL,NULL),(29,111,1000.00,20,200.00,800.00,'SENIOR CITIZEN','UNPAID','2025-10-04 10:35:31','2025-10-04 10:35:31',0.00,NULL,2017,NULL,NULL),(30,112,700.00,0,0.00,700.00,'','UNPAID','2025-10-06 12:53:14','2025-10-06 12:53:14',0.00,NULL,2019,NULL,NULL),(31,113,1000.00,0,0.00,1000.00,'EAR CLEANING, RIGHT','UNPAID','2025-10-06 13:03:14','2025-10-06 13:03:14',0.00,NULL,2018,NULL,NULL),(32,114,700.00,0,0.00,700.00,'','UNPAID','2025-10-06 13:13:48','2025-10-06 13:13:48',0.00,NULL,2021,NULL,NULL),(33,115,1000.00,0,0.00,1000.00,'NASAL ENDOSCOPY','UNPAID','2025-10-06 13:21:37','2025-10-06 13:21:37',0.00,NULL,2020,NULL,NULL),(34,116,1000.00,0,0.00,1000.00,'','UNPAID','2025-10-06 13:35:42','2025-10-06 13:35:42',0.00,NULL,2022,NULL,NULL),(35,117,1000.00,0,0.00,1000.00,'','UNPAID','2025-10-06 13:45:32','2025-10-06 13:45:32',0.00,NULL,2023,NULL,NULL),(36,118,1000.00,0,0.00,1000.00,'','UNPAID','2025-10-06 13:55:16','2025-10-06 13:55:16',0.00,NULL,2024,NULL,NULL),(37,119,1000.00,0,0.00,1000.00,'EAR CLEANING, RIGHT EAR','UNPAID','2025-10-06 14:08:57','2025-10-06 14:08:57',0.00,NULL,2025,NULL,NULL),(38,120,1000.00,0,0.00,1000.00,'EAR CLEANING AU','UNPAID','2025-10-06 14:21:00','2025-10-06 14:21:00',0.00,NULL,2026,NULL,NULL),(39,121,1000.00,0,0.00,1000.00,'NASAL ENDOSCOPY','UNPAID','2025-10-07 10:40:23','2025-10-07 10:40:23',0.00,NULL,2027,NULL,NULL),(40,122,1000.00,20,200.00,800.00,'SC','UNPAID','2025-10-07 10:55:10','2025-10-07 10:55:10',0.00,NULL,2028,NULL,NULL),(41,123,700.00,0,0.00,700.00,'','UNPAID','2025-10-07 11:03:18','2025-10-07 11:03:18',0.00,NULL,2029,NULL,NULL),(42,124,700.00,0,0.00,700.00,'','UNPAID','2025-10-07 12:48:04','2025-10-07 12:48:04',0.00,NULL,2030,NULL,NULL),(43,125,1000.00,100,1000.00,0.00,'','FULLY PAID','2025-10-07 13:11:00','2025-10-07 13:11:00',0.00,0.00,2031,NULL,NULL),(44,126,1000.00,0,0.00,1000.00,'EAR CLEANING','UNPAID','2025-10-07 13:21:33','2025-10-07 13:21:33',0.00,NULL,2032,NULL,NULL),(45,127,1000.00,0,0.00,1000.00,'NASAL ENDOSCOPY','UNPAID','2025-10-09 11:18:25','2025-10-09 11:18:25',0.00,NULL,2033,NULL,NULL),(46,128,1000.00,100,1000.00,0.00,'C/O INTELLICARE','FULLY PAID','2025-10-09 11:28:43','2025-10-09 11:28:43',0.00,0.00,2035,NULL,NULL),(47,129,1000.00,0,0.00,1000.00,'EAR CLEANING','UNPAID','2025-10-09 11:46:21','2025-10-09 11:46:21',0.00,NULL,2037,NULL,NULL),(48,130,1000.00,0,0.00,1000.00,'','UNPAID','2025-10-09 11:58:35','2025-10-09 11:58:35',0.00,NULL,2034,NULL,NULL),(49,131,1000.00,0,0.00,1000.00,'','UNPAID','2025-10-09 12:13:25','2025-10-09 12:13:25',0.00,NULL,2036,NULL,NULL),(50,132,1000.00,0,0.00,1000.00,'','UNPAID','2025-10-09 12:33:32','2025-10-09 12:33:32',0.00,NULL,2038,NULL,NULL),(51,133,1000.00,0,0.00,1000.00,'','UNPAID','2025-10-09 12:42:42','2025-10-09 12:42:42',0.00,NULL,2039,NULL,NULL),(52,134,1000.00,100,1000.00,0.00,'','FULLY PAID','2025-10-09 13:25:44','2025-10-09 13:25:44',0.00,0.00,2042,NULL,NULL),(53,135,800.00,0,0.00,800.00,'','UNPAID','2025-10-09 13:39:22','2025-10-09 13:39:22',0.00,NULL,2040,NULL,NULL),(54,136,1000.00,0,0.00,1000.00,'','UNPAID','2025-10-09 13:47:23','2025-10-09 13:47:23',0.00,NULL,2041,NULL,NULL),(55,137,1000.00,0,0.00,1000.00,'','UNPAID','2025-10-09 13:57:52','2025-10-09 13:57:52',0.00,NULL,2043,NULL,NULL),(57,139,1000.00,100,1000.00,0.00,'c/o intellicare','FULLY PAID','2025-10-10 12:57:38','2025-10-10 12:57:38',0.00,0.00,2044,NULL,NULL),(58,140,800.00,0,0.00,800.00,'','UNPAID','2025-10-10 13:32:04','2025-10-10 13:32:04',0.00,NULL,2046,NULL,NULL),(59,141,1000.00,0,0.00,1000.00,'','UNPAID','2025-10-13 11:24:17','2025-10-13 11:24:17',0.00,NULL,2049,NULL,NULL),(60,142,1000.00,0,0.00,1000.00,'','UNPAID','2025-10-13 11:33:49','2025-10-13 11:33:49',0.00,NULL,2047,NULL,NULL),(61,143,1000.00,0,0.00,1000.00,'','UNPAID','2025-10-13 11:42:10','2025-10-13 11:42:10',0.00,NULL,2050,NULL,NULL),(62,144,800.00,0,0.00,800.00,'','UNPAID','2025-10-13 11:52:07','2025-10-13 11:52:07',0.00,NULL,2051,NULL,NULL),(63,145,1000.00,0,0.00,1000.00,'','UNPAID','2025-10-13 12:11:14','2025-10-13 12:11:14',0.00,NULL,2013,NULL,NULL),(64,146,1000.00,0,0.00,1000.00,'','UNPAID','2025-10-13 12:18:58','2025-10-13 12:18:58',0.00,NULL,2019,NULL,NULL),(65,147,1000.00,0,0.00,1000.00,'','UNPAID','2025-10-13 12:31:57','2025-10-13 12:31:57',0.00,NULL,2052,NULL,NULL),(66,148,1000.00,0,0.00,1000.00,'','UNPAID','2025-10-13 12:37:20','2025-10-13 12:37:20',0.00,NULL,2040,NULL,NULL),(67,149,1000.00,100,1000.00,0.00,'','FULLY PAID','2025-10-13 13:31:16','2025-10-13 13:31:16',0.00,0.00,2053,NULL,NULL),(68,150,1000.00,0,0.00,1000.00,'EAR CLEANING','UNPAID','2025-10-13 14:13:26','2025-10-13 14:13:26',0.00,NULL,2054,NULL,NULL),(69,151,1000.00,0,0.00,1000.00,'EAR CLEANING AU','UNPAID','2025-10-13 14:25:50','2025-10-13 14:25:50',0.00,NULL,2055,NULL,NULL),(70,152,1000.00,0,0.00,1000.00,'','UNPAID','2025-10-14 11:33:12','2025-10-14 11:33:12',0.00,NULL,2056,NULL,NULL),(71,153,1000.00,0,0.00,1000.00,'NASAL ENDOSCOPY','UNPAID','2025-10-14 12:06:49','2025-10-14 12:06:49',0.00,NULL,2027,NULL,NULL),(72,154,800.00,0,0.00,800.00,'','UNPAID','2025-10-14 12:15:24','2025-10-14 12:15:24',0.00,NULL,2057,NULL,NULL),(73,155,1000.00,100,1000.00,0.00,'','FULLY PAID','2025-10-14 12:25:02','2025-10-14 12:25:02',0.00,0.00,2058,NULL,NULL),(74,156,1000.00,0,0.00,1000.00,'EAR CLEANING','UNPAID','2025-10-16 12:16:39','2025-10-16 12:16:39',0.00,NULL,2059,NULL,NULL),(75,157,1000.00,100,1000.00,0.00,'FIRST FOLLOW-UP','FULLY PAID','2025-10-16 12:25:21','2025-10-16 12:25:21',0.00,0.00,2060,NULL,NULL),(76,158,1000.00,0,0.00,1000.00,'EAR CLEANING','UNPAID','2025-10-16 12:40:56','2025-10-16 12:40:56',0.00,NULL,2061,NULL,NULL),(77,159,1000.00,0,0.00,1000.00,'EAR CLEANING','UNPAID','2025-10-16 12:46:48','2025-10-16 12:46:48',0.00,NULL,2062,NULL,NULL),(78,160,1000.00,100,1000.00,0.00,'C/O INTELLICARE','FULLY PAID','2025-10-16 13:46:28','2025-10-16 13:46:28',0.00,0.00,2063,NULL,NULL),(79,161,1000.00,20,200.00,800.00,'SENIOR','UNPAID','2025-10-16 13:57:59','2025-10-16 13:57:59',0.00,NULL,2064,NULL,NULL),(80,162,800.00,0,0.00,800.00,'','UNPAID','2025-10-16 14:13:52','2025-10-16 14:13:52',0.00,NULL,2066,NULL,NULL),(81,163,1000.00,0,0.00,1000.00,'','UNPAID','2025-10-17 11:42:17','2025-10-17 11:42:17',0.00,NULL,2067,NULL,NULL),(82,164,1000.00,0,0.00,1000.00,'','UNPAID','2025-10-18 11:17:11','2025-10-18 11:17:11',0.00,NULL,2050,NULL,NULL),(83,165,800.00,0,0.00,800.00,'','UNPAID','2025-10-18 11:27:57','2025-10-18 11:27:57',0.00,NULL,2070,NULL,NULL),(84,166,800.00,0,0.00,800.00,'','UNPAID','2025-10-18 11:42:53','2025-10-18 11:42:53',0.00,NULL,2071,NULL,NULL),(85,167,1000.00,0,0.00,1000.00,'first follow up','UNPAID','2025-10-18 11:49:21','2025-10-18 11:49:21',0.00,NULL,2013,NULL,NULL),(89,247,800.00,0,0.00,800.00,'','FULLY PAID','2025-10-20 12:54:10','2025-10-20 12:59:29',800.00,0.00,2073,NULL,NULL),(90,249,1000.00,100,1000.00,0.00,'FIRST FOLLOW-UP','FULLY PAID','2025-10-20 13:09:58','2025-10-20 13:09:58',0.00,0.00,2075,NULL,NULL),(91,250,1000.00,0,0.00,1000.00,'ear cleaning','FULLY PAID','2025-10-20 13:15:33','2025-10-20 13:59:04',1000.00,0.00,2077,NULL,NULL),(92,251,800.00,100,800.00,0.00,'','FULLY PAID','2025-10-20 13:33:21','2025-10-20 13:33:21',0.00,0.00,2076,NULL,NULL),(93,252,1000.00,100,1000.00,0.00,'AVEGA','FULLY PAID','2025-10-20 13:42:13','2025-10-20 13:42:13',0.00,0.00,2074,NULL,NULL),(94,253,800.00,0,0.00,800.00,'','FULLY PAID','2025-10-20 13:47:47','2025-10-20 13:56:59',800.00,0.00,2078,NULL,NULL),(95,255,800.00,0,0.00,800.00,'','FULLY PAID','2025-10-21 14:03:06','2025-10-21 14:05:44',800.00,0.00,2079,NULL,NULL),(96,256,1000.00,0,0.00,1000.00,'ear cleaning','FULLY PAID','2025-10-21 14:11:22','2025-10-21 14:16:43',1000.00,0.00,2080,NULL,NULL),(97,258,1000.00,20,200.00,800.00,'senior citizen','FULLY PAID','2025-10-21 14:17:57','2025-10-21 14:19:51',800.00,0.00,2056,NULL,NULL),(98,259,1000.00,0,0.00,1000.00,'earcleaning','FULLY PAID','2025-10-21 14:28:05','2025-10-21 14:38:41',1000.00,0.00,2081,NULL,NULL),(99,260,1000.00,100,1000.00,0.00,'intellicare','FULLY PAID','2025-10-21 14:43:08','2025-10-21 14:43:08',0.00,0.00,2082,NULL,NULL),(100,261,1000.00,0,0.00,1000.00,'ear cleaning','FULLY PAID','2025-10-21 14:54:27','2025-10-21 14:56:56',1000.00,0.00,2084,NULL,NULL),(101,262,1000.00,0,0.00,1000.00,'ear cleaning and ear wick','FULLY PAID','2025-10-21 15:04:04','2025-10-21 15:05:32',1000.00,0.00,2085,NULL,NULL),(106,267,800.00,0,0.00,800.00,'','FULLY PAID','2025-10-23 11:30:36','2025-10-23 11:40:33',800.00,0.00,2086,NULL,NULL),(107,268,800.00,0,0.00,800.00,'','FULLY PAID','2025-10-23 11:50:18','2025-10-23 11:52:48',800.00,0.00,2087,NULL,NULL),(108,269,1000.00,0,0.00,1000.00,'EAR CLEANING','FULLY PAID','2025-10-23 12:07:01','2025-10-23 12:09:48',1000.00,0.00,2088,NULL,NULL),(109,270,1000.00,0,0.00,1000.00,'EAR CLEANING','FULLY PAID','2025-10-23 12:19:18','2025-10-23 12:23:12',1000.00,0.00,2090,NULL,NULL),(110,271,800.00,0,0.00,800.00,'','FULLY PAID','2025-10-23 13:08:47','2025-10-23 13:10:49',800.00,0.00,2091,NULL,NULL),(111,272,1000.00,0,0.00,1000.00,'','FULLY PAID','2025-10-23 13:19:41','2025-10-23 13:26:33',1000.00,0.00,2092,NULL,NULL),(112,273,1000.00,0,0.00,1000.00,'','FULLY PAID','2025-10-23 13:34:28','2025-10-23 13:42:18',1000.00,0.00,2089,NULL,NULL),(113,274,800.00,100,800.00,0.00,'AVEGA','FULLY PAID','2025-10-23 13:58:22','2025-10-23 13:58:22',0.00,0.00,2074,NULL,NULL),(114,276,800.00,100,800.00,0.00,'','FULLY PAID','2025-10-24 11:40:07','2025-10-24 11:40:07',0.00,0.00,2076,NULL,NULL),(115,277,1000.00,0,0.00,1000.00,'','FULLY PAID','2025-10-24 11:49:54','2025-10-24 11:50:47',1000.00,0.00,2093,NULL,NULL),(116,278,1000.00,20,200.00,800.00,'','FULLY PAID','2025-10-24 12:02:09','2025-10-24 12:03:40',800.00,0.00,2094,NULL,NULL),(117,279,800.00,0,0.00,800.00,'','FULLY PAID','2025-10-24 12:11:06','2025-10-24 12:12:50',800.00,0.00,2013,NULL,NULL),(118,280,1000.00,0,0.00,1000.00,'','FULLY PAID','2025-10-24 13:15:09','2025-10-24 13:24:31',1000.00,0.00,2095,NULL,NULL),(119,281,800.00,0,0.00,800.00,'','FULLY PAID','2025-10-25 10:52:28','2025-10-25 10:53:13',800.00,0.00,2096,NULL,NULL),(120,282,1000.00,0,0.00,1000.00,'EAR CLEANING','FULLY PAID','2025-10-25 11:04:29','2025-10-25 11:05:28',1000.00,0.00,2098,NULL,NULL),(121,283,800.00,0,0.00,800.00,'','FULLY PAID','2025-10-25 11:14:22','2025-10-25 11:17:10',800.00,0.00,2009,NULL,NULL),(122,284,1000.00,100,1000.00,0.00,'FIRST FOLLOW UP','FULLY PAID','2025-10-25 11:28:20','2025-10-25 11:28:20',0.00,0.00,2099,NULL,NULL),(123,285,1000.00,50,500.00,500.00,'','FULLY PAID','2025-10-25 11:34:56','2025-10-25 11:36:05',500.00,0.00,2100,NULL,NULL),(124,286,1000.00,100,1000.00,0.00,'INTELLICARE','FULLY PAID','2025-10-25 11:48:14','2025-10-25 11:48:14',0.00,0.00,2044,NULL,NULL),(125,287,1000.00,0,0.00,1000.00,'EAR CLEANING','FULLY PAID','2025-10-25 12:02:39','2025-10-25 12:05:17',1000.00,0.00,2101,NULL,NULL),(126,288,800.00,0,0.00,800.00,'','FULLY PAID','2025-10-25 12:26:09','2025-10-25 12:27:18',800.00,0.00,2102,NULL,NULL),(127,289,1000.00,0,0.00,1000.00,'ear cleaning','FULLY PAID','2025-10-25 13:08:17','2025-10-25 13:10:57',1000.00,0.00,2097,NULL,NULL),(128,290,1000.00,100,1000.00,0.00,'','FULLY PAID','2025-10-27 11:25:07','2025-10-27 11:25:07',0.00,0.00,2109,NULL,NULL),(129,291,1000.00,100,1000.00,0.00,'co teacher mother','FULLY PAID','2025-10-27 11:28:30','2025-10-27 11:28:30',0.00,0.00,2112,NULL,NULL),(130,292,1000.00,0,0.00,1000.00,'ear cleaning','FULLY PAID','2025-10-27 11:38:17','2025-10-27 11:39:44',1000.00,0.00,2108,NULL,NULL),(131,293,1000.00,20,200.00,800.00,'sc','FULLY PAID','2025-10-27 11:48:15','2025-10-27 11:52:24',800.00,0.00,2073,NULL,NULL),(132,294,1000.00,20,200.00,800.00,'sc','FULLY PAID','2025-10-27 12:01:02','2025-10-27 12:04:29',800.00,0.00,2113,NULL,NULL),(133,295,1000.00,20,200.00,800.00,'sc','FULLY PAID','2025-10-27 12:09:11','2025-10-27 12:11:05',800.00,0.00,2111,NULL,NULL),(134,296,700.00,0,0.00,700.00,'','UNPAID','2025-10-27 12:20:05','2025-10-27 12:20:05',0.00,0.00,2046,NULL,NULL),(135,297,800.00,100,800.00,0.00,'SAME DAY CONSULT','FULLY PAID','2025-10-27 12:30:27','2025-10-27 12:30:27',0.00,0.00,2046,NULL,NULL),(136,298,800.00,0,0.00,800.00,'','FULLY PAID','2025-10-27 13:19:01','2025-10-27 13:20:27',800.00,0.00,2049,NULL,NULL),(137,299,1000.00,0,0.00,1000.00,'','FULLY PAID','2025-10-27 13:31:46','2025-10-27 13:41:33',1000.00,0.00,2067,NULL,NULL),(138,300,1000.00,0,0.00,1000.00,'','FULLY PAID','2025-10-27 13:53:07','2025-10-27 13:57:01',1000.00,0.00,2114,NULL,NULL),(139,301,1000.00,100,1000.00,0.00,'','FULLY PAID','2025-10-27 14:07:45','2025-10-27 14:07:45',0.00,0.00,2115,NULL,NULL),(140,302,1000.00,0,0.00,1000.00,'','FULLY PAID','2025-10-27 14:17:42','2025-10-27 14:28:13',1000.00,0.00,2116,NULL,NULL),(141,303,800.00,100,800.00,0.00,'','FULLY PAID','2025-10-27 14:22:50','2025-10-27 14:22:50',0.00,0.00,2117,NULL,NULL),(142,304,1000.00,20,200.00,800.00,'sc','FULLY PAID','2025-10-27 14:32:07','2025-10-27 14:36:35',800.00,0.00,2077,NULL,NULL),(143,305,1000.00,0,0.00,1000.00,'','FULLY PAID','2025-10-27 14:40:42','2025-10-27 14:43:49',1000.00,0.00,2118,NULL,NULL),(144,306,1000.00,0,0.00,1000.00,'','FULLY PAID','2025-10-28 12:08:48','2025-10-28 12:11:47',1000.00,0.00,2129,NULL,NULL),(145,307,1000.00,0,0.00,1000.00,'','FULLY PAID','2025-10-28 12:19:43','2025-10-28 12:22:27',1000.00,0.00,2095,NULL,NULL),(146,308,1000.00,100,1000.00,0.00,'md mom','FULLY PAID','2025-10-28 12:30:19','2025-10-28 12:30:19',0.00,0.00,2131,NULL,NULL),(147,309,1000.00,20,200.00,800.00,'','FULLY PAID','2025-10-28 12:42:51','2025-10-28 12:46:22',800.00,0.00,2132,NULL,NULL),(148,310,1000.00,0,0.00,1000.00,'ear cleaning','FULLY PAID','2025-10-28 12:52:32','2025-10-28 12:53:11',1000.00,0.00,2080,NULL,NULL),(149,311,700.00,0,0.00,700.00,'','FULLY PAID','2025-10-28 13:33:36','2025-10-28 13:34:44',700.00,0.00,2054,NULL,NULL),(150,312,1000.00,0,0.00,1000.00,'','FULLY PAID','2025-10-28 13:52:09','2025-10-28 13:53:25',1000.00,0.00,2133,NULL,NULL),(151,313,1000.00,0,0.00,1000.00,'','FULLY PAID','2025-10-28 14:04:04','2025-10-28 14:07:43',1000.00,0.00,2134,NULL,NULL),(152,314,800.00,20,160.00,640.00,'','FULLY PAID','2025-10-30 11:27:54','2025-10-30 11:30:37',640.00,0.00,2139,NULL,NULL),(153,315,1000.00,0,0.00,1000.00,'','FULLY PAID','2025-10-30 11:36:31','2025-10-30 11:37:36',1000.00,0.00,2108,NULL,NULL),(154,316,800.00,0,0.00,800.00,'','FULLY PAID','2025-10-30 11:42:32','2025-10-30 12:19:40',800.00,0.00,2141,NULL,NULL),(155,317,800.00,100,800.00,0.00,'','FULLY PAID','2025-10-30 11:52:34','2025-10-30 11:52:34',0.00,0.00,2103,NULL,NULL),(156,318,1000.00,0,0.00,1000.00,'','FULLY PAID','2025-10-30 12:16:41','2025-10-30 12:18:49',1000.00,0.00,2142,NULL,NULL),(157,319,1000.00,100,1000.00,0.00,'c/o avega','FULLY PAID','2025-10-30 12:24:01','2025-10-30 12:24:01',0.00,0.00,2143,NULL,NULL),(158,320,1000.00,100,1000.00,0.00,'','FULLY PAID','2025-10-30 12:26:29','2025-10-30 12:26:29',0.00,0.00,2143,NULL,NULL),(159,321,1000.00,100,1000.00,0.00,'avega','FULLY PAID','2025-10-30 12:51:52','2025-10-30 12:51:52',0.00,0.00,2144,NULL,NULL),(160,322,800.00,0,0.00,800.00,'','FULLY PAID','2025-10-30 13:41:10','2025-10-30 13:44:08',800.00,0.00,2145,NULL,NULL),(161,323,1000.00,100,1000.00,0.00,'','FULLY PAID','2025-10-30 14:01:20','2025-10-30 14:01:20',0.00,0.00,2147,NULL,NULL),(162,324,1000.00,100,1000.00,0.00,'','FULLY PAID','2025-10-30 14:02:37','2025-10-30 14:02:37',0.00,0.00,2146,NULL,NULL),(163,325,1000.00,20,200.00,800.00,'','UNPAID','2025-10-30 14:11:49','2025-10-30 14:11:49',0.00,0.00,2148,NULL,NULL),(164,326,1000.00,100,1000.00,0.00,'','FULLY PAID','2025-11-03 12:57:41','2025-11-03 12:57:41',0.00,0.00,2150,NULL,NULL),(165,327,1000.00,20,200.00,800.00,'','UNPAID','2025-11-03 13:09:37','2025-11-03 13:09:37',0.00,0.00,2113,NULL,NULL),(166,328,800.00,100,800.00,0.00,'','FULLY PAID','2025-11-03 13:17:55','2025-11-03 13:17:55',0.00,0.00,2112,NULL,NULL),(167,329,800.00,0,0.00,800.00,'','UNPAID','2025-11-03 13:28:28','2025-11-03 13:28:28',0.00,0.00,2081,NULL,NULL),(168,330,800.00,0,0.00,800.00,'','UNPAID','2025-11-03 13:39:57','2025-11-03 13:39:57',0.00,0.00,2151,NULL,NULL),(170,332,1000.00,0,0.00,1000.00,'','UNPAID','2025-11-03 14:14:03','2025-11-03 14:14:03',0.00,0.00,2153,NULL,NULL),(171,333,800.00,20,160.00,640.00,'','FULLY PAID','2025-11-06 11:17:18','2025-11-06 11:20:39',640.00,0.00,2155,NULL,NULL),(172,334,700.00,0,0.00,700.00,'','FULLY PAID','2025-11-06 11:30:26','2025-11-06 11:32:30',700.00,0.00,2157,NULL,NULL),(173,335,1000.00,0,0.00,1000.00,'','FULLY PAID','2025-11-06 11:37:46','2025-11-06 11:39:06',1000.00,0.00,2129,NULL,NULL),(174,336,1000.00,0,0.00,1000.00,'','FULLY PAID','2025-11-06 11:47:48','2025-11-06 11:49:43',1000.00,0.00,2158,NULL,NULL),(175,337,800.00,100,800.00,0.00,'MAXICARE','FULLY PAID','2025-11-06 11:59:59','2025-11-06 11:59:59',0.00,0.00,2159,NULL,NULL),(176,338,800.00,0,0.00,800.00,'','FULLY PAID','2025-11-06 12:17:17','2025-11-06 12:25:28',800.00,0.00,2160,NULL,NULL),(177,339,1000.00,20,200.00,800.00,'','FULLY PAID','2025-11-06 13:16:53','2025-11-06 13:17:43',800.00,0.00,2162,NULL,NULL),(178,340,800.00,100,800.00,0.00,'','FULLY PAID','2025-11-06 13:25:45','2025-11-06 13:25:45',0.00,0.00,2163,NULL,NULL),(179,341,700.00,0,0.00,700.00,'','FULLY PAID','2025-11-06 13:41:53','2025-11-06 13:46:40',700.00,0.00,2156,NULL,NULL),(180,343,800.00,0,0.00,800.00,'','FULLY PAID','2025-11-06 13:53:34','2025-11-06 13:54:24',800.00,0.00,2090,NULL,NULL),(181,344,1000.00,20,200.00,800.00,'','FULLY PAID','2025-11-06 14:06:48','2025-11-06 14:09:30',800.00,0.00,2161,NULL,NULL),(182,345,700.00,100,700.00,0.00,'','FULLY PAID','2025-11-06 14:11:09','2025-11-06 14:11:09',0.00,0.00,2143,NULL,NULL),(183,346,1000.00,100,1000.00,0.00,'','FULLY PAID','2025-11-07 11:25:57','2025-11-07 11:25:57',0.00,0.00,2164,NULL,NULL),(184,347,1000.00,0,0.00,1000.00,'','FULLY PAID','2025-11-07 11:40:08','2025-11-07 11:43:06',1000.00,0.00,2165,NULL,NULL),(185,348,1000.00,0,0.00,1000.00,'','FULLY PAID','2025-11-07 11:46:56','2025-11-07 11:52:50',1000.00,0.00,2168,NULL,NULL),(186,349,700.00,0,0.00,700.00,'','FULLY PAID','2025-11-07 12:03:01','2025-11-07 12:04:58',700.00,0.00,2169,NULL,NULL),(187,350,1000.00,0,0.00,1000.00,'','FULLY PAID','2025-11-07 12:18:24','2025-11-07 12:21:07',1000.00,0.00,2166,NULL,NULL),(188,351,800.00,100,800.00,0.00,'MAXICARE','FULLY PAID','2025-11-07 13:17:35','2025-11-07 13:17:35',0.00,0.00,2170,NULL,NULL),(189,352,900.00,0,0.00,900.00,'medical certificate','FULLY PAID','2025-11-07 13:25:48','2025-11-07 13:28:14',900.00,0.00,2171,NULL,NULL),(190,353,1000.00,0,0.00,1000.00,'','FULLY PAID','2025-11-07 13:38:14','2025-11-07 13:41:13',1000.00,0.00,2172,NULL,NULL),(191,354,700.00,100,700.00,0.00,'follow up','FULLY PAID','2025-11-07 13:43:03','2025-11-07 13:43:03',0.00,0.00,2159,NULL,NULL),(192,355,1000.00,0,0.00,1000.00,'','FULLY PAID','2025-11-07 13:55:27','2025-11-07 14:00:29',1000.00,0.00,2167,NULL,NULL),(193,356,1000.00,100,1000.00,0.00,'','FULLY PAID','2025-11-08 11:27:29','2025-11-08 11:27:29',0.00,0.00,2177,NULL,NULL),(194,357,1000.00,0,0.00,1000.00,'','FULLY PAID','2025-11-08 11:44:23','2025-11-08 11:45:24',1000.00,0.00,2173,NULL,NULL),(195,358,800.00,0,0.00,800.00,'','FULLY PAID','2025-11-08 11:53:53','2025-11-08 12:03:16',800.00,0.00,2176,NULL,NULL),(196,359,700.00,20,140.00,560.00,'','FULLY PAID','2025-11-08 12:02:37','2025-11-08 12:05:31',560.00,0.00,2009,NULL,NULL),(197,360,1000.00,0,0.00,1000.00,'','FULLY PAID','2025-11-08 12:20:32','2025-11-08 12:27:37',1000.00,0.00,2178,NULL,NULL),(198,361,800.00,0,0.00,800.00,'for issuance of admitting orders','UNPAID','2025-11-10 13:25:34','2025-11-10 13:25:34',0.00,0.00,2191,NULL,NULL),(199,362,1000.00,0,0.00,1000.00,'','FULLY PAID','2025-11-10 13:49:52','2025-11-10 13:51:18',1000.00,0.00,2193,NULL,NULL),(200,363,1000.00,100,1000.00,0.00,'','FULLY PAID','2025-11-10 13:55:56','2025-11-10 13:55:56',0.00,0.00,2150,NULL,NULL),(201,364,700.00,100,700.00,0.00,'','FULLY PAID','2025-11-10 13:57:39','2025-11-10 13:57:39',0.00,0.00,2143,NULL,NULL),(202,365,800.00,0,0.00,800.00,'','FULLY PAID','2025-11-10 14:18:13','2025-11-10 14:20:05',800.00,0.00,2194,NULL,NULL),(203,366,800.00,0,0.00,800.00,'','FULLY PAID','2025-11-10 14:23:35','2025-11-10 14:24:18',800.00,0.00,2192,NULL,NULL),(204,367,900.00,0,0.00,900.00,'','FULLY PAID','2025-11-11 11:29:15','2025-11-11 11:32:29',900.00,0.00,2203,NULL,NULL),(205,368,1000.00,100,1000.00,0.00,'hmo- philcare','FULLY PAID','2025-11-11 11:43:45','2025-11-11 11:43:45',0.00,0.00,2204,NULL,NULL),(206,369,1000.00,0,0.00,1000.00,'','FULLY PAID','2025-11-11 11:55:00','2025-11-11 11:57:43',1000.00,0.00,2162,NULL,NULL),(207,370,1000.00,0,0.00,1000.00,'','FULLY PAID','2025-11-11 12:04:33','2025-11-11 12:05:20',1000.00,0.00,2205,NULL,NULL),(208,371,800.00,0,0.00,800.00,'','FULLY PAID','2025-11-11 13:01:55','2025-11-11 13:15:05',800.00,0.00,2207,NULL,NULL),(209,372,900.00,0,0.00,900.00,'','FULLY PAID','2025-11-11 13:13:01','2025-11-11 13:22:31',900.00,0.00,2206,NULL,NULL),(210,373,800.00,20,160.00,640.00,'','FULLY PAID','2025-11-11 13:18:44','2025-11-11 13:20:45',640.00,0.00,2208,NULL,NULL),(211,374,700.00,20,140.00,560.00,'','FULLY PAID','2025-11-11 13:24:32','2025-11-11 13:25:10',560.00,0.00,2155,NULL,NULL),(212,375,700.00,20,140.00,560.00,'','FULLY PAID','2025-11-11 13:32:47','2025-11-11 13:34:51',560.00,0.00,2161,NULL,NULL),(213,376,1000.00,100,1000.00,0.00,'','FULLY PAID','2025-11-17 13:32:20','2025-11-17 13:32:20',0.00,0.00,2164,NULL,NULL),(214,377,1000.00,0,0.00,1000.00,'','FULLY PAID','2025-11-17 13:42:13','2025-11-17 13:43:17',1000.00,0.00,2244,NULL,NULL),(215,378,1000.00,0,0.00,1000.00,'','FULLY PAID','2025-11-17 14:10:59','2025-11-17 14:11:52',1000.00,0.00,2243,NULL,NULL),(216,379,1000.00,0,0.00,1000.00,'','FULLY PAID','2025-11-17 14:26:10','2025-11-17 14:28:12',1000.00,0.00,2245,NULL,NULL),(217,380,1000.00,0,0.00,1000.00,'','FULLY PAID','2025-11-17 14:37:50','2025-11-17 14:38:45',1000.00,0.00,2165,NULL,NULL),(218,381,800.00,0,0.00,800.00,'','FULLY PAID','2025-11-17 14:42:09','2025-11-17 14:46:01',800.00,0.00,2246,NULL,NULL),(219,382,1000.00,0,0.00,1000.00,'','FULLY PAID','2025-11-17 14:52:28','2025-11-17 14:54:49',1000.00,0.00,2247,NULL,NULL),(220,383,900.00,0,0.00,900.00,'','FULLY PAID','2025-11-17 15:02:25','2025-11-17 15:05:55',900.00,0.00,2054,NULL,NULL),(221,384,1000.00,0,0.00,1000.00,'','FULLY PAID','2025-11-17 15:16:05','2025-11-17 15:18:41',1000.00,0.00,2168,NULL,NULL),(222,385,800.00,0,0.00,800.00,'','FULLY PAID','2025-11-17 15:29:49','2025-11-17 15:32:47',800.00,0.00,2248,NULL,NULL),(223,386,800.00,100,800.00,0.00,'','FULLY PAID','2025-11-18 12:19:51','2025-11-18 12:19:51',0.00,0.00,2099,NULL,NULL),(224,387,1000.00,0,0.00,1000.00,'','FULLY PAID','2025-11-18 12:44:24','2025-11-18 12:45:29',1000.00,0.00,2257,NULL,NULL),(225,388,1000.00,0,0.00,1000.00,'','FULLY PAID','2025-11-18 12:55:35','2025-11-18 12:58:05',1000.00,0.00,2258,NULL,NULL),(226,389,1000.00,0,0.00,1000.00,'','FULLY PAID','2025-11-18 13:10:40','2025-11-18 13:11:14',1000.00,0.00,2259,NULL,NULL),(227,390,800.00,100,800.00,0.00,'','FULLY PAID','2025-11-18 13:44:04','2025-11-18 13:44:04',0.00,0.00,2260,NULL,NULL),(228,391,1000.00,20,200.00,800.00,'','FULLY PAID','2025-11-18 13:57:20','2025-11-18 14:07:38',800.00,0.00,2261,NULL,NULL),(229,392,1000.00,20,200.00,800.00,'','FULLY PAID','2025-11-18 14:06:08','2025-11-18 14:07:58',800.00,0.00,2262,NULL,NULL),(230,393,900.00,0,0.00,900.00,'','FULLY PAID','2025-11-18 14:14:57','2025-11-18 14:21:43',900.00,0.00,2263,NULL,NULL),(231,394,1000.00,100,1000.00,0.00,'INTELLICARE','FULLY PAID','2025-11-18 14:25:27','2025-11-18 14:25:27',0.00,0.00,2264,NULL,NULL),(232,395,800.00,100,800.00,0.00,'','FULLY PAID','2025-11-18 14:36:46','2025-11-18 14:36:46',0.00,0.00,2133,NULL,NULL),(233,396,800.00,100,800.00,0.00,'','FULLY PAID','2025-11-18 14:44:38','2025-11-18 14:44:38',0.00,0.00,2265,NULL,NULL),(234,397,800.00,0,0.00,800.00,'','FULLY PAID','2025-11-18 14:56:59','2025-11-18 15:00:40',800.00,0.00,2266,NULL,NULL),(235,398,900.00,0,0.00,900.00,'','FULLY PAID','2025-11-20 11:47:12','2025-11-20 12:52:54',900.00,0.00,2267,NULL,NULL),(236,399,800.00,0,0.00,800.00,'','FULLY PAID','2025-11-20 11:56:24','2025-11-20 12:53:14',800.00,0.00,2268,NULL,NULL),(237,400,800.00,0,0.00,800.00,'','FULLY PAID','2025-11-20 12:05:20','2025-11-20 12:53:34',800.00,0.00,2271,NULL,NULL),(238,401,800.00,100,800.00,0.00,'','FULLY PAID','2025-11-20 12:15:11','2025-11-20 12:15:11',0.00,0.00,2269,NULL,NULL),(239,402,1000.00,0,0.00,1000.00,'','FULLY PAID','2025-11-20 12:26:26','2025-11-20 12:53:56',1000.00,0.00,2270,NULL,NULL),(240,403,800.00,0,0.00,800.00,'','FULLY PAID','2025-11-20 13:45:50','2025-11-20 14:06:02',800.00,0.00,2272,NULL,NULL),(241,404,900.00,0,0.00,900.00,'','FULLY PAID','2025-11-20 13:54:22','2025-11-20 14:06:16',900.00,0.00,2273,NULL,NULL),(242,405,1000.00,100,1000.00,0.00,'','FULLY PAID','2025-11-21 11:57:29','2025-11-21 11:57:29',0.00,0.00,2177,'',''),(243,406,1000.00,0,0.00,1000.00,'','FULLY PAID','2025-11-21 12:08:21','2025-11-21 12:09:11',1000.00,0.00,2277,'',''),(244,407,1000.00,0,0.00,1000.00,'','FULLY PAID','2025-11-21 12:28:11','2025-11-21 14:05:13',1000.00,0.00,2278,'',''),(245,408,1000.00,0,0.00,1000.00,'','FULLY PAID','2025-11-21 12:42:06','2025-11-21 14:05:35',1000.00,0.00,2279,'',''),(246,409,900.00,0,0.00,900.00,'','FULLY PAID','2025-11-21 12:51:12','2025-11-21 14:09:08',900.00,0.00,2280,'',''),(247,410,1000.00,100,1000.00,0.00,'','FULLY PAID','2025-11-21 13:01:19','2025-11-21 13:01:19',0.00,0.00,2281,'',''),(248,411,800.00,100,800.00,0.00,'','FULLY PAID','2025-11-21 14:21:34','2025-11-21 14:21:34',0.00,0.00,2282,'',''),(249,412,800.00,0,0.00,800.00,'','FULLY PAID','2025-11-21 14:30:01','2025-11-21 14:33:27',800.00,0.00,2283,'',''),(250,413,1000.00,100,1000.00,0.00,'','FULLY PAID','2025-11-22 12:15:31','2025-11-22 12:15:31',0.00,0.00,2284,'','FIRST FOLLOW-UP'),(251,414,800.00,0,0.00,800.00,'','FULLY PAID','2025-11-22 12:24:18','2025-11-22 12:29:01',800.00,0.00,2285,'',''),(252,415,800.00,0,0.00,800.00,'','FULLY PAID','2025-11-22 12:32:10','2025-11-22 12:34:38',800.00,0.00,2203,'',''),(253,416,700.00,0,0.00,700.00,'','FULLY PAID','2025-11-22 12:41:26','2025-11-22 12:42:14',700.00,0.00,2266,'',''),(254,417,800.00,100,800.00,0.00,'','FULLY PAID','2025-11-24 11:29:02','2025-11-24 11:29:02',0.00,0.00,2099,'',''),(255,418,1000.00,0,0.00,1000.00,'','FULLY PAID','2025-11-24 11:36:17','2025-11-24 11:39:35',1000.00,0.00,2315,'',''),(256,419,1000.00,0,0.00,1000.00,'','FULLY PAID','2025-11-24 11:50:45','2025-11-24 11:56:08',1000.00,0.00,2314,'',''),(257,420,800.00,0,0.00,800.00,'','FULLY PAID','2025-11-24 12:02:09','2025-11-24 12:06:39',800.00,0.00,2313,'',''),(258,421,800.00,0,0.00,800.00,'','FULLY PAID','2025-11-24 13:03:50','2025-11-24 13:24:14',800.00,0.00,2317,'',''),(259,422,1000.00,0,0.00,1000.00,'','FULLY PAID','2025-11-24 13:24:11','2025-11-24 13:24:59',1000.00,0.00,2318,'',''),(260,423,700.00,100,700.00,0.00,'','FULLY PAID','2025-11-24 13:30:29','2025-11-24 13:30:29',0.00,0.00,2246,'',''),(261,424,600.00,0,0.00,600.00,'','FULLY PAID','2025-11-25 11:17:57','2025-11-25 11:19:27',600.00,0.00,2009,'',''),(262,425,900.00,100,900.00,0.00,'','FULLY PAID','2025-11-25 11:28:08','2025-11-25 11:28:08',0.00,0.00,2332,'',''),(263,426,800.00,0,0.00,800.00,'','FULLY PAID','2025-11-25 11:40:56','2025-11-25 11:57:59',800.00,0.00,2316,'',''),(264,427,1000.00,100,1000.00,0.00,'','FULLY PAID','2025-11-25 11:56:53','2025-11-25 11:56:53',0.00,0.00,2013,'','');
/*!40000 ALTER TABLE `billing` ENABLE KEYS */;
UNLOCK TABLES;
/*!50003 SET @saved_cs_client      = @@character_set_client */ ;
/*!50003 SET @saved_cs_results     = @@character_set_results */ ;
/*!50003 SET @saved_col_connection = @@collation_connection */ ;
/*!50003 SET character_set_client  = utf8mb4 */ ;
/*!50003 SET character_set_results = utf8mb4 */ ;
/*!50003 SET collation_connection  = utf8mb4_0900_ai_ci */ ;
/*!50003 SET @saved_sql_mode       = @@sql_mode */ ;
/*!50003 SET sql_mode              = 'ONLY_FULL_GROUP_BY,STRICT_TRANS_TABLES,NO_ZERO_IN_DATE,NO_ZERO_DATE,ERROR_FOR_DIVISION_BY_ZERO,NO_ENGINE_SUBSTITUTION' */ ;
DELIMITER ;;
/*!50003 CREATE*/ /*!50017 DEFINER=`root`@`localhost`*/ /*!50003 TRIGGER `billing_before_insert` BEFORE INSERT ON `billing` FOR EACH ROW BEGIN
    -- If total_amount is 0 or discount_percent is 100, mark as fully paid
    IF NEW.total_amount = 0.00 OR NEW.discount_percent = 100 THEN
        SET NEW.payment_status = 'FULLY PAID';
        SET NEW.balance = 0.00;
        SET NEW.amount_paid = NEW.total_amount;
    END IF;
END */;;
DELIMITER ;
/*!50003 SET sql_mode              = @saved_sql_mode */ ;
/*!50003 SET character_set_client  = @saved_cs_client */ ;
/*!50003 SET character_set_results = @saved_cs_results */ ;
/*!50003 SET collation_connection  = @saved_col_connection */ ;

--
-- Table structure for table `billing_payments`
--

DROP TABLE IF EXISTS `billing_payments`;
/*!40101 SET @saved_cs_client     = @@character_set_client */;
/*!50503 SET character_set_client = utf8mb4 */;
CREATE TABLE `billing_payments` (
  `payment_id` int NOT NULL AUTO_INCREMENT,
  `billing_id` int NOT NULL,
  `payment_date` datetime DEFAULT CURRENT_TIMESTAMP,
  `amount` decimal(10,2) NOT NULL,
  `note` varchar(255) DEFAULT NULL,
  `balance` decimal(10,2) DEFAULT '0.00',
  `change_due` decimal(10,2) DEFAULT NULL,
  PRIMARY KEY (`payment_id`),
  KEY `billing_id` (`billing_id`),
  CONSTRAINT `billing_payments_ibfk_1` FOREIGN KEY (`billing_id`) REFERENCES `billing` (`billing_id`)
) ENGINE=InnoDB AUTO_INCREMENT=157 DEFAULT CHARSET=utf8mb4 COLLATE=utf8mb4_0900_ai_ci;
/*!40101 SET character_set_client = @saved_cs_client */;

--
-- Dumping data for table `billing_payments`
--

LOCK TABLES `billing_payments` WRITE;
/*!40000 ALTER TABLE `billing_payments` DISABLE KEYS */;
INSERT INTO `billing_payments` (`payment_id`, `billing_id`, `payment_date`, `amount`, `note`, `balance`, `change_due`) VALUES (37,89,'2025-10-20 12:59:29',1500.00,'',0.00,700.00),(38,94,'2025-10-20 13:56:59',800.00,'',0.00,0.00),(39,91,'2025-10-20 13:59:04',1000.00,'',0.00,0.00),(40,95,'2025-10-21 14:05:44',800.00,'',0.00,0.00),(41,96,'2025-10-21 14:16:43',1000.00,'',0.00,0.00),(42,97,'2025-10-21 14:19:51',1000.00,'',0.00,200.00),(43,98,'2025-10-21 14:38:41',1000.00,'',0.00,0.00),(44,100,'2025-10-21 14:56:56',1000.00,'',0.00,0.00),(45,101,'2025-10-21 15:05:32',1000.00,'',0.00,0.00),(46,106,'2025-10-23 11:40:33',800.00,'',0.00,0.00),(47,107,'2025-10-23 11:52:48',800.00,'',0.00,0.00),(48,108,'2025-10-23 12:09:48',1000.00,'',0.00,0.00),(49,109,'2025-10-23 12:23:12',1000.00,'',0.00,0.00),(50,110,'2025-10-23 13:10:49',800.00,'',0.00,0.00),(51,111,'2025-10-23 13:26:33',1000.00,'',0.00,0.00),(52,112,'2025-10-23 13:42:18',1000.00,'',0.00,0.00),(53,115,'2025-10-24 11:50:47',1000.00,'',0.00,0.00),(54,116,'2025-10-24 12:03:40',800.00,'',0.00,0.00),(55,117,'2025-10-24 12:12:50',800.00,'',0.00,0.00),(56,118,'2025-10-24 13:24:31',1000.00,'',0.00,0.00),(57,119,'2025-10-25 10:53:13',800.00,'',0.00,0.00),(58,120,'2025-10-25 11:05:28',1000.00,'',0.00,0.00),(59,121,'2025-10-25 11:17:10',800.00,'',0.00,0.00),(60,123,'2025-10-25 11:36:05',1000.00,'',0.00,500.00),(61,125,'2025-10-25 12:05:17',1000.00,'',0.00,0.00),(62,126,'2025-10-25 12:27:18',800.00,'',0.00,0.00),(63,127,'2025-10-25 13:10:57',1000.00,'',0.00,0.00),(64,130,'2025-10-27 11:39:44',1000.00,'',0.00,0.00),(65,131,'2025-10-27 11:52:24',1000.00,'',0.00,200.00),(66,132,'2025-10-27 12:04:29',800.00,'',0.00,0.00),(67,133,'2025-10-27 12:11:05',800.00,'',0.00,0.00),(68,136,'2025-10-27 13:20:27',800.00,'',0.00,0.00),(69,137,'2025-10-27 13:41:33',1000.00,'',0.00,0.00),(70,138,'2025-10-27 13:57:01',1000.00,'',0.00,0.00),(71,140,'2025-10-27 14:28:13',10000.00,'',0.00,9000.00),(72,142,'2025-10-27 14:36:35',800.00,'',0.00,0.00),(73,143,'2025-10-27 14:43:49',1000.00,'',0.00,0.00),(74,144,'2025-10-28 12:11:47',1000.00,'',0.00,0.00),(75,145,'2025-10-28 12:22:27',1000.00,'',0.00,0.00),(76,147,'2025-10-28 12:46:22',800.00,'',0.00,0.00),(77,148,'2025-10-28 12:53:11',1000.00,'',0.00,0.00),(78,149,'2025-10-28 13:34:44',700.00,'',0.00,0.00),(79,150,'2025-10-28 13:53:25',1000.00,'',0.00,0.00),(80,151,'2025-10-28 14:07:43',1000.00,'',0.00,0.00),(81,152,'2025-10-30 11:30:37',640.00,'',0.00,0.00),(82,153,'2025-10-30 11:37:36',1000.00,'',0.00,0.00),(83,156,'2025-10-30 12:18:49',1000.00,'',0.00,0.00),(84,154,'2025-10-30 12:19:40',800.00,'',0.00,0.00),(85,160,'2025-10-30 13:44:08',800.00,'',0.00,0.00),(86,171,'2025-11-06 11:20:39',640.00,'',0.00,0.00),(87,172,'2025-11-06 11:32:30',700.00,'',0.00,0.00),(88,173,'2025-11-06 11:39:06',1000.00,'',0.00,0.00),(89,174,'2025-11-06 11:49:43',1000.00,'',0.00,0.00),(91,176,'2025-11-06 12:25:28',800.00,'',0.00,0.00),(92,177,'2025-11-06 13:17:43',800.00,'',0.00,0.00),(93,179,'2025-11-06 13:46:40',700.00,'',0.00,0.00),(94,180,'2025-11-06 13:54:24',800.00,'',0.00,0.00),(95,181,'2025-11-06 14:09:30',800.00,'',0.00,0.00),(96,184,'2025-11-07 11:43:06',1000.00,'',0.00,0.00),(97,185,'2025-11-07 11:52:50',10000.00,'',0.00,9000.00),(98,186,'2025-11-07 12:04:58',700.00,'',0.00,0.00),(99,187,'2025-11-07 12:21:07',1000.00,'',0.00,0.00),(100,189,'2025-11-07 13:28:14',900.00,'',0.00,0.00),(101,190,'2025-11-07 13:41:13',1000.00,'',0.00,0.00),(102,192,'2025-11-07 14:00:29',1000.00,'',0.00,0.00),(103,194,'2025-11-08 11:45:24',1000.00,'',0.00,0.00),(104,195,'2025-11-08 12:03:16',800.00,'',0.00,0.00),(105,196,'2025-11-08 12:05:31',560.00,'',0.00,0.00),(106,197,'2025-11-08 12:27:37',1000.00,'',0.00,0.00),(107,199,'2025-11-10 13:51:18',1000.00,'',0.00,0.00),(108,202,'2025-11-10 14:20:05',800.00,'',0.00,0.00),(109,203,'2025-11-10 14:24:18',800.00,'',0.00,0.00),(110,204,'2025-11-11 11:32:29',900.00,'',0.00,0.00),(111,206,'2025-11-11 11:57:43',1000.00,'',0.00,0.00),(112,207,'2025-11-11 12:05:20',1000.00,'',0.00,0.00),(113,208,'2025-11-11 13:15:05',800.00,'',0.00,0.00),(114,210,'2025-11-11 13:20:45',640.00,'',0.00,0.00),(115,209,'2025-11-11 13:22:31',900.00,'',0.00,0.00),(116,211,'2025-11-11 13:25:10',560.00,'',0.00,0.00),(117,212,'2025-11-11 13:34:51',560.00,'',0.00,0.00),(118,214,'2025-11-17 13:43:17',1000.00,'',0.00,0.00),(119,215,'2025-11-17 14:11:52',1000.00,'',0.00,0.00),(120,216,'2025-11-17 14:28:12',1000.00,'',0.00,0.00),(121,217,'2025-11-17 14:38:45',1000.00,'',0.00,0.00),(122,218,'2025-11-17 14:46:01',800.00,'',0.00,0.00),(123,219,'2025-11-17 14:54:49',1000.00,'',0.00,0.00),(124,220,'2025-11-17 15:05:55',900.00,'',0.00,0.00),(125,221,'2025-11-17 15:18:41',1000.00,'',0.00,0.00),(126,222,'2025-11-17 15:32:47',800.00,'',0.00,0.00),(127,224,'2025-11-18 12:45:29',1000.00,'',0.00,0.00),(128,225,'2025-11-18 12:58:05',1000.00,'',0.00,0.00),(129,226,'2025-11-18 13:11:14',1000.00,'',0.00,0.00),(130,228,'2025-11-18 14:07:38',800.00,'',0.00,0.00),(131,229,'2025-11-18 14:07:58',800.00,'',0.00,0.00),(132,230,'2025-11-18 14:21:43',900.00,'',0.00,0.00),(134,234,'2025-11-18 15:00:40',800.00,'',0.00,0.00),(135,235,'2025-11-20 12:52:54',900.00,'',0.00,0.00),(136,236,'2025-11-20 12:53:14',800.00,'',0.00,0.00),(137,237,'2025-11-20 12:53:34',800.00,'',0.00,0.00),(138,239,'2025-11-20 12:53:56',1000.00,'',0.00,0.00),(139,240,'2025-11-20 14:06:02',800.00,'',0.00,0.00),(140,241,'2025-11-20 14:06:16',900.00,'',0.00,0.00),(141,243,'2025-11-21 12:09:11',1000.00,'',0.00,0.00),(142,244,'2025-11-21 14:05:13',1000.00,'',0.00,0.00),(143,245,'2025-11-21 14:05:35',1000.00,'',0.00,0.00),(144,246,'2025-11-21 14:09:08',900.00,'',0.00,0.00),(145,249,'2025-11-21 14:33:27',800.00,'',0.00,0.00),(146,251,'2025-11-22 12:29:01',800.00,'',0.00,0.00),(148,252,'2025-11-22 12:34:38',800.00,'',0.00,0.00),(149,253,'2025-11-22 12:42:14',700.00,'',0.00,0.00),(150,255,'2025-11-24 11:39:35',1000.00,'',0.00,0.00),(151,256,'2025-11-24 11:56:08',1000.00,'',0.00,0.00),(152,257,'2025-11-24 12:06:39',800.00,'',0.00,0.00),(153,258,'2025-11-24 13:24:14',800.00,'',0.00,0.00),(154,259,'2025-11-24 13:24:59',1000.00,'',0.00,0.00),(155,261,'2025-11-25 11:19:27',600.00,'',0.00,0.00),(156,263,'2025-11-25 11:57:59',800.00,'',0.00,0.00);
/*!40000 ALTER TABLE `billing_payments` ENABLE KEYS */;
UNLOCK TABLES;
/*!50003 SET @saved_cs_client      = @@character_set_client */ ;
/*!50003 SET @saved_cs_results     = @@character_set_results */ ;
/*!50003 SET @saved_col_connection = @@collation_connection */ ;
/*!50003 SET character_set_client  = utf8mb4 */ ;
/*!50003 SET character_set_results = utf8mb4 */ ;
/*!50003 SET collation_connection  = utf8mb4_0900_ai_ci */ ;
/*!50003 SET @saved_sql_mode       = @@sql_mode */ ;
/*!50003 SET sql_mode              = 'ONLY_FULL_GROUP_BY,STRICT_TRANS_TABLES,NO_ZERO_IN_DATE,NO_ZERO_DATE,ERROR_FOR_DIVISION_BY_ZERO,NO_ENGINE_SUBSTITUTION' */ ;
DELIMITER ;;
/*!50003 CREATE*/ /*!50017 DEFINER=`root`@`localhost`*/ /*!50003 TRIGGER `trg_billing_payment_delete` AFTER DELETE ON `billing_payments` FOR EACH ROW BEGIN
    DECLARE v_total_paid DECIMAL(10,2);
    DECLARE v_balance DECIMAL(10,2);

    -- 1. Recompute total paid AFTER the delete
    SELECT IFNULL(SUM(amount), 0)
    INTO v_total_paid
    FROM billing_payments
    WHERE billing_id = OLD.billing_id;

    -- 2. Update amount_paid
    UPDATE billing
    SET amount_paid = v_total_paid
    WHERE billing_id = OLD.billing_id;

    -- 3. Compute new balance
    SELECT total_amount - v_total_paid
    INTO v_balance
    FROM billing
    WHERE billing_id = OLD.billing_id;

    -- 4. Update balance
    UPDATE billing
    SET balance = v_balance
    WHERE billing_id = OLD.billing_id;

    -- 5. Update payment status
    UPDATE billing
    SET payment_status = 
        CASE
            WHEN v_total_paid = 0 THEN 'UNPAID'
            WHEN v_balance = 0 THEN 'FULLY PAID'
            ELSE 'PARTIALLY PAID'
        END
    WHERE billing_id = OLD.billing_id;

END */;;
DELIMITER ;
/*!50003 SET sql_mode              = @saved_sql_mode */ ;
/*!50003 SET character_set_client  = @saved_cs_client */ ;
/*!50003 SET character_set_results = @saved_cs_results */ ;
/*!50003 SET collation_connection  = @saved_col_connection */ ;

--
-- Temporary view structure for view `billing_with_patient`
--

DROP TABLE IF EXISTS `billing_with_patient`;
/*!50001 DROP VIEW IF EXISTS `billing_with_patient`*/;
SET @saved_cs_client     = @@character_set_client;
/*!50503 SET character_set_client = utf8mb4 */;
/*!50001 CREATE VIEW `billing_with_patient` AS SELECT 
 1 AS `billing_id`,
 1 AS `patient_name`,
 1 AS `consultation_id`,
 1 AS `fee`,
 1 AS `discount_name`,
 1 AS `discount_percent`,
 1 AS `discount_amount`,
 1 AS `procedures`,
 1 AS `total_amount`,
 1 AS `note`,
 1 AS `payment_status`,
 1 AS `created_at`,
 1 AS `updated_at`,
 1 AS `amount_paid`,
 1 AS `balance`,
 1 AS `patient_id`*/;
SET character_set_client = @saved_cs_client;

--
-- Table structure for table `consultation`
--

DROP TABLE IF EXISTS `consultation`;
/*!40101 SET @saved_cs_client     = @@character_set_client */;
/*!50503 SET character_set_client = utf8mb4 */;
CREATE TABLE `consultation` (
  `consultation_id` int NOT NULL AUTO_INCREMENT,
  `patient_id` int NOT NULL,
  `doctor_name` varchar(100) DEFAULT NULL,
  `consultation_date` datetime DEFAULT CURRENT_TIMESTAMP,
  `chief_complaint` text,
  `history` text,
  `ear_exam` text,
  `nose_exam` text,
  `throat_exam` text,
  `diagnosis` text,
  `recommendations` text,
  `notes` text,
  `follow_up_date` date DEFAULT NULL,
  `follow_up_notes` text,
  `age` int DEFAULT NULL,
  `neck_exam` text,
  `doctor_id` int DEFAULT NULL,
  `others_exam` text,
  `procedures` varchar(100) DEFAULT NULL,
  `maxillofacial_exam` text,
  `head_and_neck_exam` text,
  PRIMARY KEY (`consultation_id`),
  KEY `patient_id` (`patient_id`),
  CONSTRAINT `consultation_ibfk_1` FOREIGN KEY (`patient_id`) REFERENCES `patients` (`patient_id`) ON DELETE CASCADE
) ENGINE=InnoDB AUTO_INCREMENT=428 DEFAULT CHARSET=utf8mb4 COLLATE=utf8mb4_0900_ai_ci;
/*!40101 SET character_set_client = @saved_cs_client */;

--
-- Dumping data for table `consultation`
--

LOCK TABLES `consultation` WRITE;
/*!40000 ALTER TABLE `consultation` DISABLE KEYS */;
INSERT INTO `consultation` (`consultation_id`, `patient_id`, `doctor_name`, `consultation_date`, `chief_complaint`, `history`, `ear_exam`, `nose_exam`, `throat_exam`, `diagnosis`, `recommendations`, `notes`, `follow_up_date`, `follow_up_notes`, `age`, `neck_exam`, `doctor_id`, `others_exam`, `procedures`, `maxillofacial_exam`, `head_and_neck_exam`) VALUES (101,2009,'Dr. Doctor','2025-10-03 11:58:20','EAR DISCHARGE','NOTED EAR INFECTION 3 YEARS PTC','TM PERFORATION AD 70%','','','OTITIS MEDIA, AS','KEEP RIGHT EAR DRY','','2025-10-03',NULL,52,NULL,NULL,NULL,NULL,NULL,NULL),(102,2008,'Dr. Doctor','2025-10-03 12:07:10','HEARING LOSS LEFT EAR','ON AND OFF HEARING LOSS','IMPACTED CERUMEN, AS','','','IMPACTED CERUMEN','PROPER EAR CLEANING','','2025-10-03',NULL,21,NULL,NULL,NULL,NULL,NULL,NULL),(103,2008,'Dr. Doctor','2025-10-03 12:19:35','EAR DISCHARGE','FOLLOW UP','PERFORATED TM PERFORATION AS, 40%\n WITH MINIMAL DISCHARGE','','','IMPACTED CERUMEN WITH TYMPANIC MEMBRANE PERFORATION, AS','KEEP LEFT EAR DRY','','2025-10-03',NULL,21,NULL,NULL,NULL,NULL,NULL,NULL),(104,2010,'Dr. Doctor','2025-10-03 12:31:37','EAR FULLNESS AS','3 DAYS ITCHINESS WITH EAR FULLNESS','FUNGAL ELEMENTS AS','','','OTOMYCOSIS, AS','KEEP LEFT EAR DRY \n PROPER EAR CLEANING','','2025-10-10',NULL,53,NULL,NULL,NULL,NULL,NULL,NULL),(105,2011,'Dr. Doctor','2025-10-03 12:48:25','EAR CHECK UP','ITCHINESS X 5 DAYS','YELLOWISH DISCHARGE AS, WITH FUNGAL ELEMENTS','','','OTOMYCOSIS, AS','KEEP LEFT EAR DRY','EAR CLEANING','2025-10-10',NULL,47,NULL,NULL,NULL,NULL,NULL,NULL),(106,2012,'Dr. Doctor','2025-10-03 12:58:29','EAR IRRITATION','1 MONTH ON AND OFF EAR IRRITATION\n NO HEARING LOSS','DRY EARS\n MILD ITCHINESS','','','MILD OTOMYCOSIS, AS','PROPER EAR CLEANING','','2025-10-03',NULL,29,NULL,NULL,NULL,NULL,NULL,NULL),(107,2013,'Dr. Doctor','2025-10-03 13:44:29','NASAL CONGESTION','2 WEEKS CONGESTION','CLEAR','YELLOWISH NASAL DISCHARGE BOTH NOSE\n MEATY MASS ON BOTH NASOPHARYNX MORE ON THE LEFT','NO POST NASAL DRIP','RHINOSINOSITIS WITH NASO PHARYNGEAL AND INTRA NASAL MASS','FOR CT SCAN OF THE PARANASL SINUSES, PLAIN','WITH CT SCAN RESULT','2025-10-10',NULL,48,NULL,NULL,NULL,NULL,NULL,NULL),(108,2014,'Dr. Doctor','2025-10-03 14:09:22','NASAL CONGESTION','5 DAYS NOTED EPISTAXIS\n ASSOCIATED WITH NASAL PAIN ANDCONGESTION','INTACT','EPISTAXIS','','RHINOSINUSITIS WITH INACTIVE EPISTAXIS','X- RAY OF THE PNS','','2025-10-10',NULL,8,NULL,NULL,NULL,NULL,NULL,NULL),(109,2015,'Dr. Doctor','2025-10-04 09:59:07','HEARING LOSS\n','REFERRED FOR EVALUATION BY SUPERCARE DUE TO INADEQUATE HEARING 2 MONTHS PTC','PERFORATED TM, AS','','','MODERATE CONDUCTIVE HEARING LOSS AS\n PERFORATED TM, AS','FOR HEARING AID FITTING AS','','2025-10-04',NULL,37,NULL,NULL,NULL,NULL,NULL,NULL),(110,2016,'Dr. Doctor','2025-10-04 10:17:20','EAR PAIN','3 DAYS EAR PAIN','IC, AS\n SWELLING RIGHT EAR CANAL','','','OTITIS EXTERNA, AD\n IMPACTED CERUMEN, AS','KEEP RIGHT EAR DRY','','2025-10-11',NULL,40,NULL,NULL,NULL,NULL,NULL,NULL),(111,2017,'Dr. Doctor','2025-10-04 10:32:28','EAR DISCHARGE','1 WEEK NOTED EAR DISCHARGE\n CONSULTED SPH AND GIVEN OTIC DROPS','MODERATE DISCHARGE WITH TM PERFORATION','','','CHRONIC OTITIS MEDIA, AD','KEEP RIGHT EAR DRY','','2025-10-11',NULL,65,NULL,NULL,NULL,NULL,NULL,NULL),(112,2019,'Dr. Doctor','2025-10-06 12:51:19','EAR PAIN','1 WEEK NTED EAR PAIN, LEFT\n NO FEVER\n (+) NASAL CATARRH','INTACT TM - AU','','','IMPACTED CERUMEN, AS','PROPER EAR CLEANING','','2025-10-13',NULL,4,NULL,NULL,NULL,NULL,NULL,NULL),(113,2018,'Dr. Doctor','2025-10-06 13:01:15','HEARING DIFFICULTY','2 DAYS PTC, NOTED HEARING DIFFICULTY','FUNGA ELEMENTS, AD','','','OTOMYCOSIS WITH OM, AD','PROPER EAR CLEANING \n KEEP RIGHT EAR DRY','','2025-10-13',NULL,18,NULL,NULL,NULL,NULL,NULL,NULL),(114,2021,'Dr. Doctor','2025-10-06 13:13:36','FOLLOW-UP','NOTED VERTIGO, ON AND OFF','','','','CANALOLITHIASIS, MENIERE\'S DISEASE','LOW SALT DIET','','2025-10-06',NULL,61,NULL,NULL,NULL,NULL,NULL,NULL),(115,2020,'Dr. Doctor','2025-10-06 13:21:22','FOLLOW UP','TREATED WITH ANTIBIOTICS FOR 1 WEEK','','NASAL POLYP, RIGHT GRADE 2','','RHINOSINUSITIS, WITH GRADE 2 NASAL POLYP, RIGHT','FOR CT SCAN OF THE PARANASAL SINUSES (PLAIN)','','2025-10-06',NULL,27,NULL,NULL,NULL,NULL,NULL,NULL),(116,2022,'Dr. Doctor','2025-10-06 13:33:48','FOLLOW-UP CHECK-UP','NOTED AURAL POLYP AS, 1 MONTH PTC','AURAL POLYP- RESOLVED\n WHITTISH EAR DEPOSIT, AS\n HYPEREMIC EAR CANAL','FREQUENT NASAL CLEARING','','COM, WITH AURAL POLYP AND CHOLESTEATOMA, AS','KEEP LEFT EAR DRY\n CONTINUE EAR DROPS OD X 1 WEEK MORE\n MOMETASONE OD X 1 MONTH','','2025-11-04',NULL,37,NULL,NULL,NULL,NULL,NULL,NULL),(117,2023,'Dr. Doctor','2025-10-06 13:45:23','FOLLOW-UP','EAR FULLNES X 1 WEEK\n GIVEN ANTIBIOTICS - CO-AMOXICLAV AND OTOBIOTIC','INTACT TM,AS\n CERUMEN, AD','FREQUENT SNEEZING','','ACUTE OTITIS MEDIA WITH IMPACTED CERUMEN AD\n ALLERGIC RHINITIS','KEEP RIGHT EAR DRY\n PROPER EAR CLEANING','','2025-10-06',NULL,18,NULL,NULL,NULL,NULL,NULL,NULL),(118,2024,'Dr. Doctor','2025-10-06 13:55:08','EAR ITCHINESS','1 WEEK NOTED ON AND OFF EAR IRRITATION','INTACT TM, AURAL POLYP- RESOLVED','','','PARTIALLY IMPACTED CERUMEN','PROPER EAR CLEANING','','2025-10-06',NULL,7,NULL,NULL,NULL,NULL,NULL,NULL),(119,2025,'Dr. Doctor','2025-10-06 14:06:20','EAR IRRITATION','1 MONTH NOTED EAR FULLNESS\n CONSULTED AND NOTED EAR PERFORTION','','','','CHRONIC OTITS MEDIA, AD, AURAL POYP','KEEP RIGHT EAR DRY','','2025-10-13',NULL,55,NULL,NULL,NULL,NULL,NULL,NULL),(120,2026,'Dr. Doctor','2025-10-06 14:20:46','EAR IRRITATION','1 WEEK NOTED ITCHINESS WITH IRRITATION, BOTH EARS','BILATERAL EAR DISCHARGE','','','OTOMYCOSIS, AU','','','2025-10-06',NULL,43,NULL,NULL,NULL,NULL,NULL,NULL),(121,2027,'Dr. Doctor','2025-10-07 10:40:07','NASAL CONGESTION','DIAGNOSED WITH NASAL POLYP\n S/P FESS 2016\n 1 WEEK CONSULTED FOR CLEARANCE\n REQUESTED FOR CT SCAN OF THE PNS\n CAME BACK WITH RESULT','','BILATERAL NASAL POLYP GRADE 3\nMAXILLARY AND ETHMOID SINUSITIS ON CT SCAN','','NASAL POLYP LEFT WITH MAXILLARY SINUSITIS','FOR FESS','','2025-10-07',NULL,52,NULL,NULL,NULL,NULL,NULL,NULL),(122,2028,'Dr. Doctor','2025-10-07 10:54:50','EAR CLEANING','WITH HEARING AID','INTACT TM AU \n DRY CERUMEN, AU \n','','','MILD OE, AU','CONTINUE HEARING AID USE','','2025-10-07',NULL,65,NULL,NULL,NULL,NULL,NULL,NULL),(123,2029,'Dr. Doctor','2025-10-07 11:03:06','THROAT DISCOMFORT X 1 MONTH\r','1 MONTH NOTED THROAT DISCOMFORT\n UTZ DONE WHICH REVEALED NORMAL','','','SLIGHTLY HYPEREMIC OROPHARYNX','LARYNGOPHARYNGEAL REFLUX','FOR FNL IF UNRESOLVED AFTER 2 WEEKS','','2025-10-07',NULL,24,NULL,NULL,NULL,NULL,NULL,NULL),(124,2030,'Dr. Doctor','2025-10-07 12:47:55','THROAT DISCOMFORT','FREQUENT THROAT CLEARING ESPECIALLY AT DAYTIME','','','SLIGHTLY HYPEREMIC OROPHARYNX','ALLERGIC PHARYNGITIS','','','2025-10-07',NULL,91,NULL,NULL,NULL,NULL,NULL,NULL),(125,2031,'Dr. Doctor','2025-10-07 13:10:51','FOREIGN BODY CLAY','1 WEEK PTC, NOTED CLAY ON THE RIGHT EAR','','','','FOREIGN BODY, CLAY AD','','','2025-10-07',NULL,3,NULL,NULL,NULL,NULL,NULL,NULL),(126,2032,'Dr. Doctor','2025-10-07 13:21:19','EAR DISCHARGE','1 WEEK NOTED BILATERAL DISCHARGE','BILATERAL YELLOWISH DISCHARGE','','','ACUTE OTITIS MEDIA, AU','','','2025-10-14',NULL,51,NULL,NULL,NULL,NULL,NULL,NULL),(127,2033,'Dr. Doctor','2025-10-09 11:17:30','REFERRRED FOR EALUATION\n NO OTHER SUBJECTIVE COMPLAINTS','BY SUPERCARE AND CT SCAN RESULT REVEALED ETHMOID AND MAXILARY SINUSITIS WITH MUCOUS RETENTION CYST RIGHT','','MODERATE NASAL DISCHARGE\n NO OTHER MASSES OR FINDINGS','','ETHMOID AND MAXILLARY SINUSITIS, WITH RIGHT MUCOUS RETENTION CYST','FIT FOR WORK','','2025-10-09',NULL,56,NULL,NULL,NULL,NULL,NULL,NULL),(128,2035,'Dr. Doctor','2025-10-09 11:28:20','FOLLOW UP','HEARING LOSS 4 DAYS PTC\n CONSULT AND GIVEN ANTIBIOTICS- CO AMOXICLAV, OTOQURE','MODERATE DISCHARGE WITH FUNGAL ELEMENTS, AD\nINTACT TM AS','','','OTITIS MEDIA AD WITH OTOMYCOSIS','PROPER EAR CLEANING','','2025-10-09',NULL,31,NULL,NULL,NULL,NULL,NULL,NULL),(129,2037,'Dr. Doctor','2025-10-09 11:46:10','','','INTACT TYMPANIC MEMBRANES, AU','','','IMPACTED CERUMEN AU','PROPER EAR CLEANING','','2025-10-09',NULL,81,NULL,NULL,NULL,NULL,NULL,NULL),(130,2034,'Dr. Doctor','2025-10-09 11:58:26','FOR CLEARANCE','','IMPACTED CERUMEN, AS','','','COM WITH CHOLESTEATOMA\n S/P MASTOIDECTOMY AS (2005)\n S/P REVISION MASTOIDECTOMY (2019)','KEEP LEFT EAR DRY\n YEARLY CHECK-UP','','2025-10-09',NULL,55,NULL,NULL,NULL,NULL,NULL,NULL),(131,2036,'Dr. Doctor','2025-10-09 12:13:17','FOLLOW-UP CHECK-UP','','INTACT TM, AU \n EAR WAX, AS','','','IMPACTED CERUMEN AU \n OTITIS EXTERNA, AS','PROPER EAR CLEANING','','2025-10-09',NULL,40,NULL,NULL,NULL,NULL,NULL,NULL),(132,2038,'Dr. Doctor','2025-10-09 12:33:26','REFERRED BY SUPERCARE','NOTED FLU-LIKE SYMPTOMS FOR 1 WEEK\nCONSULTED PREVIOUS PHYSICIAN AND GAVE ANTIBIOTICS\nCT SCAN REQUESTED WITH RESULT OF POLYSINUSITIS','','THICK NASAL DISCHARGE\n BUGGY TURBINATES','','POLYSINUSITIS','FIT TO WORK ONCE ANTIBIOTICS IS COMPLETED','','2025-10-09',NULL,50,NULL,NULL,NULL,NULL,NULL,NULL),(133,2039,'Dr. Doctor','2025-10-09 12:42:35','EAR PAIN','1 PTC WEEK NOTED EAR PAIN','INTACT TM, AU \n FOREIGN BODY, INSECT LEG, AD','','','FOREIGN BODY, INSECT LEG, AD','REMOVAL OF FOREIGN BODY','','2025-10-09',NULL,13,NULL,NULL,NULL,NULL,NULL,NULL),(134,2042,'Dr. Doctor','2025-10-09 13:25:34','FOLLOW-UP CHECK-UP','','','NASAL DISCHARGE','','RHINOSINUSITIS WITH INACTIVE EPISTAXIS \n ALLERGIC RHINITIS','ALLERGEN AVOIDANCE','','2025-10-09',NULL,9,NULL,NULL,NULL,NULL,NULL,NULL),(135,2040,'Dr. Doctor','2025-10-09 13:39:10','EAR FULLNESS RIGHT EAR','2 MONTHS NOTED EAR FULLNESS\n 5 YEARS PTC-  MASS/ LUMP LEFT POST AURICULAR AREA (TEMPORO-OCCIPITAL)','INTACT TM, AU','','','EUSTACHIAN TUBE DYSFUNCTION\n LIPOMA, LEFT TEMPORO-OCCIPITAL AREA','FOR PTA\n FOR CT SCAN OF THE HEAD IF UNRESOLED\n FOR FNAB OF THE LEFT TEMPORO-OCCIPITAL MASS IF WITH PROGRESSION IN SIZE','','2025-10-09',NULL,52,NULL,NULL,NULL,NULL,NULL,NULL),(136,2041,'Dr. Doctor','2025-10-09 13:47:17','FOLLOW-UP CHECK-UP','1 MONTH CONSULTED MY CLINIC AND GIVEN ANTIBIOTICS FOR SINUSITIS AND NASAL POLYP-CLARITHROMYCIN, PEPRAZOM, ACETYLCYSTEINE, NACL NASAL SRAY, MOMETASONE NASAL SPRAY\nWITH RESULT OF X-RAY: NASAL CONGESTION','','','','RHINOSINUSITIS WITH GRADE 2 POLYP BILATERAL','CONTINUE NASAL SPRAY AND ANTIBIOTICS\n ADVISED FESS','','2025-10-09',NULL,61,NULL,NULL,NULL,NULL,NULL,NULL),(137,2043,'Dr. Doctor','2025-10-09 13:57:45','NASAL CONGESTION X 1 WEEK\n','TOOK SINUPRET X 1 WEEK AND RYALTRIS NASAL SPRAY','','NASAL CONGESTION\n YELLOWISH NASAL DISCHARGE','','RHINOSINUSITIS BILATERAL','FOR ANTIBIOTICS:\n CLINDAMYCIN 300 MG TID\n SERRAPEPTASE 1 TAB TID\n NACLA NASAL SPRAY\n MOMETASONE NASAL SPRAY\n \n X- RAY OF THE PNS','','2025-10-16',NULL,49,NULL,NULL,NULL,NULL,NULL,NULL),(139,2044,'Dr. candie','2025-10-10 12:57:10','','RHINITIS, AZITHROMYCIN- 5 DAYS','','POLYP, LEFT NOSE, GRADE 1','SLIGHTLY HYPEREMIC OROPHARYNX','RHINOSINUSITIS, MAXILLARY SINUSITIS, NASAL POLYP LEFT GRADE 1','FOR FESS','',NULL,'',35,NULL,NULL,NULL,NULL,NULL,NULL),(140,2046,'Dr. candie','2025-10-10 13:28:25','COUGH',', COUGH X 1 WEEK','','TURBINATES NOT ENLARGED','','LARYNGOPHARYNGEAL REFLUX','','',NULL,'',49,NULL,NULL,NULL,NULL,NULL,NULL),(141,2049,'Dr. candie','2025-10-13 11:18:09','VERTIGO','VERTIGO WITH TINNITUS X 1 MONTH, MENIERE\'S DISEASE 2023','INTACT TM - AU','','','MENIERE\'S DISEASE','LOW SALT DIET, VERTIGO EXERCISES, PTABS','',NULL,'',50,NULL,NULL,NULL,NULL,NULL,NULL),(142,2047,'Dr. candie','2025-10-13 11:33:41','FOLLOW-UP CHECK-UP','','','HYPEREMIC NASAL MUCOSA','','RHINOSINUSITIS','','',NULL,'',58,NULL,NULL,NULL,NULL,NULL,NULL),(143,2050,'Dr. candie','2025-10-13 11:42:01','EPISTAXIS','NASAL BLEEDING X 1 WEEK, ON AND OFF NASAL BLEEDING','','BILATERAL NASAL DISCHARGE','','RHINOSINUSITIS BILATERAL','X- RAY OF THE PNS','',NULL,'',12,NULL,NULL,NULL,NULL,NULL,NULL),(144,2051,'Dr. candie','2025-10-13 11:51:51','THROAT DISCOMFORT',', ON AND OFF THROAT DISCOMFORT FOR 3 YEARS','','','','LARYNGOPHARYNGEAL REFLUX','FOR FNL IF UNRESOLVED AFTER 2 WEEKS','',NULL,'',35,NULL,NULL,NULL,NULL,NULL,NULL),(145,2013,'Dr. candie','2025-10-13 12:11:01','FOLLOW-UP CHECK-UP','CAME IN WITH RESULT OF CT SCAN OF THE PNS','','MEATY MASS ON BOTH NASOPHARYNX MORE ON THE LEFT, MINIMAL NASAL DISCHARGE','','RHINOSINOSITIS WITH NASO PHARYNGEAL AND INTRA NASAL MASS','FOR PUNCH BIOPSY OF NASAL MASS','',NULL,'',48,NULL,NULL,NULL,NULL,NULL,NULL),(146,2019,'Dr. candie','2025-10-13 12:18:48','FOLLOW-UP CHECK-UP',', GIVEN EAR DROPS X 1 WEEK','','','','IMPACTED CERUMEN','PROPER EAR CLEANING','',NULL,'',4,NULL,NULL,NULL,NULL,NULL,NULL),(147,2052,'Dr. candie','2025-10-13 12:31:42','EAR PAIN','EAR PAIN X 1 DAY, ON AND OFF ITCHINESS EARS','INTACT TM - AU','','','MILD OTOMYCOSIS, AU, MENIERE\'S DISEASE','LOW SALT DIET, PTABS','',NULL,'',41,NULL,NULL,NULL,NULL,NULL,NULL),(148,2040,'Dr. candie','2025-10-13 12:37:08','','','','CLEAR NASOPHARYNX','','EUSTACHIAN TUBE DYSFUNCTION','','',NULL,'',52,NULL,NULL,NULL,NULL,NULL,NULL),(149,2053,'Dr. candie','2025-10-13 13:31:01','FOLLOW-UP CHECK-UP','PATIENT IS DIAGNOSED WITH NASAL POLYP','','YELLOWISH NASAL DISCHARGE BOTH NOSE, GRADE 2 NASAL POLYP','','NASAL POLYP LEFT WITH MAXILLARY SINUSITIS, S/P FESS BILATERAL (8-14-25) MIHMCI','NACL NASAL SPRAY FLO SINUS CARE','',NULL,'',36,NULL,NULL,NULL,NULL,NULL,NULL),(150,2054,'Dr. candie','2025-10-13 14:11:42','FOR EAR CLEANING','','INTACT TM - AU','','','IMPACTED CERUMEN AU','PROPER EAR CLEANING','',NULL,'',20,NULL,NULL,NULL,NULL,NULL,NULL),(151,2055,'Dr. candie','2025-10-13 14:24:08','EAR CHECK UP','EAR PAIN X 3 DAYS','BILATERAL FUNGAL INFECTION','','','OTOMYCOSIS, AU, OTITIS MEDIA WITH OTOMYCOSIS, AS','PROPER EAR CLEANING','',NULL,'',37,NULL,NULL,NULL,NULL,NULL,NULL),(152,2056,'Dr. candie','2025-10-14 11:33:01','HEARING LOSS','1 MONTH NOTED DIFFICULTY OF HEARING','INTACT TM, AD, YELLOWISH DISCHARGE AS, WITH FUNGAL ELEMENTS','','','OTITIS MEDIA WITH OTOMYCOSIS, AS','KEEP LEFT EAR DRY','',NULL,'',65,NULL,NULL,NULL,NULL,NULL,NULL),(153,2027,'Dr. candie','2025-10-14 12:06:28','FOLLOW-UP CHECK-UP','CONSULTED MY CLINIC FOR CLEARANCE FROM SUPERCARE, S/P FESS - 2016','INTACT TM - AU','GRADE 2 NASAL POLYP','','RHINOSINUSITIS WITH GRADE 2 POLYP BILATERAL, S/P FESS (2016)','ADVISED FESS, FIT FOR WORK','',NULL,'',52,NULL,NULL,NULL,NULL,NULL,NULL),(154,2057,'Dr. candie','2025-10-14 12:14:59','EAR CHECK UP','EAR FULLNESS X 3 DAYS','INTACT TM - AU','','','EUSTACHIAN TUBE DYSFUNCTION','REVERSE VALSALVA, MOMETASONE NASAL SPRAY, PTABS IF UNRESOLVED','',NULL,'',30,NULL,NULL,NULL,NULL,NULL,NULL),(155,2058,'Dr. candie','2025-10-14 12:24:49','EAR PAIN','4 DAYS EAR PAIN','','','','MILD OTOMYCOSIS, AU','PROPER EAR CLEANING','',NULL,'',16,NULL,NULL,NULL,NULL,NULL,NULL),(156,2059,'Dr. candie','2025-10-16 12:16:15','PAROTID MASS',', 20 YEARS PTC, NOTED RIGHT PAROTID MAS, 2015, EXCISION DONE, 10 MONTHS PTC, NOTED SUDDEN INCREASE IN SIZE','PERFORATED TM, AD, EAR DISCHARGE, AS','','','PLEOMORPHIC ADENOMA, RIGHT PAROTID, OTITIS MEDIA, AU','FOR SUPERFICIAL PAROTIDECTOMY, RIGHT','',NULL,'',52,NULL,NULL,NULL,NULL,NULL,NULL),(157,2060,'Dr. candie','2025-10-16 12:25:03','FOLLOW-UP CHECK-UP','NOTED INFECTED PRE- AURICULAR SINUS, RIGHT, GIVEN ANTIBIOTICS X 2 WEEKS','','','','PRE-AURICULAR SINUS, 1ST BRANCHIAL CLEFT RIGHT','CONTINUE MUPIROCIN OINTMENT OD','',NULL,'',15,NULL,NULL,NULL,NULL,NULL,NULL),(158,2061,'Dr. candie','2025-10-16 12:40:42','EAR CHECK UP','EAR DISCOMFORT','INTACT TM - AU','','','IMPACTED CERUMEN AU','PROPER EAR CLEANING','',NULL,'',29,NULL,NULL,NULL,NULL,NULL,NULL),(159,2062,'Dr. candie','2025-10-16 12:46:32','EAR CHECK UP','','','','','MILD OE, AU','PROPER EAR CLEANING','',NULL,'',65,NULL,NULL,NULL,NULL,NULL,NULL),(160,2063,'Dr. candie','2025-10-16 13:46:03','THROAT PAIN X 3 DAYS','1 WEEK PTC, NOTED DRY COUGH, GIVEN CO-AMOXICLAV','','','GRADE 3 TONSILS BILATERAL WITH TONSILLOLITH','UPPER RESPIRATORY TRACT INFECTION, ACUTE TONSILLOPHARYNGITIS','CHEST X-RAY PAL, X-RAY OF THE NECK APL','',NULL,'',34,NULL,NULL,NULL,NULL,NULL,NULL),(161,2064,'Dr. candie','2025-10-16 13:57:45','HEADACHE','ON AND OFF HEADACHE WITH NASAL CONGESTION','','','','ALLERGIC RHINITIS','X- RAY OF THE PNS','',NULL,'',77,NULL,NULL,NULL,NULL,NULL,NULL),(162,2066,'Dr. candie','2025-10-16 14:13:45','COUGH','4 DAYS PTC, COUGH NOTED ASSOCIATED WITH DIFFICULTY OF BREATHING','','','','UPPER RESPIRATORY TRACT INFECTION','CHEST X-RAY PA VIEW','',NULL,'',55,NULL,NULL,NULL,NULL,NULL,NULL),(163,2067,'Dr. candie','2025-10-17 11:42:10','FOR CLEARANCE','','','','','OTITIS MEDIA, AU','','',NULL,'',36,NULL,NULL,NULL,NULL,NULL,NULL),(164,2050,'Dr. candie','2025-10-18 11:17:04','FOLLOW-UP CHECK-UP',', ON AND OFF NASAL BLEEDING','','NASAL DISCHARGE','','MAXILLARY SINUSITIS','','',NULL,'',12,NULL,NULL,NULL,NULL,NULL,NULL),(165,2070,'Dr. candie','2025-10-18 11:27:50','FOREIGN BODY (THROAT) FISHBONE','','','','','','','',NULL,'',50,NULL,NULL,NULL,NULL,NULL,NULL),(166,2071,'Dr. candie','2025-10-18 11:42:43','ANTERIOR NECK MASS','4 MONTHS NOTED ANTERIOR NECK MASS','','','','THYROID MASS BILATERAL','FOR UTZ-GUIDED FINE NEEDLE ASPIRATION BIOPSY','',NULL,'',69,NULL,NULL,NULL,NULL,NULL,NULL),(167,2013,'Dr. candie','2025-10-18 11:49:01','FOLLOW-UP CHECK-UP','','','NASAL MASS LEFT WITH EXTENTION TO NASOPHARYNX','','NASAL POLYP LEFT WITH MAXILLARY SINUSITIS','FOLLOW UP WITH BIOPSY RESULT','',NULL,'',48,NULL,NULL,NULL,NULL,NULL,NULL),(247,2073,'2','2025-10-20 12:50:19','HEARING LOSS','1 MONTH PTC- NOTED ON AND OFF HEARING LOSS','INTACT TM - AU','','','IMPACTED CERUMEN AU','PROPER EAR CLEANING','','2025-10-27','',76,NULL,NULL,NULL,NULL,NULL,NULL),(249,2075,'2','2025-10-20 13:05:07','FOLLOW-UP CHECKUP','ADMITTED AT METRO ILOILO FOR TONSILLITIS\nEPISTAXIS NOTED NIGHT PTC','','ABRASION RIGHT SEPTUM','','RHINOSINUSITIS WITH POST NASAL DRIP, ACUTE TONSILLOPHARYNGITIS, RHINOSINUSITIS WITH POST NASAL DRIP, INACTIVE EPISTAXIS, EPISTAXIS INACTIVE','','',NULL,'',25,NULL,NULL,NULL,NULL,NULL,NULL),(250,2077,'2','2025-10-20 13:15:17','EAR IRRITATION','','INTACT TM - AU','','','IMPACTED CERUMEN AU, MILD OTOMYCOSIS AS','PROPER EAR CLEANING','',NULL,'',73,NULL,NULL,NULL,NULL,NULL,NULL),(251,2076,'2','2025-10-20 13:33:11','NASAL DEFORMITY','3 DAYS PTC- FALL','','NASAL DEFORMITY WITH SUTURED LACERATED WOUND','','NASAL BONE FRACTURE SECONDARY TO TRAUMA','FOR CLOSED REDUCTION OF NBF, FOR CP CLEARANCE PRIOR TO PROCEDURE','',NULL,'',89,NULL,NULL,NULL,NULL,NULL,NULL),(252,2074,'2','2025-10-20 13:42:01','HEARING LOSS','1 DAY PTC, NOED HEARING LOSS ASSOCIATED WITH HEADACHE','INTACT TM - AU','','','MENIERE\'S DISEASE','LOW SALT DIET, VERTIGO EXERCISES, PTABS','',NULL,'',44,NULL,NULL,NULL,NULL,NULL,NULL),(253,2078,'2','2025-10-20 13:47:38','EAR PAIN','1 WEEK PTC- NOTED EAR PAIN','INTACT TM - AU','','','NEURALGIA','PROPER EAR CLEANING','',NULL,'',41,NULL,NULL,NULL,NULL,NULL,NULL),(255,2079,'2','2025-10-21 14:02:57','REFERRED BY SUPERCARE FOR THYROID NODULES','NOTED THYROID NODULES- 2009\nFOR YEARLY MONITORING','','','','NON TOXIC NODULAR GOITER','FIT FOR WORK','',NULL,'',43,NULL,NULL,NULL,NULL,NULL,NULL),(256,2080,'2','2025-10-21 14:08:57','','','FUNGAL ELEMENTS, AU, SWOLLEN EXTERNAL CANAL AD','','','OTITIS EXTERNA, AS, OTOMYCOSIS, AU','KEEP BOTH EARS DRY','',NULL,'',39,NULL,NULL,NULL,NULL,NULL,NULL),(258,2056,'2','2025-10-21 14:17:38','FOLLOW-UP','1 WEEK PTC- REFERRED FOR HEARING LOSS AS','FUNGAL ELEMENTS, AS','','','OTITIS MEDIA WITH OTOMYCOSIS, AS','KEEP LEFT EAR DRY','',NULL,'',65,NULL,NULL,NULL,NULL,NULL,NULL),(259,2081,'2','2025-10-21 14:26:08','EAR CHARGES','5 DAYS PTC, NOTED EAR DISCHARGE BILATERAL','YELLOWISH FOUL-SMELLING DISCHARGE, AS, TYMPANIC MEMBRANE PERFORATION 40% AD','','','OTITIS MEDIA, AU','KEEP BOTH EARS DRY','',NULL,'',53,NULL,NULL,NULL,NULL,NULL,NULL),(260,2082,'2','2025-10-21 14:38:47','SWELLING LEFT EAR','1 WEEK PTC NOTED RIGHT EAR PAIN\n2 DAYS PTC LEFT EAR PAIN NOTED','SWOLLEN EAR CANAL AS, MODERATE DISCHARGE AD, WITH INTACT TYMPANIC MEMBRANES','','','OTITIS EXTERNA, AU','KEEP BOTH EARS DRY, FOLLOW UP AFTER 3 DAYS FOR REMOVAL OF EAR WICK','',NULL,'',35,NULL,NULL,NULL,NULL,NULL,NULL),(261,2084,'2','2025-10-21 14:52:05','EAR FULLNES','2 DAYS EAR ITCHINESS WITH DIFFICULTY IN HEARING','BILATERAL YELLOWISH DISCHARGE, FUNGAL ELEMENTS, AU','','','OTITIS EXTERNA WITH OTOMYCOSIS, AU','KEEP BOTH EARS DRY','',NULL,'',23,NULL,NULL,NULL,NULL,NULL,NULL),(262,2085,'2','2025-10-21 15:01:08','EAR PAIN AU','3 DAYS PTC, NOTED EAR PAIN','BILATERAL SWOLLEN EAR CANAL','','','OTITIS EXTERNA, AU','KEEP BOTH EARS DRY','FOR REMOVAL OF EAR WICK',NULL,'FOR REMOVAL OF EAR WICK',24,NULL,NULL,NULL,NULL,NULL,NULL),(267,2086,'2','2025-10-23 11:27:28','THROAT DISCOMFORT','3 WEEKS PTC NOTED THROAT DISCOMFORT','','','NON HYPEREMIC TONSILS','LARYNGOPHARYNGEAL REFLUX','FOR FLEXIBLE LARYNGOSCOPY IF WITH PHILHEALTH, THYROID ULTRASOUND','FOLLOW WITH RESULT OF LABORATORY','2025-10-30','FOLLOW WITH RESULT OF LABORATORY',53,NULL,NULL,'',NULL,NULL,NULL),(268,2087,'2','2025-10-23 11:42:39','HYPERTROPHIC TONSILS','NOTED ENLARGED TONSILS SINCE CHILDHOOD \nNO RECURRENT INFECTION\nNO OSA SYMPTOMS AS CLAIMED','','','GRADE 3 TONSILS- BILATERAL, NO TONSILLOLITH, NO HYPEREMIA','TONSILLAR HYPERTROPHY- BILATERAL','OBSERVE FOR OSA SYMPTOMS, OBSERVE FOR RECURRENT INFECTION, FIT TO WORK','',NULL,'',28,NULL,NULL,'',NULL,NULL,NULL),(269,2088,'2','2025-10-23 12:03:31','HEARING LOSS','1 WEEK PTC, NOTED HEARING LOSS \n3 DAYS NOTED EAR DISCOMFORT','INFLAMED EAR CANAL AD, FUNGAL ELEMENTS, AU','','','OTITIS EXTERNA, AU, OTOMYCOSIS, AU','PROPER EAR CLEANING, KEEP BOTH EARS DRY','',NULL,'',48,NULL,NULL,'',NULL,NULL,NULL),(270,2090,'2','2025-10-23 12:17:21','EAR DISCHARGE','1 MONTH TREATED FOR FUNGAL INFECTION\nGIVEN ANTIBIOTICS 2 COURSES - UNRECALLED','YELLOWISH DISCHARGE AS, TYMPANIC MEMBRANE PERFORATION 30%','','','RECURRENT OTITIS MEDIA AS','KEEP LEFT EAR DRY','',NULL,'',58,NULL,NULL,'',NULL,NULL,NULL),(271,2091,'2','2025-10-23 13:03:44','OTORRHAGIA','2 DAYS NOTED EAR BLEEDING','INTACT TM - AU, ABRASION LEFT EAR CANAL','','','ABRASION LEFT EAR CNAL','KEEP LEFT EAR DRY','',NULL,'',6,NULL,NULL,'',NULL,NULL,NULL),(272,2092,'2','2025-10-23 13:15:34','EAR PAIN AND TINNITUS','3 DAYS NOTED EAR PAIN ASSOCIATED WITH VERTIGO\n5 DAYS PTC- CONSULT DONE AND GIVEN ANTI-VERTIGO BTAHISTINE 16MG X 5 DAYS','INTACT TM - AU, DRY SCALY EAR WAX AU','','','MENIERE\'S DISEASE','LOW SALT DIET, PTABS','',NULL,'',29,NULL,NULL,'',NULL,NULL,NULL),(273,2089,'2','2025-10-23 13:27:58','NASAL CONGESTION','1 YEAR PTC NOTED ON AND OFF NASAL CONGESTION','','HYPERTROPHIC TURBINATES, NO POLYP','','ALLERGIC RHINITIS','ALLERGEN AVOIDANCE','',NULL,'',28,NULL,NULL,'',NULL,NULL,NULL),(274,2074,'2','2025-10-23 13:58:07','FOLLOW-UP CHECK UP- WITH RESULT OF PTABS','CONSULTED 1 WEEK PTC FOR HEADACHE AND VERTIGO','INTACT TM - AU','','','MENIERE\'S DISEASE, NOISE-INDUCED HEARING LOSS - LEFT EAR','LOW SALT DIET, CONTINUE VERTIGO EXERCISES AND LOW SALT DIET, AVOID LOUD NOISES','',NULL,'',44,NULL,NULL,'',NULL,NULL,NULL),(276,2076,'2','2025-10-24 11:38:42','FOLLOW-UP','NOTED NASAL DEFORMITY SECONDARY TO FALL\nFOLKS AND PATIENT OPTED FOR CONSERVATIVE MANAGEMENT','','','','NASAL BONE FRACTURE SECONDARY TO TRAUMA','OBSERVE FOR UNTOWARD SYMPTOMS, CONSUME ALL MED TO COMPLETE 1 WEEK, TO COME ANYTIME IF WITH PROBLEM','',NULL,'',89,NULL,NULL,'',NULL,NULL,NULL),(277,2093,'2','2025-10-24 11:47:07','EAR PAIN','NOTED EAR PAIN MORNING PTC\nGIVEN ANTIBIOTICS X 1 WEEK FOR CONGESTION\n1 WEEK NOTED VERTIGO ASSOCIATED WITH TINNITUS','INTACT TM - AU','','','MENIERE\'S DISEASE','LOW SALT DIET, VERTIGO EXERCISES, PTABS','',NULL,'',33,NULL,NULL,'',NULL,NULL,NULL),(278,2094,'2','2025-10-24 12:00:16','EAR CHECK-UP','EAR PAIN','EAR DISCHARGE, AD, MODERATE CERUMEN AS','','','COM, S/P RADICAL MASTOIDECTOMY (2009)','KEEP BOTH EARS DRY','',NULL,'',68,NULL,NULL,'',NULL,NULL,NULL),(279,2013,'2','2025-10-24 12:08:46','FOLLOW-UP CHECK-UP WITH RESULT OF HISTOPATH','UNDERWENT BIOPSY OF INTRA NASAL MASS LAST OCTOBER 16\nRESULT SHOWED INFLAMMATORY NASAL POLYP','','NASAL MASS LEFT WITH EXTENTION TO NASOPHARYNX','','NASAL POLYP LEFT WITH MAXILLARY SINUSITIS, ANTROCHOANAL POLYP','ADVISED FESS','',NULL,'',48,NULL,NULL,'',NULL,NULL,NULL),(280,2095,'2','2025-10-24 13:13:04','EAR PAIN','3 DAYS PTC- NOTED EAR PAIN\nSELF MEDICATED WITH MEFENAMIC ACID AND AMOXICILLIN','MODERATE DISCHARGE, AD, SWOLLEN CANAL, AS','','','OTITIS EXTERNA, AU','KEEP BOTH EARS DRY, PROPER EAR CLEANING','FOR REMOVAL OF EAR WICK','2025-10-27','FOR REMOVAL OF EAR WICK',23,NULL,NULL,'',NULL,NULL,NULL),(281,2096,'2','2025-10-25 10:50:22','EAR PAIN','COUGH AND COLDS X 4 DAYS\nEAR PAIN NOTED MORNING PTC','INFLAMED TYMPANIC MEMBRANE AND MIDDLE EAR EFFUSION, AS','','','ACUTE OTITIS MEDIA, AS','KEEP LEFT EAR DRY','','2025-10-30','',25,NULL,NULL,'',NULL,NULL,NULL),(282,2098,'2','2025-10-25 11:02:06','EAR CHECK-UP FOR PMA APPLICATION','NO SUBJECTIVE COMPLAINTS','INTACT TM - AU, IMPACTED CERUMEN, AD','','','IMPACTED CERUMEN, AD','PROPER EAR CLEANING','',NULL,'',18,NULL,NULL,'',NULL,NULL,NULL),(283,2009,'2','2025-10-25 11:11:58','EAR CHECK-UP','DIAGNOSED WITH OTITIS MEDIA, AS','50% TYMPANIC MEMBRANE PERFORATION, AD, WATERY DISCHARGE AD WITH POLYP, INTACT TM, AS','','','CHRONIC OTITS MEDIA, AD, AURAL POYP, ALLERGIC RHINITIS','KEEP RIGHT EAR DRY, ALLERGEN AVOIDANCE','',NULL,'',52,NULL,NULL,'',NULL,NULL,NULL),(284,2099,'2','2025-10-25 11:27:58','FOLLOW-UP','2 YEARS PTC, NOTED LEFT FACIAL PARALYSIS, DIAGNOSED WITH BELL\'S PALSY\n1 YEAR PTC, CONSULTED CLINIC WITH CT SCAN (DEC. 2024)\nNOTED TEMPORRARL MASS\nADVISED BIOPSY THUS ADMITTED AT WVMC (10-18-25)\nBIOPSY DONE (10-20-25)','AURAL MASS, AS','','','TEMPORAL BONE MASS WITH EXTENSION TO EAR CANAL, FACIAL NERVE PARALYSIS LEFT HB IV SECNDARY','FOLLOW UP WITH BIOPSY RESULT, CONTINUE HOME MEDS TO CONSUME, KEEP LEFT EAR DRY','',NULL,'',69,NULL,NULL,'LEFT FACIAL PARALYSIS HB-IV, LEFT POST AURICULAR MASS',NULL,NULL,NULL),(285,2100,'2','2025-10-25 11:33:14','NASAL CONGESTION','DIAGNOSED WITH RHINITIS\nON AND OFF NASAL CONGESTION','','HYPERTROPHIC TURBINATES, NO POLYP','','ALLERGIC RHINIS','ALLERGEN AVOIDANCE','',NULL,'',31,NULL,NULL,'',NULL,NULL,NULL),(286,2044,'2','2025-10-25 11:44:17','FOLLOW-UP WITH RESULT OF CT SCAN OF THE PNS','DIAGNOSED WITH MAXILLARY SINUSITIS\nCT SCAN REQUESTED AND ANTIBIOTICS GIVEN:\nAZITHROMYCIN, FLUIMUCIL, NASONEX, STELIX','','GRADE 1 NASAL POLYP, LEFT, HYPERTROPHIC TURBINATES BILATERAL','','RHINOSINUSITIS WITH GRADE 1 NASAL POLYP LEFT','REGULAR FOLLOW-UP FOR MONITORING OF POLYP, ALLERGEN AVOIDANCE, FOR ALLERGY TEST C/O DR. PATRIMONIO','',NULL,'',35,NULL,NULL,'',NULL,NULL,NULL),(287,2101,'2','2025-10-25 12:00:51','EAR IRCHINESS','ON AND OFF EAR ITCHINESS\n2 WEEKS PTC, NOTED RINGING- TINNITUS','INTACT TM - AU, FUNGAL ELEMENTS AS','','','OTITIS MEDIA WITH OTOMYCOSIS, AS','KEEP LEFT EAR DRY, PROPER EAR CLEANING','',NULL,'',40,NULL,NULL,'',NULL,NULL,NULL),(288,2102,'2','2025-10-25 12:22:45','EAR BLEEDING','1 DAY PTC NOTED BLEEDING WHILE MANIPULATION','FUNGAL ELEMENTS, AU, SWOLLEN EAR CANAL AS','','','OTITIS EXTRNA, AS, OTOMYCOSIS, AU','KEEP BOTH EARS DRY, PROPER EAR CLEANING','',NULL,'',7,NULL,NULL,'',NULL,NULL,NULL),(289,2097,'2','2025-10-25 13:06:12','EAR DISCHARGE','1 WEEK EAR DISCHARGE WITH HEARING LOSS','YELLOWISH EAR DISCHARGE, AS','','','ACUTE OTITIS MEDIA, AS','KEEP LEFT EAR DRY','','2025-11-03','',32,NULL,NULL,'',NULL,NULL,NULL),(290,2109,'2','2025-10-27 11:24:16','EAR FULLNESS','3 DAYS PTC- NOTED EAR FULLNESS','EAR WAX AU','','','IMPACTED CERUMEN AU','PROPER EAR CLEANING','',NULL,'',34,NULL,NULL,'',NULL,NULL,NULL),(291,2112,'2','2025-10-27 11:26:58','EAR DISCHARGE AS','ON AND OFF EAR DISCHARGE','YELLOWISH DISCHARGE AS','','','OTITIS MEDIA ASWITH OTITIS EXTERNA AND ECZEMA','PROPER EAR CLEANING','',NULL,'',80,NULL,NULL,'',NULL,NULL,NULL),(292,2108,'2','2025-10-27 11:36:05','EAR PAIN, AS','1 WEEK PTC, ACCIDENTALLY FILLED WITH WATER IN THE SWIMMING POOL, LEFT EAR','INFLAMED EAR CANAL, AS, IMPACTED WAX','','','OTITIS EXTERNA, AS, OTITIS MEDIA, AS','PROPER EAR CLEANING, KEEP BOTH EARS DRY','FOR EAR CLEANING','2025-11-03','FOR EAR CLEANING',39,NULL,NULL,'',NULL,NULL,NULL),(293,2073,'2','2025-10-27 11:45:35','FOLLOW-UP','1WEEK GIVEN MEDS FOR EAR WAX','','','','IMPACTED CERUMEN AU','PROPER EAR CLEANING, FOR PTA','',NULL,'',76,NULL,NULL,'',NULL,NULL,NULL),(294,2113,'2','2025-10-27 11:59:52','EAR PAIN, RIGHT','3 DAYS NOTED EAR PAIN','PERFORATED TM, AS 90%, INFLAMED EAR CANAL AD, WITH FUNGAL ELEMENTS','','','OTITIS MEDIA WITH OTOMYCOSIS, AD, PERFORATED TM, AS','KEEP BOTH EARS DRY, PROPER EAR CLEANING','','2025-11-03','',81,NULL,NULL,'',NULL,NULL,NULL),(295,2111,'2','2025-10-27 12:07:36','EAR ITCHINESS','5 DAYS PTC- PATIENT REACTION TO SOAP\nNOTED EAR IRRITATION THEN AFTER','INFLAMED EAR CANAL AU','','','OTITIS EXTERNA, AU','KEEP BOTH EARS DRY','','2025-11-03','',69,NULL,NULL,'',NULL,NULL,NULL),(296,2046,'2','2025-10-27 12:17:09','FOLLOW-UP','1 WEEK PTC- NOTED THROAT DISCOMFORT \nGIVEN ANTI-REFLUX\nSYMPTOMS IMPROVED BUT STILL WITH DISCOMFORT AT LEFT POSTERIOR TONGUE','','','','LARYNGO-PHARYNGEAL REFLUX, TONSILLOLITH BASE OF THE TONGUE, LEFT','FOR FLEXIBLE LARYNGOSCOPY IF WITH PHILHEALTH, C/O MEDICUS AMBULATORY ON WED, OCTOBER 29, 2025, 9AM','FOR FNL, MEDICUS AMBULATORY','2025-10-29','FOR FNL, MEDICUS AMBULATORY',49,NULL,NULL,'',NULL,NULL,NULL),(297,2046,'2','2025-10-27 12:28:33','','','','CRUSTING LESION NOSE','','FURUNCLE, NASAL SEPTUM','AVOID MANIPULATION IN THE NOSE','',NULL,'',49,NULL,NULL,'',NULL,NULL,NULL),(298,2049,'2','2025-10-27 13:14:20','FOLLOW UP WITH RESULT OF PTABS','OCCASIONAL TINNITUS\nNO VERTIGO\nMILD SNHL ON PTABS','INTACT TM - AU','','','MENIERE\'S DISEASE','LOW SALT DIET, CONTINUE VERTIGO EXERCISES AND LOW SALT DIET, AVOID LOUD NOISES','',NULL,'',50,NULL,NULL,'',NULL,NULL,NULL),(299,2067,'2','2025-10-27 13:29:58','FOLLOW-UP CHECK-UP','FOLLOW UP','ATTIC PERFORATION,AD, MINIMAL YELLOWISH DISCHARGE, AS','','','CHRONIC OTITIS MEDIA, AU','CONTINUE EAR DROPS ONCE A DAY X 1 WEEK MORE, FOR CT SCAN OF THE TEMPORAL BONE IF UNRESOLVED, YEARLY MONITORING, CLEARED FOR WORK','',NULL,'',36,NULL,NULL,'',NULL,NULL,NULL),(300,2114,'2','2025-10-27 13:51:30','EAR DISCHARGE','5 DAYS PTC, NOTED EAR DISCHARGE\nNASAL CATARRH\nPOST NASAL DRIP WITH COUGH','INFLAMED EAR CANAL AND TM, AD, FUNGAL ELEMENTS AS','','','OTOMYCOSIS, AU, OTITIS EXTERNA, AD','PROPER EAR CLEANING, KEEP BOTH EARS DRY','FOR EAR CLEANING','2025-11-04','FOR EAR CLEANING',37,NULL,NULL,'',NULL,NULL,NULL),(301,2115,'2','2025-10-27 14:06:37','EAR CHECK-UP','','EAR WAX- DRY','','','IMPACTED CERUMEN, OTOMYCOSIS, AU','PROPER EAR CLEANING','',NULL,'',6,NULL,NULL,'',NULL,NULL,NULL),(302,2116,'2','2025-10-27 14:16:06','HEADACHE','3 DAYS PTC- NOTED HEADACHE AND NASAL PAIN\nGIVEN CELECOXIB, CLINDAMYCIN, ESOMEPRAZOLE AND NASONEX','','HYPEREMIC NASAL MUCOSA AND TURBINATES','','ALLERGIC RHINITIS WITH SINUSITIS','CONTINUE ALL MEDS UNTIL CONSUMED','',NULL,'',49,NULL,NULL,'',NULL,NULL,NULL),(303,2117,'2','2025-10-27 14:21:59','','','','','','IMPACTED CERUMEN AU','PROPER EAR CLEANING','FOR EAR CLEANING','2025-11-04','FOR EAR CLEANING',5,NULL,NULL,'',NULL,NULL,NULL),(304,2077,'2','2025-10-27 14:30:13','FOLLOW-UP','','SLIGHTLY WET EAR, AS, DRY WAX AD','','','OTITIS MEDIA WITH OTOMYCOSIS, AS','PROPER EAR CLEANING','',NULL,'',73,NULL,NULL,'',NULL,NULL,NULL),(305,2118,'2','2025-10-27 14:38:53','EAR PAIN','1 MONTH PTC- NOTED IRRITATION\nMORNING PTC- PAIN NOTED THUS THIS CONSULT','INTACT TM - AU, DRY EAR WAX','','','TRIGEMINAL NEURALGIA','PROPER EAR CLEANING','',NULL,'',68,NULL,NULL,'',NULL,NULL,NULL),(306,2129,'2','2025-10-28 12:06:40','`EAR PAIN','MONTHS PTC NOTED ITCHINESS\n1 WEEK PAIN NOTED','INFLAMED EAR CANAL, AS, MIODERATE CERUMEN, AD','','','OTITIS EXTERNA WITH OTOMYCOSIS AS, IMPACTED CERUMEN, AD','KEEP BOTH EARS DRY, PROPER EAR CLEANING','','2025-11-04','',19,NULL,NULL,'',NULL,NULL,NULL),(307,2095,'2','2025-10-28 12:19:38','FOLLOW-UP','GIVEN ANTIBIOTICS 1 WEEK PTC','DECREASED SWELLING LEFT ER CANAL, INTACT TM - AU','','','OTITIS EXTERNA, AS, RESOLVING','PROPER EAR CLEANING, KEEP LEFT EAR DRY','',NULL,'',23,NULL,NULL,'',NULL,NULL,NULL),(308,2131,'2','2025-10-28 12:28:40','EAR PAIN','1 WEEK PTC, NOTED EAR PAIN','INFLAMED EAR CANAL, AS','','','OTITIS EXTERNA WITH OTOMYCOSIS AS','PROPER EAR CLEANING','',NULL,'',24,NULL,NULL,'',NULL,NULL,NULL),(309,2132,'2','2025-10-28 12:41:16','EAR CHECK-UP','HEARING LOSS\nNO PAIN','DRY CERUMEN, AS, INTACT TM - AU','','','IMPACTED CERUMEN, SENSORINEURAL HEARING LOSS','PROPER EAR CLEANING','',NULL,'',85,NULL,NULL,'',NULL,NULL,NULL),(310,2080,'2','2025-10-28 12:52:18','FOLLOW-UP CHECK UP','1 WEEK TREATED FOR OTOMYCOSIS AND OTITIS EXTERNA','INTACT TM - AU, FUNGAL ELEMENTS AS','','','OTITIS EXTRNA, AS, OTOMYCOSIS, AU','PROPER EAR CLEANING','',NULL,'',39,NULL,NULL,'',NULL,NULL,NULL),(311,2054,'2','2025-10-28 13:33:30','FOLLOW-UP WITH RESULT OF PTABS','1 WEEK CONSULTED FOR EAR CLEANING','INTACT TM - AU','','','NORMAL HEARING AU','PROPER EAR CLEANING','',NULL,'',20,NULL,NULL,'',NULL,NULL,NULL),(312,2133,'2','2025-10-28 13:50:46','EAR CHECK-UP','NOTED IRRITATIONRIGHT EAR ESPECIALLY WHEN LYING DOWN','IMPACTED CERUMEN, AS, IMPACTED CERUMEN WITH PERFORATION, AD','','','IMPACTED CERUMEN AU, OTITIS MEDIA , AD','PROPER EAR CLEANING','','2025-11-04','',27,NULL,NULL,'',NULL,NULL,NULL),(313,2134,'2','2025-10-28 14:02:18','EPISTAXIS ON AND OFF','MONTHS PTC, NOTED ON AND OFF EPISTAXIS\n1 WEEK PTC PERSISTENCE OF SYMPTOMS, THUS CONSULT','','CONGESTED TURBINATES, ENLARGED ADENOIDS, NASAL SEPTAL ABRASION LEFT, MINIMAL DISCHARGE','','RHINOSINUSITIS WITH INACTIVE EPISTAXIS, HYPERTROPHIC ADENOIDS, NASAL SEPTAL ABRASION, LEFT','FOR X RAY OF THE PNS, TO COME BACK WITH RESULT','WITH RESULT OF X RAY','2025-11-04','WITH RESULT OF X RAY',17,NULL,NULL,'',NULL,NULL,NULL),(314,2139,'2','2025-10-30 11:21:40','PAIN LEFT EAR','4 DAYS NOTED SHOOTING PAIN LEFT POST- AURICULAR AREA','INTACT TM - AU','','','TRIGEMINAL NEURALGIA','','',NULL,'',93,NULL,NULL,'',NULL,NULL,NULL),(315,2108,'2','2025-10-30 11:36:25','FOLLOW-UP','MANAGED AS A CASE OF OTITIS EXTERNA','MODERATE DISCHARGE, AS','','','OTITIS EXTERNA WITH OTOMYCOSIS AS','CONTINUE ALL MEDS UNTIL CONSUMED, PROPER EAR CLEANING','',NULL,'',39,NULL,NULL,'',NULL,NULL,NULL),(316,2141,'2','2025-10-30 11:41:12','HEARING LOSS','1 WEEK PTC, NOTED EAR FULLNESS','INTACT TM - AU','','','SENSORINEURAL HEARING LOSS','FOR PTABS','FOLLOW UP WITH RESULT OF HEARING TEST','2025-11-06','FOLLOW UP WITH RESULT OF HEARING TEST',48,NULL,NULL,'',NULL,NULL,NULL),(317,2103,'2','2025-10-30 11:50:37','FOLLOW-UP CHECK UP WITH RESULT OF THYROID FUNCTION TEST','TREATED FOR SUBCLINICAL HYPOTHYROIDISM\nGIVEN LEVOTHYROXINE 100 MCG TABLET X 1 MONTH','','','','SUBCLINICAL HYPOTHYROIDISM','FOLLOW-UP AFTER 1 MONTH FOR MONITORING','','2025-11-28','',66,NULL,NULL,'DIFFUSE THYROID MASS',NULL,NULL,NULL),(318,2142,'2','2025-10-30 12:15:11','EAR CHECK-UP','NOTED EAR WAX WHICH REQUIRE EAR CLEANING AT LEAST EVRY MONTH','INTACT TM - AU, IMPACTED WAX','','','IMPACTED CERUMEN AU','PROPER EAR CLEANING','',NULL,'',7,NULL,NULL,'',NULL,NULL,NULL),(319,2143,'2','2025-10-30 12:23:40','LEFT POST-AURICULAR SWELLING','NOTED LEFT POST-AURICULAR MASSS, NON TENDER > 1 YEAR PTC','INTACT TM - AU','','','PLEOMORPHIC ADENOMA, LEFT PAROTID','FOR FNAB AND UTZ','',NULL,'',18,NULL,NULL,'LEFT INFRA-AURICULAR MASS, MOBILE, NON TENDER, FIRM APPROXIMATELY 1.5 X 1.5 CM',NULL,NULL,NULL),(320,2143,'2','2025-10-30 12:26:20','','','MODERATE CERUMEN, AU, INTACT TM - AU','','','','','',NULL,'',18,NULL,NULL,'',NULL,NULL,NULL),(321,2144,'2','2025-10-30 12:50:35','EAR FULLNESS','1 DAY PTC, NOTED EAR FULLNESS AFTER A FLIGHT','IMPACTED CERUMEN WITH PERFORATION, AS, IMPACTED CERUMEN WITH MILD OTITIS MEDIA, AD','','','IMPACTED CERUMEN AU, MILD OTITIS MEDIA, AD','PROPER EAR CLEANING','',NULL,'',47,NULL,NULL,'',NULL,NULL,NULL),(322,2145,'2','2025-10-30 13:38:17','THROAT DISCOMFORT','THROAT DISCOMFORT NOTED 4 DAYS PTC','','','NON ENLARGED TONSILS','LARYNGO-PHARYNGEAL REFLUX','FOR REPEAT FLEXIBLE LARYNGOSCOPY IF UNRELIEVED','',NULL,'',35,NULL,NULL,'',NULL,NULL,NULL),(323,2147,'2','2025-10-30 13:59:52','EAR CHECK UP','FOR EAR CLEANING','BILATERAL IC, HYPEREMIC TM- AU','','','IMPACTED CERUMEN AU, ACUTE OTITIS MEDIA- AU','KEEP BOTH EARS DRY, PROPER EAR CLEANING','',NULL,'',8,NULL,NULL,'',NULL,NULL,NULL),(324,2146,'2','2025-10-30 14:02:31','EAR CHECK UP','NO SUBJECTIVE COMPLAINTS','INTACT TM - AU, IC- AD','','','IMPACTED CERUMEN, AD','PROPER EAR CLEANING','',NULL,'',5,NULL,NULL,'',NULL,NULL,NULL),(325,2148,'2','2025-10-30 14:09:25','EAR CHECK-UP','EAR DISCHARGE X 2 DAYS','YELLOWISH DISCHARGE AD WITH PERFORATED TM, INTACT TM,AS','','','ACUTE OTITIS MEDICA, AD','KEEP RIGHT EAR DRY','','2025-11-06','',69,NULL,NULL,'',NULL,NULL,NULL),(326,2150,'2','2025-11-03 12:56:36','EAR FOREIGN BODY','6 DAYS PTC- PATIENT INSERTED FOREIGN OBJECT ON THE LEFT EAR','','','','FOREIGN BODY, CLAY AD, FOREIGN BODY, STONE, AS','FOLLOW UP AFTER 1 WEEK FOR REMOVAL OF FOREIGN BODY','',NULL,'',0,NULL,NULL,'',NULL,NULL,NULL),(327,2113,'2','2025-11-03 13:06:56','FOLLOW-UP','','PERFORARTED TM, AS','','','OTITIS MEDIA WITH TM PERFORATION BILATERAL, RIGHT 10% LEFT 90%','KEEP BOTH EARS DRY','',NULL,'',81,NULL,NULL,'',NULL,NULL,NULL),(328,2112,'2','2025-11-03 13:16:10','FOLLOWUP CHECK-UP','','MINIMAL DISCHARGE, AS, ECZEMA RESOLVED','','','OTITIS MEDIA, AS','KEEP LEFT EAR DRY','',NULL,'',80,NULL,NULL,'',NULL,NULL,NULL),(329,2081,'2','2025-11-03 13:27:30','FOLLOW-UP CHECK -UP','GIVEN ANTIBIOTICS X 1 WEEK','DECREASED DISCHARGE, BOTH EARS, PERFORATED TM, AD 50%, INFLAMED TM, AS','','','CHRONIC OTITIS MEDIA AU, WITH TM PERFORATION','KEEP BOTH EARS DRY, CONTINUE EAR DROPS, OD X 1 WEEK MORE THEN AS NEEDED','',NULL,'',53,NULL,NULL,'',NULL,NULL,NULL),(330,2151,'2','2025-11-03 13:36:02','EAR CHECK -UP','5 DAYS PTC, NOTED EAR WAX\n4 DAYS PTC- NOTED EAR PAIN','FURUNCLE, LEFT EAR CANAL','','','OTITIS EXTERNA, AD','KEEP RIGHT EAR DRY','',NULL,'',46,NULL,NULL,'',NULL,NULL,NULL),(332,2153,'2','2025-11-03 14:11:50','HEARING LOSS','5 DAYS PTC- PATIENT MANIPULATED HIS LEFT EAR\nNOTE OF MUCOID DISCHARGE\nEAR PAIN PAIN NOTED','EAR DISCHARGE AS, INFLAMED EAR CANAL, AS','','','OTITIS EXTERNA WITH OTOMYCOSIS AS','PROPER EAR CLEANING, KEEP BOTH EARS DRY','','2025-11-10','',18,NULL,NULL,'',NULL,NULL,NULL),(333,2155,'2','2025-11-06 11:13:36','HEARING LOSS','13 DYAS PTC- NOTED COUGH\n10 DAYS PTC- HEARING LOSS NOTED\nTOOK REXIDOL AND ASCOFF FOR COUGH','INTACT TM - AU','','','SUDDEN SENSORINEURAL HEARING LOSS- AU','FOR PTABS','','2025-11-11','',67,NULL,NULL,'',NULL,NULL,NULL),(334,2157,'2','2025-11-06 11:27:00','FOLLOW-UP','PATIENT HAD VEHICULAR ACCIDENT AT ZARRAGA ILOILO\nNOI: VEHICULAR ACCIDENT\nDOI: SEPT 20, 2025\nTOI: 6:30 AM\nPOI: ZARRAGA ILOILO\n\nUNDERWENT ORIF OF MANDIBULAR FRACTURE AT MIHMCI SEPT. 24, 2025','','','','COMMINUTED MANDIBULAR FRACTURE LEFT PARASYMPHYSEAL AREA, INVOLVEMENT OF LEFT MENTAL NERVE','CONTINUE ALANERVE, FIT TO WORK FROM ENT','',NULL,'',39,NULL,NULL,'WELL COAPTATED OPERATIVE SITE, LEFT GINGIVOLABIAL AREA OF THE MANDIBLE, NO DISCHAGE, NO TRISMUS, GOOD OCCLUSION',NULL,NULL,NULL),(335,2129,'2','2025-11-06 11:37:39','FOLLOW-UP CHECK-UP','TREATED FOR IMPACTED CERUMEN AND OTOMYCOSIS','MINIMAL DISCHARGEAU','','','OTITIS EXTERNA, AU, RESOLVED','PROPER EAR CLEANING','',NULL,'',19,NULL,NULL,'',NULL,NULL,NULL),(336,2158,'2','2025-11-06 11:43:26','FOR CLEARANCE FROM ALLERGIC RHINITIS','1 WEEK PTC- NOTED ALLERGIC RHINITIS\nGIVEN MOMETASONE NASAL SPRAY','','NON ENLARGED TURBINATES, NO POLYP OR MASSES','','ALLERGIC RHINITIS, CONTROLLED','FIT FOR WORK','',NULL,'',47,NULL,NULL,'',NULL,NULL,NULL),(337,2159,'2','2025-11-06 11:54:09','VERTIGO','5 YEARS-PTC NOTED ONSET OF VERTIGO\n4 MOTHS PTC- CONSULTED DR LABRA AND DIAGNOSED WITH CERVICOGENIC SPASM\nOCCASIONAL TINNITUS','INTACT TM - AU','','','CERVICOGENIC VERTIGO','PTABS IF UNRESOLVED','',NULL,'',40,NULL,NULL,'',NULL,NULL,NULL),(338,2160,'2','2025-11-06 12:14:46','EAR PAIN','1 MONTH PTC- NOTED EAR PAIN WITH HEARING LOSS\nCONSULT DONE AND GIVEN- OTICUM, PARADRIN, SULTAMICILLIN, MTV','YELLOWISH DISCHARGE, AS, INTACT TM AD','','','ACUTE OTITIS MEDIA, AS','KEEP LEFT EAR DRY','',NULL,'',38,NULL,NULL,'',NULL,NULL,NULL),(339,2162,'2','2025-11-06 13:15:33','HEARING LOSS','ON AND OFF HEARING LOSS NOTED > 1 MONTH PTC','BILATERAL CERUMEN, AU','','','IMPACTED CERUMEN WITH OTITIS MEDIA, AU','PROPER EAR CLEANING','','2025-11-11','',67,NULL,NULL,'',NULL,NULL,NULL),(340,2163,'2','2025-11-06 13:23:22','','10 DAYS PTC- PATIENT NOTED LEFT SUPRA CLAVICULAR MASS\n>2WEEKS PTC- NOTED HOARSENESS','INTACT TM AU','','','LEFT SUPRA CLAVICULAR MASS T/C METASTASIS','FOR UTZ OF THE NECK, PTABS, FOR FNL ON WED, 11-12-25 (MMC)','','2025-11-12','',61,NULL,NULL,'LEFT CLAVICULAR MASS, SOFT, NON TENDER',NULL,NULL,NULL),(341,2156,'2','2025-11-06 13:40:16','FOLLOW-UP','PATIENT HAD NASAL DISCHARGE AND CONGESTION','','','','RHINOSINUSITIS','FOR XRAY OF THE PNS- WATER\'S VIEW UPRIGHT','',NULL,'',78,NULL,NULL,'',NULL,NULL,NULL),(343,2090,'2','2025-11-06 13:51:28','FOLLOW-UP','1 WEEK AGO TREATED FOR OM','CENTRAL PERFORATION, AS, DECREASED DISCHARGE, AS','','','RECURRENT OTITIS MEDIA, AS','KEEP BOTH EARS DRY','',NULL,'',58,NULL,NULL,'',NULL,NULL,NULL),(344,2161,'2','2025-11-06 14:04:40','HEARIMG LOSS','10 DAYS PTC- NOTED EAR PAIN WITH FULLNESS\nGIVEN BACTICEF AND PND','FUNGAL ELEMENTS AD, INFLAMED EAR CANAL, AD','','','OTITIS EXTERNA WITH OTOMYCOSIS AD','KEEP RIGHT EAR DRY, PROPER EAR CLEANING','FOR EAR CLEANING',NULL,'FOR EAR CLEANING',72,NULL,NULL,'',NULL,NULL,NULL),(345,2143,'2','2025-11-06 14:11:00','','FOLLOW-UP CHECK WITH RESULT OF ULTRASOUND','','','','PAROTID ADENOMA LEFT','FOR FNAB, ADVISED PAROTIDECTOMY, AS ELECTIVE PROCEDURE','',NULL,'',18,NULL,NULL,'',NULL,NULL,NULL),(346,2164,'2','2025-11-07 11:21:23','COUGH WITH CONGESTION','DIAGNOSED WITH NASAL POLYP APRIL 2025','','NASAL CONGESTION, NO POLYP OR MASSES','','RHINOSINUSITIS WITH HYPERTROPHIC TURBINATES','','','2025-11-17','',69,NULL,NULL,'',NULL,NULL,NULL),(347,2165,'2','2025-11-07 11:37:25','EAR CHECK-UP','PAIN NOTED ON AND OFF X 1 MONTH\nCHECK-UP AT RHU GIVEN RAPIDAX X 1 WEEK\nPAIN PERSISTED','FUNGAL ELEMENTS AS, INFLAMED EAR CANAL, AS','','','OTITIS EXTERNA WITH OTOMYCOSIS AS, OTITIS MEDIA, AS','KEEP LEFT EAR DRY','FOR EAR CLEANING','2025-11-17','FOR EAR CLEANING',13,NULL,NULL,'',NULL,NULL,NULL),(348,2168,'2','2025-11-07 11:45:14','NASAL CONGESTION','ON AND OFF NASAL CATARRH \nCONSULT DONE AT CALINOG GIVEN NASAL SPRAY-UNRECALLED\nSELF MEDICATED CETIRIZINE PRN','','YELLOWISH NASAL DISCHARGE, HYPEREMIC TURBINATES','','ALLERGIC RHINOSINUSITIS','X-RAY OF THE PNS WATER\'S VIEW UPRIGHT','',NULL,'',14,NULL,NULL,'',NULL,NULL,NULL),(349,2169,'2','2025-11-07 12:01:36','BREAST MASS','NOTED MASS AT LEFT BREAST- 6 MONTHS PTC\nCOSULT WITH GENERAL SURGEON AND ADVISED BIOPSY','','','','NON TOXIC GOITER, BREAST MASS LEFT','FOR BREAST BIOPSY AND OPERATION','',NULL,'',48,NULL,NULL,'BREAST MASS LEFT',NULL,NULL,NULL),(350,2166,'2','2025-11-07 12:14:56','EAR CHECK-UP','EAR FULLNESS NOTED ASSOCIATED WITH PRURITUS','INTACT TM - AU, EAR WAX AU','','','IMPACTED CERUMEN AU, ALLERGIC RHINITIS','PROPER EAR CLEANING, ALLERGEN AVOIDANCE','',NULL,'',11,NULL,NULL,'',NULL,NULL,NULL),(351,2170,'2','2025-11-07 13:13:59','EAR PAIN','3 WEEKS PTC, NOTED EAR PAIN\nTOOK MEFENAMIC ACID WHICH OFFERED RELLEF\nASSOCIATED WITH UNERRUPTED 3RD MOLAR','INTACT TM - AU','','','TRIGEMINAL NEURALGIA, RIGHT','','',NULL,'',45,NULL,NULL,'',NULL,NULL,NULL),(352,2171,'2','2025-11-07 13:21:50','FOR MEDICAL CERTIFICATE','REFERRED FOR CLEARANCE','','','','TONSILLAR HYPERTROPHY- BILATERAL GRADE 2-3','OBSERVE FOR OSA SYMPTOMS','',NULL,'',33,NULL,NULL,'GRADE 2-3 TONSILS BILATERAL, NON HYPEREMIC, NON EXUDATIVE',NULL,NULL,NULL),(353,2172,'2','2025-11-07 13:36:25','HEARING LOSS','DIAGNOSED WITH MILD HEARING LOSS - AUG2025\nOCCASIONAL TINNITUS','MODERATE CERUMEN- AU, INTACT TM - AU','','','IMPACTED CERUMEN AU, MILD SNHL- AU','PROPER EAR CLEANING','',NULL,'',50,NULL,NULL,'',NULL,NULL,NULL),(354,2159,'2','2025-11-07 13:42:43','FOLLOW-UP WITH RESULT OF HEARING TEST','HEARING TEST- PTABS- WITHIN NORMAL HEARING','','','','CERVICOGENIC VERTIGO','CONTINUE ALL MEDS UNTIL CONSUMED','',NULL,'',40,NULL,NULL,'',NULL,NULL,NULL),(355,2167,'2','2025-11-07 13:54:25','FOR CLEARANCE FOR WORK','3 YEAR PTC- 2022 CAME TO CLINIC FOR CLEARANCE\nFITTED WITH HEARING AID DUE TO PROFOND HEARING LOSS ON THE LEFT EAR','INTACT TM - AU','','','WITHIN NORMAL HEARING ON THE RIGHT EAR; PROFOUND HEARING LOSS LEFT EAR WITH HEARING AID FITTED, AIDED TEST WITHIN SPEECH RANGE ACROSS ALL FREQUENCIES','CONTINUE HEARING AID USE ON THE LEFT EAR, FIT FOR WORK FROM ENT','',NULL,'',40,NULL,NULL,'',NULL,NULL,NULL),(356,2177,'2','2025-11-08 11:21:46','COUGH AND CONGESTION','6 DAYS CONSULTED AND GIVEN CEFIXIME, SINUPRET FORTE, EXFLEM, MONTELUKAST, XYZAL, PREDISONE, SERETIDE, SALBUTAMOL','','MUCOID YELLOWISH NASAL DISCHARGE','','ACUTE RHINOSINUSITIS','CONTINUE OTHER MEDS','',NULL,'',80,NULL,NULL,'',NULL,NULL,NULL),(357,2173,'2','2025-11-08 11:43:24','EAR BLOCKAGE','ON AND OFF EAR BLOCKAGE X 2 MONTHS\n2 WEEKS PTC, NOTED WORSENING OF SYMPTOMS','INTACT TM - AU, IMPACTED CERUMEN, AU','','','IMPACTED CERUMEN AU','PROPER EAR CLEANING','',NULL,'',23,NULL,NULL,'',NULL,NULL,NULL),(358,2176,'2','2025-11-08 11:50:06','EAR FULLNES WITH TINNITUS','1 MONTH PTC- CONSULTED FOR TINNITUS\n1 WEEK PTC- NOTED EAR FULLNESS WITH TINNITUS\nSYMPTOMS PERSISTED THUS THIS CONSULT','INTACT TM AU, EFFUSION RIGHT EAR','','','EUSTACHIAN TUBE DYSFUNCTION RIGHT','REVERSE VALSALVA','',NULL,'',42,NULL,NULL,'',NULL,NULL,NULL),(359,2009,'2','2025-11-08 11:59:26','FOLLOW-UP','HEARING LOSS WITH EAR DISCHARGE','PERFORATED TM, AD','','','OTITIS MEDIA AD WITH OTOMYCOSIS, AD','KEEP RIGHT EAR DRY, PROPER EAR CLEANING','',NULL,'',52,NULL,NULL,'',NULL,NULL,NULL),(360,2178,'2','2025-11-08 12:18:17','HEARING LOSS, AS','PATIENT CAME IN WITH RESULT OF HEARING TEST','INTACT TM - AU','','','MODERATELY SEVERE CONDUCTIVE HEARING LOSS, AS','AVOID LOUD NOISES','',NULL,'',15,NULL,NULL,'',NULL,NULL,NULL),(361,2191,'2','2025-11-10 13:25:18','RIGHT SUBMANDIBULAR MASS','5 MONTHS PTC- NOTED RIGHT SUBMANDIBULAR GLAND WITH BIOPSY RESULT OF BENIGN NEOPLASM CATEGORY IV','','','','PLEOMORPHIC ADENOMA RIGHT SUBMANDIBULAR GLAND','FOR OPERATION AT WVSUH','',NULL,'',72,NULL,NULL,'RIGHT SUBMANDIBULAR MASS-',NULL,NULL,NULL),(362,2193,'2','2025-11-10 13:43:41','NASAL CONGESTION','1 WEEK PTC, GIVEN ANTIBIOTICS FOR COUGH\nON AND OFF NASAL CATARRH WITH NECK PAIN AND HEADACHE PROMPTED CONSULT','INTACT TM, AU WITH MINIMAL DRY CERUMEN','NASAL ABRASION, NEGAIVE FOR ACTIVE EPISTAXIS, WATERY NASAL DISCHARGE','','RHINOSINUSITIS','ALLERGEN AVOIDANCE','',NULL,'',83,NULL,NULL,'',NULL,NULL,NULL),(363,2150,'2','2025-11-10 13:55:48','FOLLOW UP','FOLLOW UP FOR REMOVAL OF FB','','','','FB, CLAY AD','','',NULL,'',0,NULL,NULL,'',NULL,NULL,NULL),(364,2143,'2','2025-11-10 13:57:30','FOR ISSUANCE OF REQUEST FOR FNAB','','','','','','','',NULL,'',18,NULL,NULL,'',NULL,NULL,NULL),(365,2194,'2','2025-11-10 14:06:23','ODYNOPHAGIA AND DYSPHAGIA','2 WEEKS  PTC- NOTED COUGH AND CATARRH\nTOOK UNRECALLED OTC MEDS\nTOOK ZYKAST\n4 DAYS PTC- NOTED THROAT PAIN AND LATER DYSPHAGIA AND APHONIA','','','PERITONSILLAR ABSCESS LEFT','PERITONSILLAR ABSCESS LEFT','FOR ADMISSION FOR IV ANTIBIOTICS','',NULL,'',22,NULL,NULL,'',NULL,NULL,NULL),(366,2192,'2','2025-11-10 14:22:26','HEARING LOSS X 2 WEEKS','2 WEEKS PTC, NOTED HEARING LOSS','FUNGAL ELEMENTS, AS','','','OTOMYCOSIS , AS','PROPER EAR CLEANING','',NULL,'',19,NULL,NULL,'',NULL,NULL,NULL),(367,2203,'2','2025-11-11 11:26:13','EAR DISCHARGE','1 DAY PTC, NOTED EAR DISCHARGE\nON ANTIBIOTIC AZITHROMYCIN ON 6TH DAY','INFLAMED EAR CANAL, AD','','','OTITIS EXTERNA, AD','KEEP RIGHT EAR DRY','','2025-11-18','',1,NULL,NULL,'',NULL,NULL,NULL),(368,2204,'2','2025-11-11 11:41:26','EAR CHECK-UP','1 WEEK PC, NOTED DISCOLORED DISCHARGE','EAR DISCHARGE AD','','','OTITIS MEDIA, AD','PROPER EAR CLEANING, KEEP BOTH EARS DRY','','2025-11-18','',55,NULL,NULL,'',NULL,NULL,NULL),(369,2162,'2','2025-11-11 11:53:47','FOLLOW-UP CHECK UP','FOLLOW-UP','IMPACTED CERUMEN, AU, INTACT TM - AU','','','IMPACTED CERUMEN AU','PROPER EAR CLEANING','',NULL,'',67,NULL,NULL,'',NULL,NULL,NULL),(370,2205,'2','2025-11-11 12:03:11','EAR PAIN','EAR PAIN WITH DISCHARGE X 11 DAYS\nGIVEN CEFUROXIME X 7 DAYS FOR COUGH','FUNGAL ELEMENTS AS, INTACT TM - AU','','','OTOMYCOSIS , AS','KEEP BOTH EARS DRY','','2025-11-18','',52,NULL,NULL,'',NULL,NULL,NULL),(371,2207,'2','2025-11-11 12:59:50','EAR PAIN X 1 WEEK','1 WEEK PTC- NOTED EAR PAIN AFTER SWIMMING','INTACT TM - AU','','','OTITIS EXTERNA, AU','','',NULL,'',11,NULL,NULL,'',NULL,NULL,NULL),(372,2206,'2','2025-11-11 13:09:04','EAR CHECK-UP, EPISTAXIS','EAR PAIN','INTACT TM - AU','ABRASION NASAL SEPTUM LEFT','','RHINOSINUSITIS, MILD OTOMYCOSIS AS','AVOID MANIPULATION OF THE NOSE, PROPER EAR CLEANING','','2025-11-18','',9,NULL,NULL,'',NULL,NULL,NULL),(373,2208,'2','2025-11-11 13:16:25','EAR CHECK-UP','HEARING LOSS, WIH HEARING AID','INTACT TM - AU','','','SNHL','FOR PTABS','','2025-11-18','',79,NULL,NULL,'',NULL,NULL,NULL),(374,2155,'2','2025-11-11 13:21:35','FOLLOW-UP WITH RESULT F PTABS','','','','','SUDDEN SENSORINEURAL HEARING LOSS- AU, PROFOUND HEARING LOSS, AD, SEVERE SENSORINEURAL HEARING LOSS, AS','CONSUME MEDS THEN TAPER PREDNISONE, TO COME BACK AFTER 1 WEEK','',NULL,'',67,NULL,NULL,'',NULL,NULL,NULL),(375,2161,'2','2025-11-11 13:30:43','FOLLOW-UP CHECK-UP','TREATED FOR 1 WEEK','EAR DISCHARGE AD','','','OTITIS MEDIA, AD','PROPER EAR CLEANING, KEEP RIGHT EAR DRY','',NULL,'',72,NULL,NULL,'',NULL,NULL,NULL),(376,2164,'2','2025-11-17 13:29:04','FOLLOW-UP','POST NASAL DRIP','','WATERY NASAL DISCHARGE','','RHINOSINUSITIS','CONTINUE MEDS','',NULL,'',69,NULL,NULL,'',NULL,NULL,NULL),(377,2244,'2','2025-11-17 13:40:51','EAR IRRITATION','3 DAYS NOTED EAR IRRITATION, AU','DRY SCALY SKIN BOTH EAR CANALS','','','OTITIS EXTERNA, AU','PROPER EAR CLEANING','',NULL,'',37,NULL,NULL,'',NULL,NULL,NULL),(378,2243,'2','2025-11-17 13:58:59','SINO NASAL MASS WITH INTRA OCULAR EXTENTION','FOLLOW-UP WITH RESULT OF RECENT CT SCAN \nS/P BIOPSY\nS/P RADIATION THERAPY','CRUSTING LESIONS BOTH NOSE','','','SINONASAL UNDIFFERENTIATED CARCINOMA','CONTINUE CHEMO-RADIATION TREATMENT, REFER TO NEUROLOGIST FOR EVALUATION OF LACUNAR INFARCT','',NULL,'',56,NULL,NULL,'',NULL,NULL,NULL),(379,2245,'2','2025-11-17 14:21:25','FOR CLEARANCE','PATIENT CAME 3 YEARS AGO FOR CLEARANCE','PERFORATED TYMPANIC MEMBRANE AS 70%','','','TYMPANIC MEMBRANE PERFORATION AS','KEEP LEFT EAR DRY, PROPER EAR CLEANING','',NULL,'',32,NULL,NULL,'',NULL,NULL,NULL),(380,2165,'2','2025-11-17 14:34:00','FOLLOW-UP CHECK-UP','','INTACT TM - AU, MINIMAL CERUMEN, AD, WHITISH D/C AS','','','OTOMYCOSIS, AS RESOLVING','PROPER EAR CLEANING, KEEP LEFT EAR DRY FOR 1 WEEK MORE','',NULL,'',13,NULL,NULL,'',NULL,NULL,NULL),(381,2246,'2','2025-11-17 14:40:51','EAR CHECK -UP','HEARING LOSS X 1 WEEK\nCOUGH AND COLD NOTED 1 WEEK PTC','RETRACTED TYMPANIC MEMBRANE AU','','','EUTACHIAN TUBE DYSFUCNTION, RHINOSINUSITIS, CONDUCTIVE HEARING LOSS','PTABS','','2025-11-24','',52,NULL,NULL,'',NULL,NULL,NULL),(382,2247,'2','2025-11-17 14:49:36','THROAT ITCHINESS','COUGH ESPECIALLY AT MORNING','','WATERY NASAL DISCHARGE','','ALLERGIC PHARYNGITIS','','',NULL,'',21,NULL,NULL,'',NULL,NULL,NULL),(383,2054,'2','2025-11-17 15:02:07','FOR MEDICAL CERTIFICATE ISSUANCE','CAME IN FOR FOLLOW-UP FOR COMPLIANCE FOR MEDICAL EXAM\nFOR ENTRANCE TO PMA','INTACT TM - AU','','','IMPACTED CERUMEN RESOLVED, S/P EAR IRRIGATION AND CLEANING','FIT FOR TRAINING','',NULL,'',20,NULL,NULL,'',NULL,NULL,NULL),(384,2168,'2','2025-11-17 15:13:47','FOLLOW-UP CHECK-UP','CAME IN FOR FOLLOW-UP AFTER 1 WEEK OF TREATMENT\nGIVEN CO-AMOXICLAV, SNIZEL, SERAPEPTASE\nCAME IN WITH RESULT OF X-RAY OF THE PNS - HAZINESS OF BOTH MAXILLARY SINUS MORE ON THE RIGHT','','NASAL DISCHARGE','','RHINOSINUSITIS BILATERAL MORE ON THE RIGHT','FOR ADDITIONAL MEDS','',NULL,'',14,NULL,NULL,'',NULL,NULL,NULL),(385,2248,'2','2025-11-17 15:22:40','TONSILLAR CYST LEFT','PATIENT CAME LAST AUGUST FOR CONSULT OF TONSILLAR CYST','','','GRADE 2 RIGHTTONSIL, GRADE 3 LEFT TONSIL, WITH TONSILLOLITH','TONSILLAR CYST LEFT','FOR TONSILLECTOMY, BILATERAL ON DECEMBER 20','',NULL,'',8,NULL,NULL,'',NULL,NULL,NULL),(386,2099,'2','2025-11-18 12:19:30','FOLLOW-UP','PATIENT HAD FACIAL PARALYSIS NOTED 2 YEARS PTC\nTREATED FOR BELL\'S PALSY BY MEDICAL SPECIALIST\nEXTERNAL AUDITORY CANAL MASS NOTED','','','','TEMPORAL MASS SCHWANNOMA','FOR SURGERY','',NULL,'',69,NULL,NULL,'',NULL,NULL,NULL),(387,2257,'2','2025-11-18 12:42:19','LEFT EAR PAIN','1 WEEK PTC- NOTED EAR PAIN\nCONSULT DONE AND WAS GIVEN CO-AMOXICLA, MEFENAMIC ACID AND APLOSYN EAR DROPS\nPAIN PERSITED, THUS THIS CONSULT','FUNGAL ELEMENTS WITH SWOLLEN TYMPANIC MEMBRANE AND EAR CANAL, AS','','','OTITIS MEDIA WITH OTOMYCOSIS, AS','KEEP LEFT EAR DRY, PROPER EAR CLEANING','','2025-11-25','',23,NULL,NULL,'',NULL,NULL,NULL),(388,2258,'2','2025-11-18 12:52:40','EAR CHECK-UP','HEARING LOSS ASSOCIATED WITH NASAL CATARRH AND COUGH X 3 DAYS','EFFUSION AU, INTACT TM - AU','','','OTITIS MEDIA, AU, RHINOSINUSITIS','DENTAL CHECK-UP','',NULL,'',12,NULL,NULL,'MULTIPLE DENTAL CARIES',NULL,NULL,NULL),(389,2259,'2','2025-11-18 13:09:25','EAR PAIN','1 WEEK PTC- NOTED EAR PAIN AND HEARING LOSS\nNO OTHER SYMPTOMS','INTACT TM - AU, IMPACTED CERUMEN, AU','','','IMPACTED CERUMEN AU','PROPER EAR CLEANING','',NULL,'',32,NULL,NULL,'',NULL,NULL,NULL),(390,2260,'2','2025-11-18 13:41:46','THROAT PAIN','1 DAY PTC- NOTED PAIN ON SWALLOWING AFTER EATING CHICKEN BONE','','','NO FOREIGN BODY APPRECIATED ON LARYNGOSCOPY','FOREIN BODY, CHICKEN BONE THROAT','FOR X RAY OF THE NECK','',NULL,'',56,NULL,NULL,'',NULL,NULL,NULL),(391,2261,'2','2025-11-18 13:56:08','EAR- CHECK','OCCASIONAL EAR ITCHINESS','','','','IMPACTED CERUMEN, AD','PROPER EAR CLEANING','',NULL,'',77,NULL,NULL,'',NULL,NULL,NULL),(392,2262,'2','2025-11-18 14:02:16','EAR CHECK-UP','OCCASIONAL HEARING LOSS','INTACT TM - AU, MINIMAL CERUMEN AU','','','SNHL','FOR PTABS, TO COME BACK WITH RESULT','',NULL,'',34,NULL,NULL,'',NULL,NULL,NULL),(393,2263,'2','2025-11-18 14:11:50','EAR CHECK-UP','PAIN NOTED 1 DAY PTC','INFLAMED EAR CANAL, AS, INTACT TM - AU','','','OTITIS EXTRNA, AS','PROPER EAR CLEANING','',NULL,'',27,NULL,NULL,'',NULL,NULL,NULL),(394,2264,'2','2025-11-18 14:23:51','FOREIGN BODY INSECT EAR','NIGHT PTC- NOTED INSECT IN RIGHT EAR CANAL- ON AND OFF PAIN NOTED SINCE THEN','INTACT TM - AU, FOREIGN BODY, INSECT (ANT), AD','','','FOREIGN BODY, INSECT (ANT), AD','REMOVAL OF FB- DONE','',NULL,'',50,NULL,NULL,'',NULL,NULL,NULL),(395,2133,'2','2025-11-18 14:36:39','FOLLOW-UP CHECK-UP','OCCASIONAL ITCHINESS\nNO PAIN OR HEARING DIFFICULTY','INTACT TM - AU','','','OTITIS MEDIA, AD- RESOLVED','PROPER EAR CLEANING','',NULL,'',27,NULL,NULL,'',NULL,NULL,NULL),(396,2265,'2','2025-11-18 14:41:51','EAR CHECK-UP','PAIN-LEFT EAR MORNING PTC\n3 DAYS PTC- NASAL CATARRH','HYPEREMIC TM- AS','','','OTITIS MEDIA, AS','PROPER EAR CLEANING','','2025-11-25','',20,NULL,NULL,'',NULL,NULL,NULL),(397,2266,'2','2025-11-18 14:54:46','HEADACHE','LEFT TEMPORAL HEADACHE- MODERATE TO SEVERE','','TONSILLOLITH - NASOPHARYNX','','MIGRAINE HEADACHE VS SINUSITIS','FOR X RAY OF THE PNS','',NULL,'',43,NULL,NULL,'',NULL,NULL,NULL),(398,2267,'2','2025-11-20 11:45:51','EAR PAIN','3 DAYS PTC- NOTED EAR PAIN','INTACT TM - AU','','','MILD OTOMYCOSIS WITH NEURALGIA','FOR ISSUANCE OF MEDICAL CERTIFICATE','',NULL,'',25,NULL,NULL,'',NULL,NULL,NULL),(399,2268,'2','2025-11-20 11:52:40','EAR PAIN','3 DAYS PTC NOTED EAR PAIN','EFFUSION AU, INTACT TM - AU','','','OTITIS MEDIA WITH EFFUSION- AU','MEDICATIONS X 1 WEEK','','2025-11-27','',9,NULL,NULL,'',NULL,NULL,NULL),(400,2271,'2','2025-11-20 12:03:40','EAR CLEANING','FOR REGULAR CLEANING','BILATERAL PERFORATED TYMPANIC MEMBRANES, DRY EAR CANAL WITH MININAL FUNGAL ELEMENTS','','','CHRONIC OTITIS MEDIA, AU, S/P MASTOIDECTOMY, AS 2016','KEEP BOTH EARS DRY','',NULL,'',49,NULL,NULL,'',NULL,NULL,NULL),(401,2269,'2','2025-11-20 12:10:06','TONSILLAR HYPERTROPHY','NOTED THROAT DISCOMFORT WITH FREQUENT THROAT CLEARING','','','GRADE 3 TONSILS- BILATERAL, TONSILLOLITHS','TONSILLAR HYPERTROPHY BILATERAL','ADVISED TONSILLECTOMY','',NULL,'',12,NULL,NULL,'',NULL,NULL,NULL),(402,2270,'2','2025-11-20 12:23:18','NASAL CATARRH','ON AND OFF NASAL CATARRH\nASSOCIATED WITH VERTIGO','','CONGESTED TURBINATES, NO DISCHARGES','','ALLERGIC RHINITIS, POST-NASAL DRIP','ALLERGEN AVOIDANCE','',NULL,'',67,NULL,NULL,'',NULL,NULL,NULL),(403,2272,'2','2025-11-20 13:34:03','THROAT PAIN','4 DAYS PTC- NOTED THROAT PAIN ASSOCIATED WITH ITCHINESS\n3 DAYS PTC- EXPECTORATED STICKY PHLEGM\nASSOCIATED WITH FEVER\n2 DAYS PTC- APHONIA\nTHUS THIS CONSULT\nSELF MEDICATED WITH ASCOF','','','HYPEREMIC PHARYNX','ACUTE PHARYNGITIS','FOR FLEXIBLE LARYNGOSCOPY IF WITH PHILHEALTH','',NULL,'',26,NULL,NULL,'',NULL,NULL,NULL),(404,2273,'2','2025-11-20 13:53:04','EAR PAIN','2 WEEKS PTC- NOTED EAR PAIN','INFLAMED EAR CANAL AU, INTACT TM - AU','','','OTITIS EXTERNA, AU','KEEP BOTH EARS DRY, PROPER EAR CLEANING','','2025-11-27','',37,NULL,NULL,'',NULL,NULL,NULL),(405,2177,'2','2025-11-21 11:54:55','FOLLOW-UP CHECK','TREATED FOR SINUSITIS','','WATERY NASAL DISCHARGE','NON ENLARGED TONSILS','ALLERGIC RHINITIS WITH POST NASAL DRIP','ALLERGEN AVOIDANCE','',NULL,'',80,NULL,NULL,'','',NULL,NULL),(406,2277,'2','2025-11-21 12:06:28','FOLLOW-UP FOR REMOVAL OF ARCH BARS','PATIENT HAD VECULAR ACCIDENT LAST JUNE 20, 2025 \nNOI: VA\nPOI: JAVELLANA ST. JARO ILOILO\nDOI: JUNE 20, 2025\nTOI: 10:00 PM\n\nS/P CRANIOTOMY AT WVMC\nS/P APPLICATION OF ARCH BARS AND IMMF AT WVMC, NO ORIF PERFORMED\nCAME TO CLINIC WITH RESULT OF CT SCAN \nFOLLOW UP WITH PANORAMIC X-RAY','','','','MANDIBULAR FRACTURE SECONDARY TO VA, S/P IMMF','FOR REMOVAL OF IMMF NEXT MONTH','',NULL,'',27,NULL,NULL,'ARCH BARS IN PLACE, REMOVAL OF MAXILLARY ARCH BARS','',NULL,NULL),(407,2278,'2','2025-11-21 12:26:16','EAR PAIN','4 DAYS PTC NOTED EAR PAIN','INFLAMED EAR CANAL AU, FUNGAL ELEMENTS AD','','','OTITIS EXTERNA WITH OTOMYCOSIS, AU','PROPER EAR CLEANING, KEEP BOTH EARS DRY','','2025-11-28','',30,NULL,NULL,'','',NULL,NULL),(408,2279,'2','2025-11-21 12:40:42','EAR FULLNESS','1 WEEK PTC- NOTED EAR FULLNESS','BILATERAL IMPACTED CERUMEN, INFLAMED EAR CANAL, AD','','','IMPACTED CERUMEN AU, OTITIS MEDIA, AD','PROPER EAR CLEANING','','2025-11-28','',72,NULL,NULL,'','',NULL,NULL),(409,2280,'2','2025-11-21 12:48:08','EAR IRRITATION','1 WEEK NOTED EARIRRITATION','FUNGAL ELEMENTS, AS, IMPACTED CERUMEN, AD','','','IMPACTED CERUMEN AU, OTOMYCOSIS, AS','PROPER EAR CLEANING, FOLLOW-UP FOR FLUSHING AFTER 1 WEEK','','2025-11-28','',2,NULL,NULL,'','',NULL,NULL),(410,2281,'2','2025-11-21 12:58:29','COUGH','1 WEEK PTC- NOTED COUGH','','STICKY MUCOID TO YELLOWISH DISCHARGE- BOTH NOSE','','RHINOSINUSITIS WITH POST NASAL DRIP','','',NULL,'',71,NULL,NULL,'','',NULL,NULL),(411,2282,'2','2025-11-21 14:18:38','FOREIGN BODY LEFT EAR','1 WEEK PTC- NOTED FB LEFT EAR (INSECT)','FOREIGN BODY (TICK) LEFT EAR, INTACT TM - AU, ABRASION LEFT TYMPANIC MEMBRANE AND CANAL','','','FB (TICK) AS','KEEP LEFT EAR DRY','',NULL,'',55,NULL,NULL,'','',NULL,NULL),(412,2283,'2','2025-11-21 14:26:14','OCULAR SWELLING','1 WEEK PTC- NOTED SWELLING OF BOTH UPPER EYELID\nTOOK CO ALEVA BUT NO RELIEF','','','','ANGIOEDEMA OU, T/C HYPERSENSITIVITY REACTION','FOR OPHTHALMOLOGY EVALUATION IF UNRELIEVED','',NULL,'',61,NULL,NULL,'BILATERAL SWOLLEN UPPER EYELID','',NULL,NULL),(413,2284,'2','2025-11-22 12:13:21','FOLLOW UP CHECKUP','PATIENT UNDERWENT ORIF OF MANDIBULAR FRACTURE, LEFORT 1 USING SCREWS AND PLATES LAST 11-11-2025 AT MIHMCI\n \nNOI: MOTOR VA\nTOI: 6:00 PM\nPOI: SAN JUAN SAN JOAQUIN\nDOI: 11-8-2025','','','','LEFORT 1 FRACTURE, BILATERAL CONDYLAR FRACTURE AND PARASYMPHYSEAL FRACTURE SECONDARY TO VECULAR ACCIDENT, S/P ORIF, ESSENTIAL HYPERTENSION WITH OSA SYMPTOMS','FOR WEEKLY EXERCISE AND REMOVAL OF IMMF UNTIL 2 MONTHS','',NULL,'',32,NULL,NULL,'WELL COAPTATED WOUND, ALIGNED MANDIBLE, IMMF REMOVED AND PATIENT ASKED TO PRACTICE MOUTH OPENING','FIRST FOLLOW-UP',NULL,NULL),(414,2285,'2','2025-11-22 12:20:01','THROAT ITCHINESS','E DAYS PTC- NOTED THROAT IRRITATION ASSOCIATED WITH COUGH','YELLOWISH DISCHARGE AD, DRY CERUMEN, AS','','','ALLERGIC PHARYNGITIS, OTITIS MEDIA , AD','KEEP BOTH EARS DRY','',NULL,'',52,NULL,NULL,'','',NULL,NULL),(415,2203,'2','2025-11-22 12:30:30','FOLLOW-UP CHECK UP','TREATED FOR OE 1 WEEK PTC','RIGHT EAR CANAL EXCEMA, INTACT TM - AU','','','OTITIS EXTERNA, AD','KEEP RIGHT EAR DRY','',NULL,'',1,NULL,NULL,'','',NULL,NULL),(416,2266,'2','2025-11-22 12:38:36','FOLLOW-UP CHECK UP','CAME IN WITH RESULT OF X RAY OF THE PNS- POLYSINUSITIS\nSTILL WITH HEADACHE','','CONGESTED TURBINATES, NO DISCHARGES','','POLYSINUSITIS','','',NULL,'',43,NULL,NULL,'','',NULL,NULL),(417,2099,'2','2025-11-24 11:26:25','FOLLOW-UP WITH RESULT OF IHC','NOTED ON AND OFF ITCHINESS','MASS LEFT EXTERNAL AUDITORY CANAL','','','SCHWANNOMA, LEFT TEMPORAL BONE AND FACIAL NERVE INVOLVEMENT','FOR OPERATION OF SCHWANNOMA','',NULL,'',69,NULL,NULL,'LEFT INFRA- AURICULAR MASS CONTINUOUS WITH EXTERNAL AUDITORY CANAL MASS','',NULL,NULL),(418,2315,'2','2025-11-24 11:35:33','FOR EAR CLEANING','PATIENT CAME IN FOR COMPLIANCE FOR APPLCATION TO PNP','SCALY DRY EAR CANAL','','','MINIMAL DRY CERUMEN AU','PROPER EAR CLEANING, FIT FOR TRAINING','',NULL,'',24,NULL,NULL,'','',NULL,NULL),(419,2314,'2','2025-11-24 11:49:30','FOR ISSUANCE OF MEDICAL CERTIFICATE','PATIENT CAME IN FOR EAR CHECK-UP','PERFORATED TM, AD 30%','','','OTITIS MEDIA , AD WITH TYMPANIC MEMBRANE PERFORATION','MEDICATIONS X 1 WEEK, KEEP RIGHT EAR DRY, FOLLOW-UP AFTER 1 WEEK FOR CLEARANCE','','2025-12-06','',30,NULL,NULL,'','',NULL,NULL),(420,2313,'2','2025-11-24 11:59:37','ANTERIOR NECK MASS','DIAGNOSED WITH HYPERTHYROIDISM JUNE 18\n6 MONTHS ON MEDICATION','','','','HYPERTHYROIDISM, GRAVES DISEASE','FOR REPEAT THYROID FUNCTION TEST','','2025-12-08','',48,NULL,NULL,'NO FINE TREMORS, NO PALPITATIONS, DIFFUSE MASS ANTERIOR ANTERIOR NECK','',NULL,NULL),(421,2317,'2','2025-11-24 12:12:12','VERTIGO','1 DAY PTC- NOTED VERTIGO AFTER BENDING DOWN TO GET ITEM FROM THE FLOOR\nTRIGGERED BY CHANGE OF HEAD POSITION ESPECIALLY ON THE RIGHT\nVOMITING 4 TIMES.','INTACT TM - AU','','HYPEREMIC THROAT','BENIGN POSITIONAL VERTIGO, LARYNGO-PHARYNGEAL REFLUX','VERTIGO EXERCIES','',NULL,'',61,NULL,NULL,'','',NULL,NULL),(422,2318,'2','2025-11-24 13:23:04','EAR IRRITATION','1 WEEK PTC- NOTED EAR IRRITATION','INTACT TM - AU, IMPACTED CERUMEN, AU','','','IMPACTED CERUMEN AU','PROPER EAR CLEANING','',NULL,'',12,NULL,NULL,'','',NULL,NULL),(423,2246,'2','2025-11-24 13:28:47','FOLLOW-UP WITH RESULT OF PTABS','CAME IN FOR FOLLOW-UP','HEALED PERFORATION AU','','','SEVERE SENSORINEURAL HEARING LOSS, AD, PROFOUND HEARING LOSS, AS','AVOID LOUD NOISES, REVERSE VALSALVA','',NULL,'',52,NULL,NULL,'','',NULL,NULL),(424,2009,'2','2025-11-25 11:15:02','EAR CHECK-UP','ITCHINESS WITH PAIN','PERFORATED TM, AD 50%','','','OTITIS MEDIA WITH OTOMYCOSIS AND TM PERFORATION, AD','KEEP RIGHT EAR DRY','',NULL,'',52,NULL,NULL,'','','',''),(425,2332,'2','2025-11-25 11:26:04','EAR CHECK-UP','1 WEEK PTC- NOTED EAR DISCHARGE','MUCOID EAR DISCHARGE AD','','','OTITIS MEDIA AD WITH ALLERGIC COMPONENT','KEEP RIGHT EAR DRY','',NULL,'',36,NULL,NULL,'','','',''),(426,2316,'2','2025-11-25 11:40:04','HEARING LOSS RIGHT','2 WEEKS PTC, CONSULTED EENT WITH COMPLAINT OF HEARING LOSS\nGIVEN ROXITHROMIC AND CIPROFLOXACIN AND OTOBIOTIC EAR DROPS\nHEARING LOSS PERSISTED THUS THIS CONSULT','IMPACTED CERUMEN, AU','','','IMPACTED CERUMEN AU','PROPER EAR CLEANING','',NULL,'',52,NULL,NULL,'','','',''),(427,2013,'2','2025-11-25 11:53:38','FOLLOW-UP CHECK-UP','CAME IN FOR FOLLOW-UP OF NASAL CONGESTION\nLESSENED EPISODES OF NASAL CONGESTION AND FREQUENT SNEEZING','','CAULIFLOWER-LIKE MASS OCCUPYING THE LEFT NASAL CAVITY, MASS NOTED ON THE RIGHT NASOPHARYNX AS EXTENSION FROM THE LEFT NASAL CAVITY, NO DISCHARGES','','NASAL POLYP GRADE 3 LEFT','FOR FESS','',NULL,'',48,NULL,NULL,'','','','');
/*!40000 ALTER TABLE `consultation` ENABLE KEYS */;
UNLOCK TABLES;
/*!50003 SET @saved_cs_client      = @@character_set_client */ ;
/*!50003 SET @saved_cs_results     = @@character_set_results */ ;
/*!50003 SET @saved_col_connection = @@collation_connection */ ;
/*!50003 SET character_set_client  = utf8mb4 */ ;
/*!50003 SET character_set_results = utf8mb4 */ ;
/*!50003 SET collation_connection  = utf8mb4_0900_ai_ci */ ;
/*!50003 SET @saved_sql_mode       = @@sql_mode */ ;
/*!50003 SET sql_mode              = 'ONLY_FULL_GROUP_BY,STRICT_TRANS_TABLES,NO_ZERO_IN_DATE,NO_ZERO_DATE,ERROR_FOR_DIVISION_BY_ZERO,NO_ENGINE_SUBSTITUTION' */ ;
DELIMITER ;;
/*!50003 CREATE*/ /*!50017 DEFINER=`root`@`localhost`*/ /*!50003 TRIGGER `trg_update_autocomplete` AFTER INSERT ON `consultation` FOR EACH ROW BEGIN
    DECLARE line TEXT;
    DECLARE pos INT;
    DECLARE next_pos INT;
    DECLARE col_value TEXT;

    -- ===================== HELPER BLOCK =====================
    -- Processes each column with bullet points and user errors

    DECLARE CONTINUE HANDLER FOR SQLEXCEPTION
    BEGIN
        -- just continue on errors (safety)
    END;

    -- ----------------- FUNCTION TO PROCESS A COLUMN -----------------
    -- We inline it for each column
    SET col_value = NEW.chief_complaint;
    IF col_value IS NOT NULL AND TRIM(col_value) <> '' THEN
        SET pos = 1;
        WHILE pos <= CHAR_LENGTH(col_value) DO
            SET next_pos = LOCATE('\n', col_value, pos);
            IF next_pos = 0 THEN
                SET line = SUBSTRING(col_value, pos);
                SET pos = CHAR_LENGTH(col_value) + 1;
            ELSE
                SET line = SUBSTRING(col_value, pos, next_pos - pos);
                SET pos = next_pos + 1;
            END IF;

            -- Clean line: remove leading bullet and spaces
            SET line = TRIM(line);
            IF LEFT(line,2) = ' ' THEN
                SET line = TRIM(SUBSTRING(line,3));
            END IF;

            -- Ignore invalid lines (empty or only bullet)
            IF line <> '' AND line <> '' THEN
                -- Only insert if it does not exist yet
                IF NOT EXISTS (
                    SELECT 1 FROM ent_clinic_db.autocomplete_entries
                    WHERE column_name = 'chief_complaint'
                      AND value = CONCAT(line,' ')
                ) THEN
                    INSERT INTO ent_clinic_db.autocomplete_entries(column_name, value)
                    VALUES ('chief_complaint', CONCAT(line,' '));
                END IF;
            END IF;
        END WHILE;
    END IF;

    -- ----------------- Repeat for other columns -----------------
    SET col_value = NEW.history;
    IF col_value IS NOT NULL AND TRIM(col_value) <> '' THEN
        SET pos = 1;
        WHILE pos <= CHAR_LENGTH(col_value) DO
            SET next_pos = LOCATE('\n', col_value, pos);
            IF next_pos = 0 THEN
                SET line = SUBSTRING(col_value, pos);
                SET pos = CHAR_LENGTH(col_value) + 1;
            ELSE
                SET line = SUBSTRING(col_value, pos, next_pos - pos);
                SET pos = next_pos + 1;
            END IF;

            SET line = TRIM(line);
            IF LEFT(line,2) = ' ' THEN
                SET line = TRIM(SUBSTRING(line,3));
            END IF;

            IF line <> '' AND line <> '' THEN
                IF NOT EXISTS (
                    SELECT 1 FROM ent_clinic_db.autocomplete_entries
                    WHERE column_name = 'history'
                      AND value = CONCAT(line,' ')
                ) THEN
                    INSERT INTO ent_clinic_db.autocomplete_entries(column_name, value)
                    VALUES ('history', CONCAT(line,' '));
                END IF;
            END IF;
        END WHILE;
    END IF;

    -- ----------------- Repeat for ear_exam -----------------
    SET col_value = NEW.ear_exam;
    IF col_value IS NOT NULL AND TRIM(col_value) <> '' THEN
        SET pos = 1;
        WHILE pos <= CHAR_LENGTH(col_value) DO
            SET next_pos = LOCATE('\n', col_value, pos);
            IF next_pos = 0 THEN
                SET line = SUBSTRING(col_value, pos);
                SET pos = CHAR_LENGTH(col_value) + 1;
            ELSE
                SET line = SUBSTRING(col_value, pos, next_pos - pos);
                SET pos = next_pos + 1;
            END IF;

            SET line = TRIM(line);
            IF LEFT(line,2) = ' ' THEN
                SET line = TRIM(SUBSTRING(line,3));
            END IF;

            IF line <> '' AND line <> '' THEN
                IF NOT EXISTS (
                    SELECT 1 FROM ent_clinic_db.autocomplete_entries
                    WHERE column_name = 'ear_exam'
                      AND value = CONCAT(line,' ')
                ) THEN
                    INSERT INTO ent_clinic_db.autocomplete_entries(column_name, value)
                    VALUES ('ear_exam', CONCAT(line,' '));
                END IF;
            END IF;
        END WHILE;
    END IF;

    -- ----------------- Repeat for nose_exam -----------------
    SET col_value = NEW.nose_exam;
    IF col_value IS NOT NULL AND TRIM(col_value) <> '' THEN
        SET pos = 1;
        WHILE pos <= CHAR_LENGTH(col_value) DO
            SET next_pos = LOCATE('\n', col_value, pos);
            IF next_pos = 0 THEN
                SET line = SUBSTRING(col_value, pos);
                SET pos = CHAR_LENGTH(col_value) + 1;
            ELSE
                SET line = SUBSTRING(col_value, pos, next_pos - pos);
                SET pos = next_pos + 1;
            END IF;

            SET line = TRIM(line);
            IF LEFT(line,2) = ' ' THEN
                SET line = TRIM(SUBSTRING(line,3));
            END IF;

            IF line <> '' AND line <> '' THEN
                IF NOT EXISTS (
                    SELECT 1 FROM ent_clinic_db.autocomplete_entries
                    WHERE column_name = 'nose_exam'
                      AND value = CONCAT(line,' ')
                ) THEN
                    INSERT INTO ent_clinic_db.autocomplete_entries(column_name, value)
                    VALUES ('nose_exam', CONCAT(line,' '));
                END IF;
            END IF;
        END WHILE;
    END IF;

    -- ----------------- Repeat for throat_exam -----------------
    SET col_value = NEW.throat_exam;
    IF col_value IS NOT NULL AND TRIM(col_value) <> '' THEN
        SET pos = 1;
        WHILE pos <= CHAR_LENGTH(col_value) DO
            SET next_pos = LOCATE('\n', col_value, pos);
            IF next_pos = 0 THEN
                SET line = SUBSTRING(col_value, pos);
                SET pos = CHAR_LENGTH(col_value) + 1;
            ELSE
                SET line = SUBSTRING(col_value, pos, next_pos - pos);
                SET pos = next_pos + 1;
            END IF;

            SET line = TRIM(line);
            IF LEFT(line,2) = ' ' THEN
                SET line = TRIM(SUBSTRING(line,3));
            END IF;

            IF line <> '' AND line <> '' THEN
                IF NOT EXISTS (
                    SELECT 1 FROM ent_clinic_db.autocomplete_entries
                    WHERE column_name = 'throat_exam'
                      AND value = CONCAT(line,' ')
                ) THEN
                    INSERT INTO ent_clinic_db.autocomplete_entries(column_name, value)
                    VALUES ('throat_exam', CONCAT(line,' '));
                END IF;
            END IF;
        END WHILE;
    END IF;

    -- ----------------- diagnosis -----------------
    SET col_value = NEW.diagnosis;
    IF col_value IS NOT NULL AND TRIM(col_value) <> '' THEN
        SET pos = 1;
        WHILE pos <= CHAR_LENGTH(col_value) DO
            SET next_pos = LOCATE('\n', col_value, pos);
            IF next_pos = 0 THEN
                SET line = SUBSTRING(col_value, pos);
                SET pos = CHAR_LENGTH(col_value) + 1;
            ELSE
                SET line = SUBSTRING(col_value, pos, next_pos - pos);
                SET pos = next_pos + 1;
            END IF;

            SET line = TRIM(line);
            IF LEFT(line,2) = ' ' THEN
                SET line = TRIM(SUBSTRING(line,3));
            END IF;

            IF line <> '' AND line <> '' THEN
                IF NOT EXISTS (
                    SELECT 1 FROM ent_clinic_db.autocomplete_entries
                    WHERE column_name = 'diagnosis'
                      AND value = CONCAT(line,' ')
                ) THEN
                    INSERT INTO ent_clinic_db.autocomplete_entries(column_name, value)
                    VALUES ('diagnosis', CONCAT(line,' '));
                END IF;
            END IF;
        END WHILE;
    END IF;

    -- ----------------- recommendations -----------------
    SET col_value = NEW.recommendations;
    IF col_value IS NOT NULL AND TRIM(col_value) <> '' THEN
        SET pos = 1;
        WHILE pos <= CHAR_LENGTH(col_value) DO
            SET next_pos = LOCATE('\n', col_value, pos);
            IF next_pos = 0 THEN
                SET line = SUBSTRING(col_value, pos);
                SET pos = CHAR_LENGTH(col_value) + 1;
            ELSE
                SET line = SUBSTRING(col_value, pos, next_pos - pos);
                SET pos = next_pos + 1;
            END IF;

            SET line = TRIM(line);
            IF LEFT(line,2) = ' ' THEN
                SET line = TRIM(SUBSTRING(line,3));
            END IF;

            IF line <> '' AND line <> '' THEN
                IF NOT EXISTS (
                    SELECT 1 FROM ent_clinic_db.autocomplete_entries
                    WHERE column_name = 'recommendations'
                      AND value = CONCAT(line,' ')
                ) THEN
                    INSERT INTO ent_clinic_db.autocomplete_entries(column_name, value)
                    VALUES ('recommendations', CONCAT(line,' '));
                END IF;
            END IF;
        END WHILE;
    END IF;

    -- ----------------- notes -----------------
    SET col_value = NEW.notes;
    IF col_value IS NOT NULL AND TRIM(col_value) <> '' THEN
        SET pos = 1;
        WHILE pos <= CHAR_LENGTH(col_value) DO
            SET next_pos = LOCATE('\n', col_value, pos);
            IF next_pos = 0 THEN
                SET line = SUBSTRING(col_value, pos);
                SET pos = CHAR_LENGTH(col_value) + 1;
            ELSE
                SET line = SUBSTRING(col_value, pos, next_pos - pos);
                SET pos = next_pos + 1;
            END IF;

            SET line = TRIM(line);
            IF LEFT(line,2) = ' ' THEN
                SET line = TRIM(SUBSTRING(line,3));
            END IF;

            IF line <> '' AND line <> '' THEN
                IF NOT EXISTS (
                    SELECT 1 FROM ent_clinic_db.autocomplete_entries
                    WHERE column_name = 'notes'
                      AND value = CONCAT(line,' ')
                ) THEN
                    INSERT INTO ent_clinic_db.autocomplete_entries(column_name, value)
                    VALUES ('notes', CONCAT(line,' '));
                END IF;
            END IF;
        END WHILE;
    END IF;

    -- ----------------- follow_up_notes -----------------
    SET col_value = NEW.follow_up_notes;
    IF col_value IS NOT NULL AND TRIM(col_value) <> '' THEN
        SET pos = 1;
        WHILE pos <= CHAR_LENGTH(col_value) DO
            SET next_pos = LOCATE('\n', col_value, pos);
            IF next_pos = 0 THEN
                SET line = SUBSTRING(col_value, pos);
                SET pos = CHAR_LENGTH(col_value) + 1;
            ELSE
                SET line = SUBSTRING(col_value, pos, next_pos - pos);
                SET pos = next_pos + 1;
            END IF;

            SET line = TRIM(line);
            IF LEFT(line,2) = ' ' THEN
                SET line = TRIM(SUBSTRING(line,3));
            END IF;

            IF line <> '' AND line <> '' THEN
                IF NOT EXISTS (
                    SELECT 1 FROM ent_clinic_db.autocomplete_entries
                    WHERE column_name = 'follow_up_notes'
                      AND value = CONCAT(line,' ')
                ) THEN
                    INSERT INTO ent_clinic_db.autocomplete_entries(column_name, value)
                    VALUES ('follow_up_notes', CONCAT(line,' '));
                END IF;
            END IF;
        END WHILE;
    END IF;

END */;;
DELIMITER ;
/*!50003 SET sql_mode              = @saved_sql_mode */ ;
/*!50003 SET character_set_client  = @saved_cs_client */ ;
/*!50003 SET character_set_results = @saved_cs_results */ ;
/*!50003 SET collation_connection  = @saved_col_connection */ ;
/*!50003 SET @saved_cs_client      = @@character_set_client */ ;
/*!50003 SET @saved_cs_results     = @@character_set_results */ ;
/*!50003 SET @saved_col_connection = @@collation_connection */ ;
/*!50003 SET character_set_client  = utf8mb4 */ ;
/*!50003 SET character_set_results = utf8mb4 */ ;
/*!50003 SET collation_connection  = utf8mb4_0900_ai_ci */ ;
/*!50003 SET @saved_sql_mode       = @@sql_mode */ ;
/*!50003 SET sql_mode              = 'ONLY_FULL_GROUP_BY,STRICT_TRANS_TABLES,NO_ZERO_IN_DATE,NO_ZERO_DATE,ERROR_FOR_DIVISION_BY_ZERO,NO_ENGINE_SUBSTITUTION' */ ;
DELIMITER ;;
/*!50003 CREATE*/ /*!50017 DEFINER=`root`@`localhost`*/ /*!50003 TRIGGER `after_consultation_insert` AFTER INSERT ON `consultation` FOR EACH ROW BEGIN
    -- Insert the health_record snapshot into health_record_history
    INSERT INTO `health_record_history` (
        consultation_id,
        patient_id,
        past_medical_history,
        family_history,
        personal_social_history,
        bp,
        temperature,
        pr,
        rr,
        ht,
        wt,
        general_appearance,
        skin,
        head_and_face,
        eyes,
        neck,
        chest_lungs,
        heart,
        abdomen,
        extremities,
        neurologic,
        created_at,
        updated_at,
        allergies
    )
    SELECT
        NEW.consultation_id,
        hr.patient_id,
        hr.past_medical_history,
        hr.family_history,
        hr.personal_social_history,
        hr.bp,
        hr.temperature,
        hr.pr,
        hr.rr,
        hr.ht,
        hr.wt,
        hr.general_appearance,
        hr.skin,
        hr.head_and_face,
        hr.eyes,
        hr.neck,
        hr.chest_lungs,
        hr.heart,
        hr.abdomen,
        hr.extremities,
        hr.neurologic,
        hr.created_at,
        hr.updated_at,
        hr.allergies
    FROM `health_record` AS hr
    WHERE hr.patient_id = NEW.patient_id;
END */;;
DELIMITER ;
/*!50003 SET sql_mode              = @saved_sql_mode */ ;
/*!50003 SET character_set_client  = @saved_cs_client */ ;
/*!50003 SET character_set_results = @saved_cs_results */ ;
/*!50003 SET collation_connection  = @saved_col_connection */ ;
/*!50003 SET @saved_cs_client      = @@character_set_client */ ;
/*!50003 SET @saved_cs_results     = @@character_set_results */ ;
/*!50003 SET @saved_col_connection = @@collation_connection */ ;
/*!50003 SET character_set_client  = utf8mb4 */ ;
/*!50003 SET character_set_results = utf8mb4 */ ;
/*!50003 SET collation_connection  = utf8mb4_0900_ai_ci */ ;
/*!50003 SET @saved_sql_mode       = @@sql_mode */ ;
/*!50003 SET sql_mode              = 'ONLY_FULL_GROUP_BY,STRICT_TRANS_TABLES,NO_ZERO_IN_DATE,NO_ZERO_DATE,ERROR_FOR_DIVISION_BY_ZERO,NO_ENGINE_SUBSTITUTION' */ ;
DELIMITER ;;
/*!50003 CREATE*/ /*!50017 DEFINER=`root`@`localhost`*/ /*!50003 TRIGGER `tr_consultation_set_done` AFTER INSERT ON `consultation` FOR EACH ROW BEGIN
    UPDATE queue
    SET 
        status = 'Done',
        finished_at = NOW()
    WHERE patient_id = NEW.patient_id
      AND status = 'Examining';   -- only change if currently examining
END */;;
DELIMITER ;
/*!50003 SET sql_mode              = @saved_sql_mode */ ;
/*!50003 SET character_set_client  = @saved_cs_client */ ;
/*!50003 SET character_set_results = @saved_cs_results */ ;
/*!50003 SET collation_connection  = @saved_col_connection */ ;

--
-- Table structure for table `dispense_prescription`
--

DROP TABLE IF EXISTS `dispense_prescription`;
/*!40101 SET @saved_cs_client     = @@character_set_client */;
/*!50503 SET character_set_client = utf8mb4 */;
CREATE TABLE `dispense_prescription` (
  `dispense_id` int NOT NULL AUTO_INCREMENT,
  `prescription_id` int NOT NULL,
  `patient_id` int NOT NULL,
  `item_id` int NOT NULL,
  `quantity` int NOT NULL,
  `invoice_item_id` int NOT NULL,
  `dispensed_at` datetime NOT NULL DEFAULT CURRENT_TIMESTAMP,
  `note` varchar(255) DEFAULT NULL,
  PRIMARY KEY (`dispense_id`)
) ENGINE=InnoDB AUTO_INCREMENT=170 DEFAULT CHARSET=utf8mb4 COLLATE=utf8mb4_0900_ai_ci;
/*!40101 SET character_set_client = @saved_cs_client */;

--
-- Dumping data for table `dispense_prescription`
--

LOCK TABLES `dispense_prescription` WRITE;
/*!40000 ALTER TABLE `dispense_prescription` DISABLE KEYS */;
INSERT INTO `dispense_prescription` (`dispense_id`, `prescription_id`, `patient_id`, `item_id`, `quantity`, `invoice_item_id`, `dispensed_at`, `note`) VALUES (3,84,2072,18,2,101,'2025-10-18 13:41:14',NULL),(4,85,2072,10,6,102,'2025-10-18 13:41:14',NULL),(5,86,2072,16,1,103,'2025-10-18 13:41:14',NULL),(6,88,2072,22,1,105,'2025-10-18 13:51:27',NULL),(7,89,2072,12,14,106,'2025-10-18 13:51:27',NULL),(8,93,2073,19,1,107,'2025-10-20 13:01:12',NULL),(9,94,2075,23,21,108,'2025-10-20 13:17:40',NULL),(10,96,2080,13,7,114,'2025-10-21 14:26:39',NULL),(11,97,2080,10,6,115,'2025-10-21 14:26:39',NULL),(12,95,2080,22,1,116,'2025-10-21 14:26:39',NULL),(13,100,2081,22,1,117,'2025-10-21 14:36:45',NULL),(14,101,2081,13,14,118,'2025-10-21 14:36:45',NULL),(15,102,2081,26,10,119,'2025-10-21 14:36:45',NULL),(16,103,2082,22,1,120,'2025-10-21 14:46:19',NULL),(17,106,2084,15,1,121,'2025-10-21 14:58:47',NULL),(18,108,2085,13,10,122,'2025-10-21 15:12:10',NULL),(19,109,2085,15,1,123,'2025-10-21 15:12:10',NULL),(20,110,2085,10,1,124,'2025-10-21 15:12:11',NULL),(21,116,2086,12,14,125,'2025-10-23 11:41:33',NULL),(22,115,2086,14,1,126,'2025-10-23 11:41:33',NULL),(23,120,2088,27,14,127,'2025-10-23 12:10:04',NULL),(24,121,2088,15,1,128,'2025-10-23 12:10:04',NULL),(25,125,2091,19,1,129,'2025-10-23 13:11:12',NULL),(26,123,2090,15,1,130,'2025-10-23 13:12:06',NULL),(27,124,2090,26,10,131,'2025-10-23 13:12:06',NULL),(28,122,2090,13,14,132,'2025-10-23 13:12:06',NULL),(29,127,2092,16,30,133,'2025-10-23 13:27:01',NULL),(30,126,2092,19,1,134,'2025-10-23 13:27:02',NULL),(31,128,2089,23,21,135,'2025-10-23 13:41:26',NULL),(32,129,2089,26,10,136,'2025-10-23 13:41:26',NULL),(33,133,2013,23,21,138,'2025-10-24 12:13:41',NULL),(34,134,2095,27,14,139,'2025-10-24 13:25:06',NULL),(35,135,2095,22,1,140,'2025-10-24 13:25:06',NULL),(36,136,2095,10,6,141,'2025-10-24 13:25:06',NULL),(37,137,2096,19,1,142,'2025-10-25 10:56:08',NULL),(38,138,2096,27,14,143,'2025-10-25 10:56:08',NULL),(39,139,2096,10,6,144,'2025-10-25 10:56:09',NULL),(40,142,2009,23,21,145,'2025-10-25 11:17:35',NULL),(41,143,2009,26,10,146,'2025-10-25 11:36:33',NULL),(42,146,2101,15,1,147,'2025-10-25 12:23:21',NULL),(43,149,2097,27,1,148,'2025-10-25 13:11:26',NULL),(44,150,2097,15,1,149,'2025-10-25 13:11:26',NULL),(45,151,2109,19,1,150,'2025-10-27 11:27:41',NULL),(46,156,2108,22,1,151,'2025-10-27 11:40:17',NULL),(47,152,2112,27,14,152,'2025-10-27 11:45:18',NULL),(48,153,2112,15,1,153,'2025-10-27 11:45:18',NULL),(49,154,2112,26,10,154,'2025-10-27 11:45:18',NULL),(50,158,2073,28,30,155,'2025-10-27 11:52:47',NULL),(51,159,2113,22,1,156,'2025-10-27 12:05:07',NULL),(52,160,2113,27,14,157,'2025-10-27 12:05:07',NULL),(53,162,2111,22,1,158,'2025-10-27 12:11:29',NULL),(54,167,2049,16,30,159,'2025-10-27 13:20:49',NULL),(55,168,2067,22,1,160,'2025-10-27 13:42:17',NULL),(56,169,2067,28,30,161,'2025-10-27 13:42:17',NULL),(57,170,2114,22,1,162,'2025-10-27 13:57:27',NULL),(58,171,2114,27,1,163,'2025-10-27 13:57:27',NULL),(59,172,2115,15,1,164,'2025-10-27 14:09:58',NULL),(60,174,2116,26,10,165,'2025-10-27 14:29:08',NULL),(61,173,2116,23,21,166,'2025-10-27 14:29:08',NULL),(62,175,2117,19,1,167,'2025-10-27 14:30:03',NULL),(63,176,2077,15,1,168,'2025-10-27 14:37:24',NULL),(64,177,2118,19,1,169,'2025-10-27 14:45:24',NULL),(65,178,2118,28,30,170,'2025-10-27 14:45:24',NULL),(66,179,2118,10,10,171,'2025-10-27 14:45:24',NULL),(67,180,2129,19,1,173,'2025-10-28 12:12:03',NULL),(68,181,2129,27,14,174,'2025-10-28 12:12:03',NULL),(69,182,2131,19,1,175,'2025-10-28 12:32:16',NULL),(70,185,2132,19,1,176,'2025-10-28 12:47:17',NULL),(71,184,2132,16,30,177,'2025-10-28 12:47:17',NULL),(72,190,2141,16,30,178,'2025-10-30 11:45:55',NULL),(73,191,2142,19,1,179,'2025-10-30 12:19:02',NULL),(74,192,2144,19,1,180,'2025-10-30 12:55:07',NULL),(75,193,2145,12,14,181,'2025-10-30 13:43:20',NULL),(76,196,2147,19,1,182,'2025-10-30 14:04:11',NULL),(77,210,2155,16,60,183,'2025-11-06 11:21:00',NULL),(78,211,2158,17,1,184,'2025-11-06 11:49:57',NULL),(79,212,2158,26,10,185,'2025-11-06 11:49:57',NULL),(80,218,2162,22,1,186,'2025-11-06 13:18:39',NULL),(81,219,2163,28,30,187,'2025-11-06 13:33:00',NULL),(82,221,2090,15,1,190,'2025-11-06 13:58:29',NULL),(83,220,2090,16,30,191,'2025-11-06 13:58:29',NULL),(84,222,2161,27,14,192,'2025-11-06 14:09:59',NULL),(85,223,2161,15,1,193,'2025-11-06 14:09:59',NULL),(86,224,2164,23,21,194,'2025-11-07 11:28:48',NULL),(87,225,2164,24,10,195,'2025-11-07 11:28:48',NULL),(88,226,2164,18,1,196,'2025-11-07 11:28:48',NULL),(89,227,2165,15,1,197,'2025-11-07 11:43:32',NULL),(90,228,2165,27,14,198,'2025-11-07 11:43:32',NULL),(91,229,2168,17,1,199,'2025-11-07 11:53:07',NULL),(92,230,2168,27,14,200,'2025-11-07 11:53:07',NULL),(93,231,2168,23,21,201,'2025-11-07 11:53:07',NULL),(94,232,2168,26,10,202,'2025-11-07 11:53:07',NULL),(95,234,2166,19,1,203,'2025-11-07 12:22:03',NULL),(96,235,2171,14,1,204,'2025-11-07 13:30:35',NULL),(97,236,2171,23,21,205,'2025-11-07 13:30:35',NULL),(98,237,2172,19,1,206,'2025-11-07 13:42:39',NULL),(99,239,2167,16,30,207,'2025-11-07 14:01:57',NULL),(100,240,2177,29,1,208,'2025-11-08 11:34:24',NULL),(101,241,2177,24,10,209,'2025-11-08 11:34:24',NULL),(102,242,2177,23,21,210,'2025-11-08 11:34:24',NULL),(103,243,2173,19,1,211,'2025-11-08 11:45:48',NULL),(104,244,2176,32,1,212,'2025-11-08 12:03:25',NULL),(105,245,2176,23,21,213,'2025-11-08 12:03:25',NULL),(106,246,2176,26,7,214,'2025-11-08 12:03:26',NULL),(107,248,2009,26,7,215,'2025-11-08 12:05:42',NULL),(108,253,2203,19,1,218,'2025-11-11 11:31:25',NULL),(109,257,2205,22,1,219,'2025-11-11 12:05:37',NULL),(110,258,2207,19,1,221,'2025-11-11 13:17:34',NULL),(111,259,2207,32,1,222,'2025-11-11 13:17:39',NULL),(112,262,2208,16,30,223,'2025-11-11 13:22:10',NULL),(113,261,2206,17,1,224,'2025-11-11 13:22:48',NULL),(114,263,2161,15,1,225,'2025-11-11 13:33:46',NULL),(115,264,2164,23,21,229,'2025-11-17 13:33:35',NULL),(116,265,2244,20,1,230,'2025-11-17 13:43:43',NULL),(117,266,2245,16,30,231,'2025-11-17 14:28:27',NULL),(118,267,2165,15,1,232,'2025-11-17 14:37:11',NULL),(119,271,2247,32,1,233,'2025-11-17 14:55:13',NULL),(120,272,2247,14,1,234,'2025-11-17 14:55:13',NULL),(121,269,2246,23,1,235,'2025-11-17 15:16:03',NULL),(122,273,2168,29,1,236,'2025-11-17 15:19:12',NULL),(123,275,2257,22,1,237,'2025-11-18 12:45:40',NULL),(124,279,2258,19,1,238,'2025-11-18 12:58:22',NULL),(125,280,2258,32,1,239,'2025-11-18 12:58:22',NULL),(126,283,2261,19,1,240,'2025-11-18 14:08:14',NULL),(127,285,2263,20,1,241,'2025-11-18 14:22:12',NULL),(128,286,2263,27,14,242,'2025-11-18 14:22:12',NULL),(129,290,2266,23,21,244,'2025-11-18 15:01:03',NULL),(130,291,2267,19,1,245,'2025-11-20 12:54:12',NULL),(131,292,2268,27,14,246,'2025-11-20 12:54:53',NULL),(132,293,2268,19,1,247,'2025-11-20 12:54:53',NULL),(133,295,2269,14,1,248,'2025-11-20 12:55:15',NULL),(134,296,2269,23,21,249,'2025-11-20 12:55:15',NULL),(135,294,2271,16,30,250,'2025-11-20 12:55:41',NULL),(136,297,2270,23,21,251,'2025-11-20 12:56:18',NULL),(137,298,2270,24,10,252,'2025-11-20 12:56:18',NULL),(138,300,2270,32,1,253,'2025-11-20 12:56:18',NULL),(139,301,2270,26,14,254,'2025-11-20 12:56:18',NULL),(140,307,2273,9,1,255,'2025-11-20 14:06:57',NULL),(141,306,2273,27,14,256,'2025-11-20 14:06:57',NULL),(142,309,2177,24,7,258,'2025-11-21 12:02:47',NULL),(143,310,2177,26,14,259,'2025-11-21 12:02:47',NULL),(144,308,2177,23,21,260,'2025-11-21 12:02:47',NULL),(145,315,2279,22,1,261,'2025-11-21 14:06:23',NULL),(146,316,2279,27,14,262,'2025-11-21 14:06:23',NULL),(147,313,2278,27,14,263,'2025-11-21 14:07:12',NULL),(148,314,2278,22,1,264,'2025-11-21 14:07:12',NULL),(149,317,2280,19,1,265,'2025-11-21 14:08:03',NULL),(150,320,2282,19,1,266,'2025-11-21 14:24:58',NULL),(151,323,2285,15,1,268,'2025-11-22 12:30:52',NULL),(152,324,2285,12,14,269,'2025-11-22 12:30:52',NULL),(153,326,2285,26,10,270,'2025-11-22 12:30:52',NULL),(154,327,2285,14,1,271,'2025-11-22 12:30:52',NULL),(155,328,2203,9,1,272,'2025-11-22 12:39:12',NULL),(156,329,2099,19,1,274,'2025-11-24 11:31:01',NULL),(157,332,2314,27,14,275,'2025-11-24 11:56:57',NULL),(158,333,2313,28,30,276,'2025-11-24 12:07:03',NULL),(159,334,2317,12,14,277,'2025-11-24 12:23:43',NULL),(160,335,2317,14,1,278,'2025-11-24 12:23:45',NULL),(161,336,2318,19,1,279,'2025-11-24 13:25:12',NULL),(162,337,2246,16,30,281,'2025-11-24 13:31:39',NULL),(163,339,2009,26,10,282,'2025-11-25 11:19:41',NULL),(164,141,2009,15,1,283,'2025-11-25 11:19:41',NULL),(165,342,2332,15,1,284,'2025-11-25 11:32:02',NULL),(166,341,2332,26,10,285,'2025-11-25 11:32:07',NULL),(167,344,2013,23,21,286,'2025-11-25 12:01:00',NULL),(168,345,2013,26,10,287,'2025-11-25 12:01:00',NULL),(169,343,2013,32,1,288,'2025-11-25 12:01:00',NULL);
/*!40000 ALTER TABLE `dispense_prescription` ENABLE KEYS */;
UNLOCK TABLES;

--
-- Table structure for table `general_pe`
--

DROP TABLE IF EXISTS `general_pe`;
/*!40101 SET @saved_cs_client     = @@character_set_client */;
/*!50503 SET character_set_client = utf8mb4 */;
CREATE TABLE `general_pe` (
  `id` int NOT NULL AUTO_INCREMENT,
  `pe_name` varchar(255) NOT NULL,
  PRIMARY KEY (`id`)
) ENGINE=InnoDB AUTO_INCREMENT=14 DEFAULT CHARSET=utf8mb4 COLLATE=utf8mb4_0900_ai_ci;
/*!40101 SET character_set_client = @saved_cs_client */;

--
-- Dumping data for table `general_pe`
--

LOCK TABLES `general_pe` WRITE;
/*!40000 ALTER TABLE `general_pe` DISABLE KEYS */;
/*!40000 ALTER TABLE `general_pe` ENABLE KEYS */;
UNLOCK TABLES;

--
-- Table structure for table `health_record`
--

DROP TABLE IF EXISTS `health_record`;
/*!40101 SET @saved_cs_client     = @@character_set_client */;
/*!50503 SET character_set_client = utf8mb4 */;
CREATE TABLE `health_record` (
  `health_record_id` int NOT NULL AUTO_INCREMENT,
  `patient_id` int DEFAULT NULL,
  `past_medical_history` text,
  `family_history` text,
  `personal_social_history` text,
  `bp` varchar(20) DEFAULT NULL,
  `temperature` varchar(20) DEFAULT NULL,
  `pr` varchar(20) DEFAULT NULL,
  `rr` varchar(20) DEFAULT NULL,
  `ht` varchar(20) DEFAULT NULL,
  `wt` varchar(20) DEFAULT NULL,
  `general_appearance` varchar(255) DEFAULT NULL,
  `skin` varchar(255) DEFAULT NULL,
  `head_and_face` varchar(255) DEFAULT NULL,
  `eyes` varchar(255) DEFAULT NULL,
  `neck` varchar(255) DEFAULT NULL,
  `chest_lungs` varchar(255) DEFAULT NULL,
  `heart` varchar(255) DEFAULT NULL,
  `abdomen` varchar(255) DEFAULT NULL,
  `extremities` varchar(255) DEFAULT NULL,
  `neurologic` varchar(255) DEFAULT NULL,
  `created_at` timestamp NULL DEFAULT CURRENT_TIMESTAMP,
  `updated_at` timestamp NULL DEFAULT CURRENT_TIMESTAMP ON UPDATE CURRENT_TIMESTAMP,
  `consultation_id` int DEFAULT NULL,
  `allergies` varchar(45) DEFAULT NULL,
  PRIMARY KEY (`health_record_id`),
  KEY `patient_id` (`patient_id`)
) ENGINE=InnoDB AUTO_INCREMENT=160 DEFAULT CHARSET=utf8mb4 COLLATE=utf8mb4_0900_ai_ci;
/*!40101 SET character_set_client = @saved_cs_client */;

--
-- Dumping data for table `health_record`
--

LOCK TABLES `health_record` WRITE;
/*!40000 ALTER TABLE `health_record` DISABLE KEYS */;
INSERT INTO `health_record` (`health_record_id`, `patient_id`, `past_medical_history`, `family_history`, `personal_social_history`, `bp`, `temperature`, `pr`, `rr`, `ht`, `wt`, `general_appearance`, `skin`, `head_and_face`, `eyes`, `neck`, `chest_lungs`, `heart`, `abdomen`, `extremities`, `neurologic`, `created_at`, `updated_at`, `consultation_id`, `allergies`) VALUES (1,2,'NONE','NONE','NONE','',NULL,NULL,NULL,NULL,NULL,'NORMAL','NORMAL','NORMAL','NORMAL','NORMAL','NORMAL','NORMAL','NORMAL','NORMAL','NORMAL','2025-10-10 02:09:21','2025-10-10 02:09:21',NULL,NULL),(2,2044,'azithromycin- 5 days','allergic rhinitis','LAWYER','','','','','','','','','','','','','','','','','2025-10-10 04:57:09','2025-10-25 03:44:17',NULL,'DUST AND MICROFIBER'),(3,2046,'cough x 1 week','','','','','','','','','NORMAL','','','','','','','','','','2025-10-10 05:28:24','2025-10-27 04:28:33',NULL,''),(4,2049,'meniere\'s disease 2023','','','','','','','','','','','','','','','','','','','2025-10-13 03:18:08','2025-10-27 05:14:20',NULL,''),(5,2047,'','','','',NULL,NULL,NULL,NULL,NULL,'','','','','','','','','','','2025-10-13 03:33:40','2025-10-13 03:33:40',NULL,NULL),(6,2050,'ON AND OFF NASAL BLEEDING','','','',NULL,NULL,NULL,NULL,NULL,'','','','','','','','','','','2025-10-13 03:42:00','2025-10-18 03:17:04',NULL,NULL),(7,2051,'ON AND OFF THROAT DISCOMFORT FOR 3 YEARS','','','',NULL,NULL,NULL,NULL,NULL,'','','','','','','','','','','2025-10-13 03:51:51','2025-10-13 03:51:51',NULL,NULL),(8,2013,'','','','','','','','','','','','','','','','','','','','2025-10-13 04:11:00','2025-11-25 03:53:38',NULL,''),(9,2019,'GIVEN EAR DROPS X 1 WEEK','','','',NULL,NULL,NULL,NULL,NULL,'','','','','','','','','','','2025-10-13 04:18:47','2025-10-13 04:18:47',NULL,NULL),(10,2052,'ON AND OFF ITCHINESS EARS','','','',NULL,NULL,NULL,NULL,NULL,'','','','','','','','','','','2025-10-13 04:31:42','2025-10-13 04:31:42',NULL,NULL),(11,2040,'','','','',NULL,NULL,NULL,NULL,NULL,'','','','','','','','','','','2025-10-13 04:37:07','2025-10-13 04:37:07',NULL,NULL),(12,2053,'','','','',NULL,NULL,NULL,NULL,NULL,'','','','','','','','','','','2025-10-13 05:31:01','2025-10-13 05:31:01',NULL,NULL),(13,2054,'1 YEAR PTC-  CONSULTED FOR CLEARANCE AND EAR CLEANING','','','','','','','','','','','','','','','','','','','2025-10-13 06:11:42','2025-11-17 07:02:06',NULL,''),(14,2055,'','','','',NULL,NULL,NULL,NULL,NULL,'','','','','','','','','','','2025-10-13 06:24:07','2025-10-13 06:24:07',NULL,NULL),(15,2056,'','','','','','','','','','','','','','','','','','','','2025-10-14 03:33:00','2025-10-21 06:17:38',NULL,''),(16,2027,'S/P FESS - 2016','','','',NULL,NULL,NULL,NULL,NULL,'','','','','','','','','','','2025-10-14 04:06:28','2025-10-14 04:06:28',NULL,NULL),(17,2057,'','','','',NULL,NULL,NULL,NULL,NULL,'','','','','','','','','','','2025-10-14 04:14:58','2025-10-14 04:14:58',NULL,NULL),(18,2058,'','','','',NULL,NULL,NULL,NULL,NULL,'','','','','','','','','','','2025-10-14 04:24:48','2025-10-14 04:24:48',NULL,NULL),(19,2059,'20 YEARS PTC, NOTED RIGHT PAROTID MAS, 2015, EXCISION DONE, 10 MONTHS PTC, NOTED SUDDEN INCREASE IN SIZE','','','',NULL,NULL,NULL,NULL,NULL,'','','','','','','','','','','2025-10-16 04:16:15','2025-10-16 04:16:15',NULL,NULL),(20,2060,'GIVEN ANTIBIOTICS X 2 WEEKS','','','',NULL,NULL,NULL,NULL,NULL,'','','','','','','','','','','2025-10-16 04:25:02','2025-10-16 04:25:02',NULL,NULL),(21,2061,'','','','',NULL,NULL,NULL,NULL,NULL,'','','','','','','','','','','2025-10-16 04:40:42','2025-10-16 04:40:42',NULL,NULL),(22,2062,'','','','',NULL,NULL,NULL,NULL,NULL,'','','','','','','','','','','2025-10-16 04:46:31','2025-10-16 04:46:31',NULL,NULL),(23,2063,'','','','',NULL,NULL,NULL,NULL,NULL,'','','','','','','','','','','2025-10-16 05:46:02','2025-10-16 05:46:02',NULL,NULL),(24,2064,'','','','',NULL,NULL,NULL,NULL,NULL,'','','','','','','','','','','2025-10-16 05:57:44','2025-10-16 05:57:44',NULL,NULL),(25,2066,'','','','',NULL,NULL,NULL,NULL,NULL,'','','','','','','','','','','2025-10-16 06:13:45','2025-10-16 06:13:45',NULL,NULL),(26,2067,'WITH OSA SYMPTOMS','','','','','','','','','','','','','','','','','','','2025-10-17 03:42:09','2025-10-27 05:29:57',NULL,''),(27,2070,'','','','',NULL,NULL,NULL,NULL,NULL,'','','','','','','','','','','2025-10-18 03:27:49','2025-10-18 03:27:49',NULL,NULL),(28,2071,'','goiter- sister and niece','','',NULL,NULL,NULL,NULL,NULL,'','','anterior neck mass - thyroid','','','','','','','','2025-10-18 03:42:43','2025-10-18 03:42:43',NULL,NULL),(29,2072,'NONE, PAST MEDICAL HISTORY','NONE','NONE','12/80','35.7','12','12','168.00','75.00','NORMAL','NORMAL','Thyroid','NORMAL','Anterior Neck Mass -','NORMAL','NORMAL','NORMAL','','','2025-10-18 05:27:09','2025-10-23 02:25:39',NULL,'NONE'),(30,2073,'','','','','','','','','','','','','','','','','','','','2025-10-20 04:50:19','2025-10-27 03:45:35',NULL,''),(31,2074,'HYPERTENSION - ON LOSARTAN 50MG, DIABETIC - METFORMIN 500 MG, GLICLASIDE 80 MG, HYERCHOLESTEROLEMIA - ATORVASTATIN 10 MG, ON PHAREX B COMPLEX','','WORKS IN COAL FIRE POWER PLANT, EXPOSD TO LOUD NOISE','','','','','','','','','','','','','','','','','2025-10-20 05:02:39','2025-10-23 05:58:06',NULL,'CO-TRIMOXAZOLE'),(32,2075,'','','','','','','','','','','','','','','','','','','','2025-10-20 05:05:06','2025-10-20 05:05:06',NULL,''),(33,2077,'NOTED DRY SKIN AND FLAKES, LEFT EAR','','','','','','','','','','','','','','','','','','','2025-10-20 05:15:16','2025-10-27 06:30:13',NULL,''),(34,2076,'3 DAYS PTC FALL, CONSULT AT MIHMCI','','','','','','','','','','','','','','','','','','','2025-10-20 05:33:10','2025-10-24 03:38:42',NULL,''),(35,2078,'NO PREVIOUS EAR INFECTIONS','','','','','','','','','','','','','','','','','','','2025-10-20 05:47:38','2025-10-20 05:47:38',NULL,''),(36,2008,'','','','','','','','','','','','','','','','','','','','2025-10-21 05:08:03','2025-10-21 05:08:03',NULL,''),(37,2079,'UNREMARKABLE','','','','','','','','','','','','','non palpable neckmass','','','','','','2025-10-21 06:02:57','2025-10-21 06:02:57',NULL,''),(38,2080,'','','','','','','','','','','','','','','','','','','','2025-10-21 06:08:57','2025-10-28 04:52:17',NULL,''),(39,2081,'ON AND OFF EAR DISCHARGE SINCE 2017','','','','','','','','','','','','','','','','','','','2025-10-21 06:26:08','2025-11-03 05:27:29',NULL,''),(40,2082,'','','','','','','','','','','','','','','','','','','','2025-10-21 06:38:47','2025-10-21 06:38:47',NULL,''),(41,2084,'','','','','','','','','','','','','','','','','','','','2025-10-21 06:52:05','2025-10-21 06:52:05',NULL,''),(42,2085,'','','','','','','','','','','','','','','','','','','','2025-10-21 07:01:08','2025-10-21 07:01:08',NULL,''),(43,2086,'NOTED THYROID NODULES 10 YEARS PTC','','','','','','','','','','','','','','','','','','','2025-10-23 03:27:27','2025-10-23 03:27:27',NULL,'CLINDAMYCIN'),(44,2087,'','','','','','','','','','','','','','','','','','','','2025-10-23 03:42:38','2025-10-23 03:42:38',NULL,''),(45,2088,'','','','','','','','','','','','','','','','','','','','2025-10-23 04:03:31','2025-10-23 04:03:31',NULL,'CLOTRIMOXAZOLE'),(46,2090,'3 YEARS NOTED FUNGAL INFECTION','','','','','','','','','','','','','','','','','','','2025-10-23 04:17:21','2025-11-06 05:51:27',NULL,''),(47,2091,'','','','','','','','','','','','','','','','','','','','2025-10-23 05:03:44','2025-10-23 05:03:44',NULL,''),(48,2092,'','','','','','','','','','','','','','','','','','','','2025-10-23 05:15:33','2025-10-23 05:15:33',NULL,''),(49,2089,'','','','','','','','','','','','','','','','','','','','2025-10-23 05:27:58','2025-10-23 05:27:58',NULL,''),(50,2010,'','','','','','','','','','','','','','','','','','','','2025-10-24 02:32:31','2025-10-24 02:32:31',NULL,''),(51,2093,'','','','','','','','','','','','','','','','','','','','2025-10-24 03:47:06','2025-10-24 03:47:06',NULL,''),(52,2094,'S/P RADICAL MASTOIDECTOMY, AS (2009), HPN','','','','','','','','','','','','','','','','','','','2025-10-24 04:00:15','2025-10-24 04:00:15',NULL,''),(53,2095,'','','','','','','','','','','','','','','','','','','','2025-10-24 05:13:04','2025-10-28 04:19:38',NULL,''),(54,2096,'','','','','','','','','','','','','','','','','','','','2025-10-25 02:50:21','2025-10-25 02:50:21',NULL,''),(55,2098,'','','','','','','','','','','','','','','','','','','','2025-10-25 03:02:05','2025-10-25 03:02:05',NULL,''),(56,2009,'ALLERGIC RHINITIS, DM- metformin and gliclazide','','','','','','','','','','','','','','','','','','','2025-10-25 03:11:57','2025-11-25 03:15:02',NULL,''),(57,2099,'MAINTAINED- AMLODIPINE, TRIMETHACIDINE, CARVEDILOL, CLOPIDOGREL AND ATORVASTATIN','','','','','','','','','','','','','','','','','','','2025-10-25 03:27:57','2025-11-24 03:26:25',NULL,''),(58,2100,'HPN- ON LOSARTAN','','SEA FARER','','','','','','','','','','','','','','','','','2025-10-25 03:33:14','2025-10-25 03:33:14',NULL,''),(59,2101,'','','CALL CENTER, HOME BASED','','','','','','','','','','','','','','','','','2025-10-25 04:00:51','2025-10-25 04:00:51',NULL,''),(60,2102,'','','','','','','','','','','','','','','','','','','','2025-10-25 04:22:44','2025-10-25 04:22:44',NULL,''),(61,2097,'','','','','','','','','','','','','','','','','','','','2025-10-25 05:06:11','2025-10-25 05:06:11',NULL,''),(62,2109,'','','','','','','','','','','','','','','','','','','','2025-10-27 03:24:16','2025-10-27 03:24:16',NULL,''),(63,2112,'ON KETOANALOGUES','','','','','','','','','','','','','','','','','','','2025-10-27 03:26:58','2025-11-03 05:16:10',NULL,''),(64,2108,'','','','','','','','','','','','','','','','','','','','2025-10-27 03:36:05','2025-10-30 03:36:24',NULL,''),(65,2113,'','','','','','','','','','','','','','','','','','','','2025-10-27 03:59:51','2025-11-03 05:06:56',NULL,''),(66,2111,'','','','','','','','','','','','','','','','','','','','2025-10-27 04:07:36','2025-10-27 04:07:36',NULL,''),(67,2114,'1 YEAR DIAGNOSED WITH EAR INFECTION, WITH PREVIOUS RECORD','','','','','','','','','','','','','','','','','','','2025-10-27 05:51:30','2025-10-27 05:51:30',NULL,''),(68,2115,'','','','','','','','','','','','','','','','','','','','2025-10-27 06:06:37','2025-10-27 06:06:37',NULL,''),(69,2116,'','','HOUSEWIFE, WITH PETS INSIDE THE HOUSE','','','','','','','','','','','','','','','','','2025-10-27 06:16:05','2025-10-27 06:16:05',NULL,''),(70,2117,'','','','','','','','','','','','','','','','','','','','2025-10-27 06:21:58','2025-10-27 06:21:58',NULL,''),(71,2118,'','','','','','','','','','','','','','','','','','','','2025-10-27 06:38:53','2025-10-27 06:38:53',NULL,''),(72,2129,'','','','','','','','','','','','','','','','','','','','2025-10-28 04:06:40','2025-11-06 03:37:38',NULL,''),(73,2131,'','','','','','','','','','','','','','','','','','','','2025-10-28 04:28:39','2025-10-28 04:28:39',NULL,''),(74,2132,'DIAGNOSED WITH ALZHEIMER\'S DISEASE','','','','','','','','','','','','','','','','','','','2025-10-28 04:41:16','2025-10-28 04:41:16',NULL,''),(75,2133,'','','','','','','','','','','','','','','','','','','','2025-10-28 05:50:46','2025-11-18 06:36:38',NULL,''),(76,2134,'CHILDHOOD HISTORY OF NASAL CONGESTION','','','','','','','','','','','','','','','','','','','2025-10-28 06:02:18','2025-10-28 06:02:18',NULL,''),(77,2139,'HPN- ON LOSARTAN, AMLODIPINE','','','','','','','','','','','','','','','','','','','2025-10-30 03:21:39','2025-10-30 03:21:39',NULL,''),(78,2141,'HPN- ON TELMISARTAN (MICARDIS) 40 MG, HYPERCHOLESTEROLEMIA- ON ATORVASTATIN 20 MG','','DELIVERY','','','','','','','','','','','','','','','','','2025-10-30 03:41:11','2025-10-30 03:41:11',NULL,''),(79,2103,'','','','','','','','','','','','','','','','','','','','2025-10-30 03:50:37','2025-10-30 03:50:37',NULL,''),(80,2142,'','','','','','','','','','','','','','','','','','','','2025-10-30 04:15:10','2025-10-30 04:15:10',NULL,''),(81,2143,'','','','','','','','','','','','','','','','','','','','2025-10-30 04:23:39','2025-11-10 05:57:30',NULL,''),(82,2144,'','','','','','','','','','','','','','','','','','','','2025-10-30 04:50:34','2025-10-30 04:50:34',NULL,''),(83,2145,'NOTED SUSPICIOUS NODULE VOCAL CORDS- SEPT 2025, FLEXIBLE LARYNGOSCOPY DONE AT METRO ILOILO','','','','','','','','','','','','','','','','','','','2025-10-30 05:38:17','2025-10-30 05:38:17',NULL,''),(84,2147,'TREATED FOR URTI 1 WEEK PTC','','','','','','','','','','','','','','','','','','','2025-10-30 05:59:51','2025-10-30 05:59:51',NULL,''),(85,2146,'','','','','','','','','','','','','','','','','','','','2025-10-30 06:02:31','2025-10-30 06:02:31',NULL,''),(86,2148,'CONSULTED LAST JUNE FOR EAR INFECTION','','','','','','','','','','','','','','','','','','','2025-10-30 06:09:25','2025-10-30 06:09:25',NULL,''),(87,2150,'','','','','','','','','','','','','','','','','','','','2025-11-03 04:56:35','2025-11-10 05:55:47',NULL,''),(88,2151,'','','','','','','','','','','','','','','','','','','','2025-11-03 05:36:01','2025-11-03 05:36:01',NULL,''),(89,2152,'6 MONTHS PTC, NOTED BACK PAIN','','','','','','','','','','','','','','','','','','','2025-11-03 05:56:53','2025-11-03 05:56:53',NULL,''),(90,2153,'','','','','','','','','','','','','','','','','','','','2025-11-03 06:11:50','2025-11-03 06:11:50',NULL,''),(91,2155,'NO KNOWN CO MORBIDITIES','','','','','','','','','','','','','','','','','','','2025-11-06 03:13:36','2025-11-11 05:21:35',NULL,''),(92,2157,'','','','','','','','','','','','','','','','','','','','2025-11-06 03:26:59','2025-11-06 03:26:59',NULL,''),(93,2158,'','','SEAMAN','','','','','','','','','','','','','','','','','2025-11-06 03:43:26','2025-11-06 03:43:26',NULL,''),(94,2159,'HPN- ON LOSARTAN, INCREASED URIC ACID- ON FEBUXUXTAT','','','','','','','','','','','','','','','','','','','2025-11-06 03:54:08','2025-11-07 05:42:43',NULL,''),(95,2160,'','','','','','','','','','','','','','','','','','','','2025-11-06 04:14:46','2025-11-06 04:14:46',NULL,''),(96,2162,'','','','','','','','','','','','','','','','','','','','2025-11-06 05:15:37','2025-11-11 03:53:47',NULL,''),(97,2163,'BREAST CA- 2023 S/P CHEMO-RADIATION (2024), PSYCHOTIC BEHAVIOR- 2020, HEARING LOSS- NOTED','','','','','','','','','','','','','','','','','','','2025-11-06 05:23:21','2025-11-06 05:23:21',NULL,''),(98,2156,'COCHICINE- 0.5 MG, ATORVASTATIN 40 MG, CLOPIDOGREL 75MG, FISH OMEGA 3 ( 1000MG)','','','','','','','','','','','','','','','','','','','2025-11-06 05:40:15','2025-11-06 05:43:38',NULL,''),(99,2161,'DIABETIC- ON GLICLAZIDE AND TRIGENTA, HISTORY OF SEIZURE DISORDER, HPN- ON  LOSARTAN+ AMLODIPNE 50/5 MG','','','','','','','','','','','','','','','','','','','2025-11-06 06:04:39','2025-11-11 05:30:43',NULL,''),(100,2164,'S/P FESS AND SEPTO RHINOPLASTY 4-17-17, ON AMLODIPNE FOR HPN, ON ZYKAST X 10 DAYS','','','','','','','','','','','','','','','','','','','2025-11-07 03:21:23','2025-11-17 05:29:03',NULL,''),(101,2165,'RECURRENT EPISTAXIS AT 8 YEARS OLD','','','','','','','','','','','','','','','','','','','2025-11-07 03:37:25','2025-11-17 06:34:00',NULL,''),(102,2168,'','','','','','','','','','','','','','','','','','','','2025-11-07 03:45:13','2025-11-17 07:13:46',NULL,''),(103,2169,'DIAGNOSED WITH GOITER COLLEGE YEARS, DIAGNOSED WITH- DIABETES- ON MAINTENANCE- GLIMEPERIDE 2 MG, DAPAGLIFOZIN 10 MG, ATORVASTATIN 20 MG','','','','','','','','','','','','','','','','','','','2025-11-07 04:01:36','2025-11-07 04:01:36',NULL,''),(104,2166,'','','','','','','','','','','','','','','','','','','','2025-11-07 04:14:55','2025-11-07 04:14:55',NULL,''),(105,2170,'','','','','','','','','','','','','','','','','','','','2025-11-07 05:13:58','2025-11-07 05:13:58',NULL,''),(106,2171,'NOTED INCREASED ASO TITER JAN-FEB 2025, GIVEN ANTIBIOTICS','','','','','','','','','','','','','','','','','','','2025-11-07 05:21:50','2025-11-07 05:21:50',NULL,''),(107,2172,'','','','','','','','','','','','','','','','','','','','2025-11-07 05:36:25','2025-11-07 05:36:25',NULL,''),(108,2167,'UNREMARKABLE','','','','','','','','','','','','','','','','','','','2025-11-07 05:54:24','2025-11-07 05:54:24',NULL,''),(109,2177,'MAINTENANCE MEDS PANTOPRAZOLE, MUCONASE, STERIMAR, TRIGENTA, VESSEL DUE F, SERETIDE','','','','','','','','','','','','','','','','','','','2025-11-08 03:21:46','2025-11-21 03:54:55',NULL,''),(110,2173,'','','','','','','','','','','','','','','','','','','','2025-11-08 03:43:24','2025-11-08 03:43:24',NULL,''),(111,2176,'HPN- ON AMLODIPINE LOSARTAN','','','','','','','','','','','','','','','','','','','2025-11-08 03:50:05','2025-11-08 03:50:05',NULL,'FOOD- MEAT AND CHICKEN AND SEAFOOD'),(112,2178,'','','','','','','','','','','','','','','','','','','','2025-11-08 04:18:17','2025-11-08 04:18:17',NULL,''),(113,2191,'HPN- ON LOSARTAN 100 MG','','','','','','','','','','','','','','','','','','','2025-11-10 05:25:18','2025-11-10 05:25:18',NULL,''),(114,2193,'HPN- AMLODIPINE 5MG, NEOBLOC 50MG, DM- GLICLAZIDE 60MG','','','','','','','','','','','','','','','','','','','2025-11-10 05:43:41','2025-11-10 05:43:41',NULL,''),(115,2194,'','','','','','','','','','','','','','','','','','','','2025-11-10 06:06:22','2025-11-10 06:06:22',NULL,'CO-TRIMOXAZOLE'),(116,2192,'','','','','','','','','','','','','','','','','','','','2025-11-10 06:22:26','2025-11-10 06:22:26',NULL,''),(117,2203,'','','','','','','','','','','','','','','','','','','','2025-11-11 03:26:12','2025-11-22 04:30:30',NULL,''),(118,2204,'TREATED FOR OTITIS EXTERNA WITH OTOMYCOSIS, AS LAST SEPT. 19','','','','','','','','','','','','','','','','','','','2025-11-11 03:41:26','2025-11-11 03:41:26',NULL,''),(119,2205,'','','','','','','','','','','','','','','','','','','','2025-11-11 04:03:10','2025-11-11 04:03:10',NULL,''),(120,2207,'WITH RECURRENT NASAL DISCHARGE AND OCCASIONAL EPISTAXIS','','','','','','','','','','','','','','','','','','','2025-11-11 04:59:50','2025-11-11 04:59:50',NULL,''),(121,2206,'ON AND OFF EPISTAXIS','','','','','','','','','','','','','','','','','','','2025-11-11 05:09:04','2025-11-11 05:09:04',NULL,''),(122,2208,'','','','','','','','','','','','','','','','','','','','2025-11-11 05:16:25','2025-11-11 05:16:25',NULL,''),(123,2244,'','','','','','','','','','','','','','','','','','','','2025-11-17 05:40:51','2025-11-17 05:40:51',NULL,''),(124,2243,'','','','','','','','','','','','','','','','','','','','2025-11-17 05:58:59','2025-11-17 05:58:59',NULL,''),(125,2245,'','','','','','','','','','','','','','','','','','','','2025-11-17 06:21:25','2025-11-17 06:21:25',NULL,''),(126,2246,'','','','','','','','','','','','','','','','','','','','2025-11-17 06:40:51','2025-11-24 05:28:47',NULL,''),(127,2247,'','','','','','','','','','','','','','','','','','','','2025-11-17 06:49:35','2025-11-17 06:49:35',NULL,''),(128,2248,'','','','','','','','','','','','','','','','','','','','2025-11-17 07:22:40','2025-11-17 07:22:40',NULL,''),(129,2257,'WITH PREVIOUS HISTORY OF EAR EAR INFECTION- 1 YEAR PTC','','','','','','','','','','','','','','','','','','','2025-11-18 04:42:18','2025-11-18 04:42:18',NULL,''),(130,2258,'','','','','','','','','','','','','','','','','','','','2025-11-18 04:52:40','2025-11-18 04:52:40',NULL,''),(131,2259,'','','','','','','','','','','','','','','','','','','','2025-11-18 05:09:25','2025-11-18 05:09:25',NULL,''),(132,2260,'','','','','','','','','','','','','','','','','','','','2025-11-18 05:41:46','2025-11-18 05:41:46',NULL,''),(133,2261,'','','','','','','','','','','','','','','','','','','','2025-11-18 05:56:07','2025-11-18 05:56:07',NULL,''),(134,2262,'','','','','','','','','','','','','','','','','','','','2025-11-18 06:02:16','2025-11-18 06:02:16',NULL,''),(135,2263,'','','','','','','','','','','','','','','','','','','','2025-11-18 06:11:50','2025-11-18 06:11:50',NULL,''),(136,2264,'','','','','','','','','','','','','','','','','','','','2025-11-18 06:23:50','2025-11-18 06:23:50',NULL,''),(137,2265,'','','','','','','','','','','','','','','','','','','','2025-11-18 06:41:50','2025-11-18 06:41:50',NULL,''),(138,2266,'','','','','','','','','','','','','','','','','','','','2025-11-18 06:54:45','2025-11-22 04:38:36',NULL,''),(139,2267,'','','','','','','','','','','','','','','','','','','','2025-11-20 03:45:50','2025-11-20 03:45:50',NULL,''),(140,2268,'NOTED NASAL CATARRH','','','','','','','','','','','','','','','','','','','2025-11-20 03:52:39','2025-11-20 03:52:39',NULL,''),(141,2271,'S/P MASTOIDECTOMY AS- 2016, WITH HEARING AID - 2021','','','','','','','','','','','','','','','','','','','2025-11-20 04:03:39','2025-11-20 04:03:39',NULL,''),(142,2269,'','','','','','','','','','','','','','','','','','','','2025-11-20 04:10:05','2025-11-20 04:10:05',NULL,''),(143,2270,'HPN-TWINSTA 80 MG, DM-','','','','','','','','','','','','','','','','','','','2025-11-20 04:23:18','2025-11-20 04:23:18',NULL,''),(144,2272,'','','','','','','','','','','','','','','','','','','','2025-11-20 05:34:02','2025-11-20 05:34:02',NULL,''),(145,2273,'','','','','','','','','','','','','','','','','','','','2025-11-20 05:53:04','2025-11-20 05:53:04',NULL,''),(146,2277,'','','','','','','','','','','','','','','','','','','','2025-11-21 04:06:27','2025-11-21 04:06:27',NULL,''),(147,2278,'WITH PREVIOUS HISTORYOF EAR INFECTION 2022','','','','','','','','','','','','','','','','','','','2025-11-21 04:26:15','2025-11-21 04:26:15',NULL,''),(148,2279,'','','','','','','','','','','','','','','','','','','','2025-11-21 04:40:41','2025-11-21 04:40:41',NULL,''),(149,2280,'','','','','','','','','','','','','','','','','','','','2025-11-21 04:48:08','2025-11-21 04:48:08',NULL,''),(150,2281,'','','','','','','','','','','','','','','','','','','','2025-11-21 04:58:28','2025-11-21 04:58:28',NULL,''),(151,2282,'','','','','','','','','','','','','','','','','','','','2025-11-21 06:18:38','2025-11-21 06:18:38',NULL,''),(152,2283,'HPN - TELMISARTAN, DM- CITIGLYPTIN, METFORMIN','','','','','','','','','','','','','','','','','','','2025-11-21 06:26:14','2025-11-21 06:26:14',NULL,''),(153,2284,'','','','','','','','','','','','','','','','','','','','2025-11-22 04:13:20','2025-11-22 04:13:20',NULL,''),(154,2285,'','','','','','','','','','','','','','','','','','','','2025-11-22 04:20:00','2025-11-22 04:20:00',NULL,''),(155,2315,'','','','','','','','','','','','','','','','','','','','2025-11-24 03:35:32','2025-11-24 03:35:32',NULL,''),(156,2314,'','','','','','','','','','','','','','','','','','','','2025-11-24 03:49:30','2025-11-24 03:49:30',NULL,''),(157,2313,'MANGED AT PHIL GEN. HOSPITAL, ON METHIMAZOLE- 20MG 2 TABLETS DAILY, PROPRANOLOL 40 MG 1 TABLET TID','','','','','','','','','','','','','','','','','','','2025-11-24 03:59:36','2025-11-24 03:59:36',NULL,''),(158,2317,'S/P VOCAL CORD STRIPPING FOR NODULE','','','','','','','','','','','','','','','','','','','2025-11-24 04:12:12','2025-11-24 04:12:12',NULL,''),(159,2318,'','','','','','','','','','','','','','','','','','','','2025-11-24 05:23:04','2025-11-24 05:23:04',NULL,'');
/*!40000 ALTER TABLE `health_record` ENABLE KEYS */;
UNLOCK TABLES;

--
-- Table structure for table `health_record_history`
--

DROP TABLE IF EXISTS `health_record_history`;
/*!40101 SET @saved_cs_client     = @@character_set_client */;
/*!50503 SET character_set_client = utf8mb4 */;
CREATE TABLE `health_record_history` (
  `history_id` int NOT NULL AUTO_INCREMENT,
  `consultation_id` int DEFAULT NULL,
  `patient_id` int DEFAULT NULL,
  `past_medical_history` text,
  `family_history` text,
  `personal_social_history` text,
  `bp` varchar(50) DEFAULT NULL,
  `temperature` varchar(10) DEFAULT NULL,
  `pr` varchar(10) DEFAULT NULL,
  `rr` varchar(10) DEFAULT NULL,
  `ht` varchar(10) DEFAULT NULL,
  `wt` varchar(10) DEFAULT NULL,
  `general_appearance` text,
  `skin` text,
  `head_and_face` text,
  `eyes` text,
  `neck` text,
  `chest_lungs` text,
  `heart` text,
  `abdomen` text,
  `extremities` text,
  `neurologic` text,
  `created_at` datetime DEFAULT NULL,
  `updated_at` datetime DEFAULT NULL,
  `allergies` text,
  `recorded_at` timestamp NULL DEFAULT CURRENT_TIMESTAMP,
  PRIMARY KEY (`history_id`)
) ENGINE=InnoDB AUTO_INCREMENT=50 DEFAULT CHARSET=utf8mb4 COLLATE=utf8mb4_0900_ai_ci;
/*!40101 SET character_set_client = @saved_cs_client */;

--
-- Dumping data for table `health_record_history`
--

LOCK TABLES `health_record_history` WRITE;
/*!40000 ALTER TABLE `health_record_history` DISABLE KEYS */;
INSERT INTO `health_record_history` (`history_id`, `consultation_id`, `patient_id`, `past_medical_history`, `family_history`, `personal_social_history`, `bp`, `temperature`, `pr`, `rr`, `ht`, `wt`, `general_appearance`, `skin`, `head_and_face`, `eyes`, `neck`, `chest_lungs`, `heart`, `abdomen`, `extremities`, `neurologic`, `created_at`, `updated_at`, `allergies`, `recorded_at`) VALUES (7,266,2072,'NONE, PAST MEDICAL HISTORY','NONE','NONE','12/80','35.7','12','12','168.00','75.00','NORMAL','NORMAL','anterior neck mass - thyroid','NORMAL','NORMAL','NORMAL','NORMAL','NORMAL','','','2025-10-18 13:27:09','2025-10-23 10:00:03','NONE','2025-10-23 02:25:39'),(8,274,2074,'','','','','','','','','','','','','','','','','','','','2025-10-20 13:02:39','2025-10-20 13:42:00','','2025-10-23 05:58:06'),(9,276,2076,'3 DAYS PTC FALL, CONSULT AT MIHMCI','','','','','','','','','','','','','','','','','','','2025-10-20 13:33:10','2025-10-20 13:33:10','','2025-10-24 03:38:42'),(10,279,2013,'','','','',NULL,NULL,NULL,NULL,NULL,'','','','','','','','','','','2025-10-13 12:11:00','2025-10-18 11:49:00',NULL,'2025-10-24 04:08:46'),(11,286,2044,'azithromycin- 5 days','allergic rhinitis','','',NULL,NULL,NULL,NULL,NULL,'','','','','','','','','','','2025-10-10 12:57:09','2025-10-10 12:57:09',NULL,'2025-10-25 03:44:17'),(12,293,2073,'','','','','','','','','','','','','','','','','','','','2025-10-20 12:50:19','2025-10-20 12:50:19','','2025-10-27 03:45:35'),(13,296,2046,'cough x 1 week','','','',NULL,NULL,NULL,NULL,NULL,'NORMAL','','','','','','','','','','2025-10-10 13:28:24','2025-10-10 13:28:24',NULL,'2025-10-27 04:17:08'),(14,297,2046,'cough x 1 week','','','','','','','','','NORMAL','','','','','','','','','','2025-10-10 13:28:24','2025-10-27 12:17:08','','2025-10-27 04:28:33'),(15,298,2049,'meniere\'s disease 2023','','','',NULL,NULL,NULL,NULL,NULL,'','','','','','','','','','','2025-10-13 11:18:08','2025-10-13 11:18:08',NULL,'2025-10-27 05:14:20'),(16,299,2067,'','','','',NULL,NULL,NULL,NULL,NULL,'','','','','','','','','','','2025-10-17 11:42:09','2025-10-17 11:42:09',NULL,'2025-10-27 05:29:57'),(17,304,2077,'NOTED DRY SKIN AND FLAKES, LEFT EAR','','','','','','','','','','','','','','','','','','','2025-10-20 13:15:16','2025-10-20 13:15:16','','2025-10-27 06:30:13'),(18,307,2095,'','','','','','','','','','','','','','','','','','','','2025-10-24 13:13:04','2025-10-24 13:13:04','','2025-10-28 04:19:38'),(19,310,2080,'','','','','','','','','','','','','','','','','','','','2025-10-21 14:08:57','2025-10-21 14:08:57','','2025-10-28 04:52:17'),(20,311,2054,'','','','',NULL,NULL,NULL,NULL,NULL,'','','','','','','','','','','2025-10-13 14:11:42','2025-10-13 14:11:42',NULL,'2025-10-28 05:33:29'),(21,315,2108,'','','','','','','','','','','','','','','','','','','','2025-10-27 11:36:05','2025-10-27 11:36:05','','2025-10-30 03:36:24'),(22,320,2143,'','','','','','','','','','','','','','','','','','','','2025-10-30 12:23:39','2025-10-30 12:23:39','','2025-10-30 04:26:20'),(23,327,2113,'','','','','','','','','','','','','','','','','','','','2025-10-27 11:59:51','2025-10-27 11:59:51','','2025-11-03 05:06:55'),(24,328,2112,'ON KETOANALOGUES','','','','','','','','','','','','','','','','','','','2025-10-27 11:26:58','2025-10-27 11:26:58','','2025-11-03 05:16:10'),(25,329,2081,'ON AND OFF EAR DISCHARGE SINCE 2017','','','','','','','','','','','','','','','','','','','2025-10-21 14:26:08','2025-10-21 14:26:08','','2025-11-03 05:27:29'),(26,335,2129,'','','','','','','','','','','','','','','','','','','','2025-10-28 12:06:40','2025-10-28 12:06:40','','2025-11-06 03:37:38'),(27,342,2156,'','','','','','','','','','','','','','','','','','','','2025-11-06 13:40:15','2025-11-06 13:40:15','','2025-11-06 05:43:38'),(28,343,2090,'3 YEARS NOTED FUNGAL INFECTION','','','','','','','','','','','','','','','','','','','2025-10-23 12:17:21','2025-10-23 12:17:21','','2025-11-06 05:51:27'),(29,345,2143,'','','','','','','','','','','','','','','','','','','','2025-10-30 12:23:39','2025-10-30 12:26:20','','2025-11-06 06:10:59'),(30,354,2159,'HPN- ON LOSARTAN, INCREASED URIC ACID- ON FEBUXUXTAT','','','','','','','','','','','','','','','','','','','2025-11-06 11:54:08','2025-11-06 11:54:08','','2025-11-07 05:42:43'),(31,359,2009,'ALLERGIC RHINITIS','','','','','','','','','','','','','','','','','','','2025-10-25 11:11:57','2025-10-25 11:11:57','','2025-11-08 03:59:25'),(32,363,2150,'','','','','','','','','','','','','','','','','','','','2025-11-03 12:56:35','2025-11-03 12:56:35','','2025-11-10 05:55:47'),(33,364,2143,'','','','','','','','','','','','','','','','','','','','2025-10-30 12:23:39','2025-11-06 14:10:59','','2025-11-10 05:57:30'),(34,369,2162,'','','','','','','','','','','','','','','','','','','','2025-11-06 13:15:37','2025-11-06 13:15:37','','2025-11-11 03:53:47'),(35,374,2155,'NO KNOWN CO MORBIDITIES','','','','','','','','','','','','','','','','','','','2025-11-06 11:13:36','2025-11-06 11:13:36','','2025-11-11 05:21:35'),(36,375,2161,'DIABETIC- ON GLICLAZIDE AND TRIGENTA, HISTORY OF SEIZURE DISORDER, HPN- ON  LOSARTAN+ AMLODIPNE 50/5 MG','','','','','','','','','','','','','','','','','','','2025-11-06 14:04:39','2025-11-06 14:04:39','','2025-11-11 05:30:43'),(37,376,2164,'S/P FESS AND SEPTO RHINOPLASTY 4-17-17, ON AMLODIPNE FOR HPN, ON ZYKAST X 10 DAYS','','','','','','','','','','','','','','','','','','','2025-11-07 11:21:23','2025-11-07 11:21:23','','2025-11-17 05:29:03'),(38,380,2165,'RECURRENT EPISTAXIS AT 8 YEARS OLD','','','','','','','','','','','','','','','','','','','2025-11-07 11:37:25','2025-11-07 11:37:25','','2025-11-17 06:34:00'),(39,383,2054,'','','','','','','','','','','','','','','','','','','','2025-10-13 14:11:42','2025-10-28 13:33:29','','2025-11-17 07:02:06'),(40,384,2168,'','','','','','','','','','','','','','','','','','','','2025-11-07 11:45:13','2025-11-07 11:45:13','','2025-11-17 07:13:46'),(41,386,2099,'MAINTAINED- AMLODIPINE, TRIMETHACIDINE, CARVEDILOL, CLOPIDOGREL AND ATORVASTATIN','','','','','','','','','','','','','','','','','','','2025-10-25 11:27:57','2025-10-25 11:27:57','','2025-11-18 04:19:29'),(42,395,2133,'','','','','','','','','','','','','','','','','','','','2025-10-28 13:50:46','2025-10-28 13:50:46','','2025-11-18 06:36:38'),(43,405,2177,'MAINTENANCE MEDS PANTOPRAZOLE, MUCONASE, STERIMAR, TRIGENTA, VESSEL DUE F, SERETIDE','','','','','','','','','','','','','','','','','','','2025-11-08 11:21:46','2025-11-08 11:21:46','','2025-11-21 03:54:55'),(44,415,2203,'','','','','','','','','','','','','','','','','','','','2025-11-11 11:26:12','2025-11-11 11:26:12','','2025-11-22 04:30:30'),(45,416,2266,'','','','','','','','','','','','','','','','','','','','2025-11-18 14:54:45','2025-11-18 14:54:45','','2025-11-22 04:38:36'),(46,417,2099,'MAINTAINED- AMLODIPINE, TRIMETHACIDINE, CARVEDILOL, CLOPIDOGREL AND ATORVASTATIN','','','','','','','','','','','','','','','','','','','2025-10-25 11:27:57','2025-11-18 12:19:29','','2025-11-24 03:26:25'),(47,423,2246,'','','','','','','','','','','','','','','','','','','','2025-11-17 14:40:51','2025-11-17 14:40:51','','2025-11-24 05:28:47'),(48,424,2009,'ALLERGIC RHINITIS','','','','','','','','','','','','','','','','','','','2025-10-25 11:11:57','2025-11-08 11:59:25','','2025-11-25 03:15:02'),(49,427,2013,'','','','','','','','','','','','','','','','','','','','2025-10-13 12:11:00','2025-10-24 12:08:46','','2025-11-25 03:53:38');
/*!40000 ALTER TABLE `health_record_history` ENABLE KEYS */;
UNLOCK TABLES;

--
-- Table structure for table `invoice_items`
--

DROP TABLE IF EXISTS `invoice_items`;
/*!40101 SET @saved_cs_client     = @@character_set_client */;
/*!50503 SET character_set_client = utf8mb4 */;
CREATE TABLE `invoice_items` (
  `invoice_item_id` int NOT NULL AUTO_INCREMENT,
  `invoice_id` int DEFAULT NULL,
  `item_id` int DEFAULT NULL,
  `quantity` int DEFAULT NULL,
  `unit_price` decimal(10,2) DEFAULT NULL,
  `total_price` decimal(10,2) DEFAULT NULL,
  `prescription_id` int DEFAULT NULL,
  PRIMARY KEY (`invoice_item_id`),
  KEY `invoice_id` (`invoice_id`),
  CONSTRAINT `invoice_items_ibfk_1` FOREIGN KEY (`invoice_id`) REFERENCES `invoices` (`invoice_id`)
) ENGINE=InnoDB AUTO_INCREMENT=290 DEFAULT CHARSET=utf8mb4 COLLATE=utf8mb4_0900_ai_ci;
/*!40101 SET character_set_client = @saved_cs_client */;

--
-- Dumping data for table `invoice_items`
--

LOCK TABLES `invoice_items` WRITE;
/*!40000 ALTER TABLE `invoice_items` DISABLE KEYS */;
INSERT INTO `invoice_items` (`invoice_item_id`, `invoice_id`, `item_id`, `quantity`, `unit_price`, `total_price`, `prescription_id`) VALUES (101,214,18,2,450.00,900.00,84),(102,214,10,6,35.00,210.00,85),(103,214,16,1,40.00,40.00,86),(104,215,27,14,55.00,770.00,NULL),(105,216,22,1,550.00,550.00,88),(106,216,12,10,65.00,650.00,89),(107,217,19,1,550.00,550.00,93),(108,218,23,21,25.00,525.00,94),(109,219,15,1,400.00,400.00,NULL),(110,219,16,10,40.00,400.00,NULL),(111,220,16,5,40.00,200.00,NULL),(112,221,17,1,450.00,450.00,NULL),(113,222,19,1,550.00,550.00,NULL),(114,223,13,7,75.00,525.00,96),(115,223,10,6,35.00,210.00,97),(116,223,22,1,550.00,550.00,95),(117,224,22,1,550.00,550.00,100),(118,224,13,14,75.00,1050.00,101),(119,224,26,10,35.00,350.00,102),(120,225,22,1,550.00,550.00,103),(121,226,15,1,400.00,400.00,106),(122,227,13,10,75.00,750.00,108),(123,227,15,1,400.00,400.00,109),(124,227,10,1,35.00,35.00,110),(125,228,12,14,65.00,910.00,116),(126,228,14,1,550.00,550.00,115),(127,229,27,14,55.00,770.00,120),(128,229,15,1,400.00,400.00,121),(129,230,19,1,550.00,550.00,125),(130,231,15,3,400.00,1200.00,123),(131,231,26,10,35.00,350.00,124),(132,231,13,14,75.00,1050.00,122),(133,232,16,5,40.00,200.00,127),(134,232,19,1,550.00,550.00,126),(135,233,23,21,25.00,525.00,128),(136,233,26,10,35.00,350.00,129),(137,234,15,1,400.00,400.00,NULL),(138,235,23,21,25.00,525.00,133),(139,236,27,14,55.00,770.00,134),(140,236,22,1,550.00,550.00,135),(141,236,10,6,35.00,210.00,136),(142,237,19,1,550.00,550.00,137),(143,237,27,14,55.00,770.00,138),(144,237,10,6,35.00,210.00,139),(145,238,23,21,25.00,525.00,142),(146,239,26,10,35.00,350.00,143),(147,240,15,1,400.00,400.00,146),(148,241,27,14,55.00,770.00,149),(149,241,15,1,400.00,400.00,150),(150,242,19,1,550.00,550.00,151),(151,243,22,1,550.00,550.00,156),(152,244,27,14,55.00,770.00,152),(153,244,15,1,400.00,400.00,153),(154,244,26,10,35.00,350.00,154),(155,245,28,30,25.00,750.00,158),(156,246,22,1,550.00,550.00,159),(157,246,27,14,55.00,770.00,160),(158,247,22,1,550.00,550.00,162),(159,248,16,30,40.00,1200.00,167),(160,249,22,1,550.00,550.00,168),(161,249,28,30,25.00,750.00,169),(162,250,22,1,550.00,550.00,170),(163,250,27,14,55.00,770.00,171),(164,251,15,1,400.00,400.00,172),(165,252,26,5,35.00,175.00,174),(166,252,23,15,25.00,375.00,173),(167,253,19,1,550.00,550.00,175),(168,254,15,1,400.00,400.00,176),(169,255,19,1,550.00,550.00,177),(170,255,28,30,25.00,750.00,178),(171,255,10,10,35.00,350.00,179),(172,256,16,30,40.00,1200.00,NULL),(173,257,19,1,550.00,550.00,180),(174,257,27,14,55.00,770.00,181),(175,258,19,1,550.00,550.00,182),(176,259,19,1,550.00,550.00,185),(177,259,16,30,40.00,1200.00,184),(178,260,16,5,40.00,200.00,190),(179,261,19,1,550.00,550.00,191),(180,262,19,1,550.00,550.00,192),(181,263,12,14,65.00,910.00,193),(182,264,19,1,550.00,550.00,196),(183,265,16,30,40.00,1200.00,210),(184,266,17,1,450.00,450.00,211),(185,266,26,10,35.00,350.00,212),(186,267,22,1,550.00,550.00,218),(187,268,28,30,25.00,750.00,219),(188,269,13,14,75.00,1050.00,NULL),(189,270,15,1,400.00,400.00,NULL),(190,271,15,1,400.00,400.00,221),(191,271,16,20,40.00,800.00,220),(192,272,27,14,55.00,770.00,222),(193,272,15,1,400.00,400.00,223),(194,273,23,21,25.00,525.00,224),(195,273,24,10,35.00,350.00,225),(196,273,18,1,450.00,450.00,226),(197,274,15,1,400.00,400.00,227),(198,274,27,14,55.00,770.00,228),(199,275,17,1,450.00,450.00,229),(200,275,27,14,55.00,770.00,230),(201,275,23,21,25.00,525.00,231),(202,275,26,10,35.00,350.00,232),(203,276,19,1,550.00,550.00,234),(204,277,14,1,550.00,550.00,235),(205,277,23,21,25.00,525.00,236),(206,278,19,1,550.00,550.00,237),(207,279,16,30,40.00,1200.00,239),(208,280,29,1,550.00,550.00,240),(209,280,24,10,35.00,350.00,241),(210,280,23,21,25.00,525.00,242),(211,281,19,1,550.00,550.00,243),(212,282,32,1,600.00,600.00,244),(213,282,23,6,25.00,150.00,245),(214,282,26,7,35.00,245.00,246),(215,283,26,7,35.00,245.00,248),(216,284,13,7,75.00,525.00,NULL),(217,285,16,30,40.00,1200.00,NULL),(218,286,19,1,550.00,550.00,253),(219,287,22,1,550.00,550.00,257),(220,288,15,1,400.00,400.00,NULL),(221,289,19,1,550.00,550.00,258),(222,289,32,1,600.00,600.00,259),(223,290,16,30,40.00,1200.00,262),(224,291,17,1,450.00,450.00,261),(225,292,15,1,400.00,400.00,263),(226,293,22,1,550.00,550.00,NULL),(227,294,16,30,40.00,1200.00,NULL),(228,295,17,6,450.00,2700.00,NULL),(229,296,23,21,25.00,525.00,264),(230,297,20,1,780.00,780.00,265),(231,298,16,30,40.00,1200.00,266),(232,299,15,1,400.00,400.00,267),(233,300,32,1,600.00,600.00,271),(234,300,14,1,550.00,550.00,272),(235,301,23,21,25.00,525.00,269),(236,302,29,1,550.00,550.00,273),(237,303,22,1,550.00,550.00,275),(238,304,19,1,550.00,550.00,279),(239,304,32,1,600.00,600.00,280),(240,305,19,1,550.00,550.00,283),(241,306,20,1,780.00,780.00,285),(242,306,27,14,55.00,770.00,286),(243,307,19,1,550.00,550.00,NULL),(244,308,23,8,25.00,200.00,290),(245,309,19,1,550.00,550.00,291),(246,310,27,14,55.00,770.00,292),(247,310,19,1,550.00,550.00,293),(248,311,14,1,550.00,550.00,295),(249,311,23,21,25.00,525.00,296),(250,312,16,10,40.00,400.00,294),(251,313,23,21,25.00,525.00,297),(252,313,24,10,35.00,350.00,298),(253,313,32,1,600.00,600.00,300),(254,313,26,14,35.00,490.00,301),(255,314,9,1,350.00,350.00,307),(256,314,27,10,55.00,550.00,306),(257,315,13,10,75.00,750.00,NULL),(258,316,24,7,35.00,245.00,309),(259,316,26,14,35.00,490.00,310),(260,316,23,21,25.00,525.00,308),(261,317,22,1,550.00,550.00,315),(262,317,27,14,55.00,770.00,316),(263,318,27,14,55.00,770.00,313),(264,318,22,1,550.00,550.00,314),(265,319,19,1,550.00,550.00,317),(266,320,19,1,550.00,550.00,320),(267,321,16,30,40.00,1200.00,NULL),(268,322,15,1,400.00,400.00,323),(269,322,12,14,65.00,910.00,324),(270,322,26,10,35.00,350.00,326),(271,322,14,1,550.00,550.00,327),(272,323,9,1,350.00,350.00,328),(273,324,24,10,35.00,350.00,NULL),(274,325,19,1,550.00,550.00,329),(275,326,27,4,55.00,220.00,332),(276,327,28,8,25.00,200.00,333),(277,328,12,14,65.00,910.00,334),(278,328,14,1,550.00,550.00,335),(279,329,19,1,550.00,550.00,336),(280,330,16,30,40.00,1200.00,NULL),(281,331,16,30,40.00,1200.00,337),(282,332,26,5,35.00,175.00,339),(283,332,15,1,400.00,400.00,141),(284,333,15,2,400.00,800.00,342),(285,333,26,10,35.00,350.00,341),(286,334,23,21,25.00,525.00,344),(287,334,26,20,35.00,700.00,345),(288,334,32,1,600.00,600.00,343),(289,335,15,1,400.00,400.00,NULL);
/*!40000 ALTER TABLE `invoice_items` ENABLE KEYS */;
UNLOCK TABLES;
/*!50003 SET @saved_cs_client      = @@character_set_client */ ;
/*!50003 SET @saved_cs_results     = @@character_set_results */ ;
/*!50003 SET @saved_col_connection = @@collation_connection */ ;
/*!50003 SET character_set_client  = utf8mb4 */ ;
/*!50003 SET character_set_results = utf8mb4 */ ;
/*!50003 SET collation_connection  = utf8mb4_0900_ai_ci */ ;
/*!50003 SET @saved_sql_mode       = @@sql_mode */ ;
/*!50003 SET sql_mode              = 'ONLY_FULL_GROUP_BY,STRICT_TRANS_TABLES,NO_ZERO_IN_DATE,NO_ZERO_DATE,ERROR_FOR_DIVISION_BY_ZERO,NO_ENGINE_SUBSTITUTION' */ ;
DELIMITER ;;
/*!50003 CREATE*/ /*!50017 DEFINER=`root`@`localhost`*/ /*!50003 TRIGGER `after_invoice_item_insert` AFTER INSERT ON `invoice_items` FOR EACH ROW BEGIN
    -- Only proceed if the inserted row has a prescription_id
    IF NEW.prescription_id IS NOT NULL THEN
        -- Insert prescription data into dispense_prescription
        INSERT INTO dispense_prescription (prescription_id, patient_id, item_id, quantity, invoice_item_id)
        SELECT p.prescription_id, p.patient_id, p.item_id, p.quantity, NEW.invoice_item_id
        FROM prescription p
        WHERE p.prescription_id = NEW.prescription_id;

        -- Only delete if the insert affected 1 row
        IF ROW_COUNT() = 1 THEN
            DELETE FROM prescription WHERE prescription_id = NEW.prescription_id;
        END IF;
    END IF;
END */;;
DELIMITER ;
/*!50003 SET sql_mode              = @saved_sql_mode */ ;
/*!50003 SET character_set_client  = @saved_cs_client */ ;
/*!50003 SET character_set_results = @saved_cs_results */ ;
/*!50003 SET collation_connection  = @saved_col_connection */ ;

--
-- Table structure for table `invoices`
--

DROP TABLE IF EXISTS `invoices`;
/*!40101 SET @saved_cs_client     = @@character_set_client */;
/*!50503 SET character_set_client = utf8mb4 */;
CREATE TABLE `invoices` (
  `invoice_id` int NOT NULL AUTO_INCREMENT,
  `customer_name` varchar(255) DEFAULT NULL,
  `invoice_date` datetime DEFAULT CURRENT_TIMESTAMP,
  `subtotal` decimal(10,2) DEFAULT NULL,
  `discount_amount` decimal(10,2) DEFAULT NULL,
  `net_total` decimal(10,2) DEFAULT NULL,
  `amount_received` decimal(10,2) DEFAULT '0.00',
  `change_due` decimal(10,2) DEFAULT '0.00',
  `invoice_type` varchar(20) DEFAULT NULL,
  `note` varchar(100) DEFAULT NULL,
  `discount_percent` varchar(45) DEFAULT NULL,
  PRIMARY KEY (`invoice_id`)
) ENGINE=InnoDB AUTO_INCREMENT=336 DEFAULT CHARSET=utf8mb4 COLLATE=utf8mb4_0900_ai_ci;
/*!40101 SET character_set_client = @saved_cs_client */;

--
-- Dumping data for table `invoices`
--

LOCK TABLES `invoices` WRITE;
/*!40000 ALTER TABLE `invoices` DISABLE KEYS */;
INSERT INTO `invoices` (`invoice_id`, `customer_name`, `invoice_date`, `subtotal`, `discount_amount`, `net_total`, `amount_received`, `change_due`, `invoice_type`, `note`, `discount_percent`) VALUES (214,'Duzy D Buzz. Jr.','2025-10-18 13:41:14',1150.00,115.00,1035.00,2000.00,965.00,'ITEMS','senior citizen','10'),(215,'Walk-in','2025-10-18 13:46:52',770.00,0.00,770.00,1000.00,230.00,'ITEMS','','0'),(216,'Duzy D Buzz. Jr.','2025-10-18 13:51:27',1200.00,0.00,1200.00,1500.00,300.00,'ITEMS','','0'),(217,'Esquera, Raymunda E.','2025-10-20 13:01:12',550.00,0.00,550.00,550.00,0.00,'ITEMS','','0'),(218,'Sondia, Dwight Derek S.','2025-10-20 13:17:40',525.00,0.00,525.00,525.00,0.00,'ITEMS','','0'),(219,'Walk-in','2025-10-20 13:24:08',800.00,0.00,800.00,1000.00,200.00,'ITEMS','','0'),(220,'Walk-in','2025-10-20 13:47:10',200.00,0.00,200.00,200.00,0.00,'ITEMS','','0'),(221,'Walk-in','2025-10-20 13:52:41',450.00,0.00,450.00,450.00,0.00,'ITEMS','','0'),(222,'Walk-in','2025-10-20 13:53:45',550.00,0.00,550.00,550.00,0.00,'ITEMS','','0'),(223,'Luceno, Leona M.','2025-10-21 14:26:39',1285.00,0.00,1285.00,1285.00,0.00,'ITEMS','','0'),(224,'Cuben, Renato  P.','2025-10-21 14:36:45',1950.00,0.00,1950.00,1950.00,0.00,'ITEMS','','0'),(225,'Jardeloza, Ma. Wella Lou  A.','2025-10-21 14:46:18',550.00,0.00,550.00,550.00,0.00,'ITEMS','','0'),(226,'Aris, Mayrel  P.','2025-10-21 14:58:47',400.00,0.00,400.00,400.00,0.00,'ITEMS','','0'),(227,'Narte, Krisxan  B.','2025-10-21 15:12:10',1185.00,0.00,1185.00,1185.00,0.00,'ITEMS','','0'),(228,'Legaspi, Rubina  P.','2025-10-23 11:41:33',1460.00,0.00,1460.00,1460.00,0.00,'ITEMS','','0'),(229,'Sison, Alona  M.','2025-10-23 12:10:04',1170.00,0.00,1170.00,1170.00,0.00,'ITEMS','','0'),(230,'Aguihap, Kyross Daniel  G.','2025-10-23 13:11:12',550.00,0.00,550.00,550.00,0.00,'ITEMS','','0'),(231,'Stuertz, Rosalla  C.','2025-10-23 13:12:06',2600.00,0.00,2600.00,2600.00,0.00,'ITEMS','','0'),(232,'Consumo, Joviewin  C.','2025-10-23 13:27:01',750.00,0.00,750.00,750.00,0.00,'ITEMS','','0'),(233,'Esgrina, Beljohn  G.','2025-10-23 13:41:26',875.00,0.00,875.00,875.00,0.00,'ITEMS','','0'),(234,'Walk-in','2025-10-24 12:04:21',400.00,0.00,400.00,400.00,0.00,'ITEMS','','0'),(235,'Cachuela, Grace C.','2025-10-24 12:13:41',525.00,0.00,525.00,525.00,0.00,'ITEMS','','0'),(236,'Luna, Angela  P.','2025-10-24 13:25:06',1530.00,0.00,1530.00,1530.00,0.00,'ITEMS','','0'),(237,'Recote, Jocelyn  B.','2025-10-25 10:56:08',1530.00,0.00,1530.00,1530.00,0.00,'ITEMS','','0'),(238,'Villarma, Genefer G.','2025-10-25 11:17:35',525.00,0.00,525.00,525.00,0.00,'ITEMS','','0'),(239,'Villarma, Genefer G.','2025-10-25 11:36:33',350.00,0.00,350.00,350.00,0.00,'ITEMS','','0'),(240,'Omagtang, Elna Mae  L.','2025-10-25 12:23:21',400.00,0.00,400.00,400.00,0.00,'ITEMS','','0'),(241,'Artus, Roman V.','2025-10-25 13:11:26',1170.00,0.00,1170.00,1170.00,0.00,'ITEMS','','0'),(242,'Factuar, Renz Phylis  G.','2025-10-27 11:27:41',550.00,0.00,550.00,550.00,0.00,'ITEMS','','0'),(243,'Gambito, John Francis  G.','2025-10-27 11:40:17',550.00,0.00,550.00,550.00,0.00,'ITEMS','','0'),(244,'Gonzales, Violenda  L.','2025-10-27 11:45:18',1520.00,0.00,1520.00,1520.00,0.00,'ITEMS','','0'),(245,'Esquera, Raymundo E.','2025-10-27 11:52:47',750.00,0.00,750.00,750.00,0.00,'ITEMS','','0'),(246,'Espino, Gloria  D.','2025-10-27 12:05:07',1320.00,0.00,1320.00,1320.00,0.00,'ITEMS','','0'),(247,'Saballa, Melinda  F.','2025-10-27 12:11:29',550.00,0.00,550.00,550.00,0.00,'ITEMS','','0'),(248,'Banares, Karl Benjie D.','2025-10-27 13:20:49',1200.00,0.00,1200.00,1200.00,0.00,'ITEMS','','0'),(249,'Aguilano, Glenn B.','2025-10-27 13:42:17',1300.00,0.00,1300.00,1300.00,0.00,'ITEMS','','0'),(250,'Tacsagon, Rongie  C.','2025-10-27 13:57:27',1320.00,0.00,1320.00,1320.00,0.00,'ITEMS','','0'),(251,'Suarez, Vin Enrique  A.','2025-10-27 14:09:58',400.00,0.00,400.00,400.00,0.00,'ITEMS','','0'),(252,'Bides, Rose Raquel  Z.','2025-10-27 14:29:08',550.00,0.00,550.00,550.00,0.00,'ITEMS','','0'),(253,'Zambra, Candice  P.','2025-10-27 14:30:03',550.00,0.00,550.00,550.00,0.00,'ITEMS','','0'),(254,'Garbino, Salvacion C.','2025-10-27 14:37:24',400.00,80.00,320.00,320.00,0.00,'ITEMS','','20'),(255,'Catalan, Rosalinda  P.','2025-10-27 14:45:24',1650.00,165.00,1485.00,1485.00,0.00,'ITEMS','','10'),(256,'Walk-in','2025-10-28 10:50:38',1200.00,0.00,1200.00,1200.00,0.00,'ITEMS','','0'),(257,'Pedregosa, Lv Marie  C.','2025-10-28 12:12:03',1320.00,0.00,1320.00,1320.00,0.00,'ITEMS','','0'),(258,'Cervatos, Yzra Marielle  I.','2025-10-28 12:32:16',550.00,0.00,550.00,550.00,0.00,'ITEMS','','0'),(259,'Siaotong, Romeo  M.','2025-10-28 12:47:17',1750.00,350.00,1400.00,1400.00,0.00,'ITEMS','','20'),(260,'Hulleza, Christopher  S.','2025-10-30 11:45:55',200.00,0.00,200.00,200.00,0.00,'ITEMS','','0'),(261,'Gumapas, Ethan Kiel  G.','2025-10-30 12:19:02',550.00,0.00,550.00,550.00,0.00,'ITEMS','','0'),(262,'Austria, Romano  E.','2025-10-30 12:55:07',550.00,0.00,550.00,550.00,0.00,'ITEMS','','0'),(263,'Areno, Mary Joy  M.','2025-10-30 13:43:20',910.00,0.00,910.00,910.00,0.00,'ITEMS','','0'),(264,'Mejia, Paul Johnrick  T.','2025-10-30 14:04:11',550.00,0.00,550.00,550.00,0.00,'ITEMS','','0'),(265,'Mendoza, Ninfa  C.','2025-11-06 11:21:00',1200.00,120.00,1080.00,1080.00,0.00,'ITEMS','','10'),(266,'Bungubung, Huden Ray  T.','2025-11-06 11:49:57',800.00,0.00,800.00,800.00,0.00,'ITEMS','','0'),(267,'Bernas, Samuel  O.','2025-11-06 13:18:39',550.00,55.00,495.00,495.00,0.00,'ITEMS','','10'),(268,'Gulmatico, Ma. Catherine  A.','2025-11-06 13:33:00',750.00,0.00,750.00,750.00,0.00,'ITEMS','','0'),(269,'Walk-in','2025-11-06 13:40:01',1050.00,0.00,1050.00,1050.00,0.00,'ITEMS','','0'),(270,'Walk-in','2025-11-06 13:40:37',400.00,0.00,400.00,400.00,0.00,'ITEMS','','0'),(271,'Stuertz, Rosalla  C.','2025-11-06 13:58:29',1200.00,0.00,1200.00,1200.00,0.00,'ITEMS','','0'),(272,'Dionio, Marieta  L.','2025-11-06 14:09:59',1170.00,117.00,1053.00,1053.00,0.00,'ITEMS','','10'),(273,'Caumban, Jayme  A.','2025-11-07 11:28:48',1325.00,0.00,1325.00,1500.00,175.00,'ITEMS','','0'),(274,'Balsamo, Ma. Mina. Zofia  A.','2025-11-07 11:43:32',1170.00,0.00,1170.00,1170.00,0.00,'ITEMS','','0'),(275,'Daquinan, Christian Vic  C.','2025-11-07 11:53:07',2095.00,0.00,2095.00,2095.00,0.00,'ITEMS','','0'),(276,'Cabello, Arieh Nathaniel  D.','2025-11-07 12:22:03',550.00,0.00,550.00,550.00,0.00,'ITEMS','gcash','0'),(277,'Casio, Porferio  Jr. B.','2025-11-07 13:30:35',1075.00,0.00,1075.00,1075.00,0.00,'ITEMS','gcash','0'),(278,'Gayomali, Jeonar  L.','2025-11-07 13:42:39',550.00,0.00,550.00,550.00,0.00,'ITEMS','','0'),(279,'Boctil, Rizal  B.','2025-11-07 14:01:57',1200.00,0.00,1200.00,1200.00,0.00,'ITEMS','','0'),(280,'Capalla, Victoria  L.','2025-11-08 11:34:24',1425.00,0.00,1425.00,1425.00,0.00,'ITEMS','','0'),(281,'Buni, Trisha Anne  E.','2025-11-08 11:45:48',550.00,0.00,550.00,550.00,0.00,'ITEMS','','0'),(282,'Pueda, Airien  H.','2025-11-08 12:03:25',995.00,0.00,995.00,995.00,0.00,'ITEMS','','0'),(283,'Villarma, Genefer G.','2025-11-08 12:05:42',245.00,0.00,245.00,245.00,0.00,'ITEMS','','0'),(284,'Araojo, Lance Gabriel  S.','2025-11-08 12:56:00',525.00,0.00,525.00,525.00,0.00,'ITEMS','c/o doc','0'),(285,'Walk-in','2025-11-10 11:08:37',1200.00,0.00,1200.00,1200.00,0.00,'ITEMS','','0'),(286,'Porras, Zachary Jeff  M.','2025-11-11 11:31:25',550.00,0.00,550.00,550.00,0.00,'ITEMS','','0'),(287,'Tabuada, Analyn  J.','2025-11-11 12:05:37',550.00,0.00,550.00,550.00,0.00,'ITEMS','','0'),(288,'Habawel, Chardelle Athena  G.','2025-11-11 13:08:42',400.00,0.00,400.00,400.00,0.00,'ITEMS','','0'),(289,'Habawel, Chardelle Athena  G.','2025-11-11 13:17:33',1150.00,0.00,1150.00,1150.00,0.00,'ITEMS','','0'),(290,'Naranjilla, Lorenzo  C.','2025-11-11 13:22:10',1200.00,0.00,1200.00,1200.00,0.00,'ITEMS','','0'),(291,'Habawel, Erynn Dominique  G.','2025-11-11 13:22:48',450.00,0.00,450.00,450.00,0.00,'ITEMS','','0'),(292,'Dionio, Marieta  L.','2025-11-11 13:33:46',400.00,0.00,400.00,400.00,0.00,'ITEMS','','0'),(293,'Walk-in','2025-11-13 12:45:46',550.00,0.00,550.00,550.00,0.00,'ITEMS','','0'),(294,'Walk-in','2025-11-14 11:34:23',1200.00,0.00,1200.00,1200.00,0.00,'ITEMS','','0'),(295,'Walk-in','2025-11-14 13:31:40',2700.00,0.00,2700.00,2700.00,0.00,'ITEMS','','0'),(296,'Caumban, Jayme  A.','2025-11-17 13:33:35',525.00,0.00,525.00,525.00,0.00,'ITEMS','','0'),(297,'De La Cruz, Airene  A.','2025-11-17 13:43:43',780.00,0.00,780.00,780.00,0.00,'ITEMS','','0'),(298,'Vilonero, Kim John  M.','2025-11-17 14:28:27',1200.00,0.00,1200.00,1200.00,0.00,'ITEMS','','0'),(299,'Balsamo, Ma. Mina. Zofia  A.','2025-11-17 14:37:11',400.00,0.00,400.00,400.00,0.00,'ITEMS','','0'),(300,'Cuenca, Kent Ivan  D.','2025-11-17 14:55:13',1150.00,0.00,1150.00,1150.00,0.00,'ITEMS','','0'),(301,'Capaniarihan, Estrella  G.','2025-11-17 15:16:03',525.00,0.00,525.00,525.00,0.00,'ITEMS','','0'),(302,'Daquinan, Christian Vic  C.','2025-11-17 15:19:12',550.00,0.00,550.00,550.00,0.00,'ITEMS','','0'),(303,'Palotes, Erica  N.','2025-11-18 12:45:40',550.00,0.00,550.00,550.00,0.00,'ITEMS','','0'),(304,'Remegio, Cassey Allana  M.','2025-11-18 12:58:22',1150.00,0.00,1150.00,1150.00,0.00,'ITEMS','','0'),(305,'Torres, Philina  D.','2025-11-18 14:08:14',550.00,0.00,550.00,550.00,0.00,'ITEMS','','0'),(306,'Cubar, Cheny Jen  E.','2025-11-18 14:22:12',1550.00,0.00,1550.00,1550.00,0.00,'ITEMS','','0'),(307,'Walk-in','2025-11-18 14:56:42',550.00,0.00,550.00,550.00,0.00,'ITEMS','','0'),(308,'Chu, Nannah  T.','2025-11-18 15:01:03',200.00,0.00,200.00,200.00,0.00,'ITEMS','','0'),(309,'Barte, Aimee Marie  S.','2025-11-20 12:54:12',550.00,0.00,550.00,550.00,0.00,'ITEMS','','0'),(310,'Garcia, Prince Joemarie  G.','2025-11-20 12:54:53',1320.00,0.00,1320.00,1320.00,0.00,'ITEMS','','0'),(311,'Loriega, France Raeven  M.','2025-11-20 12:55:15',1075.00,0.00,1075.00,1075.00,0.00,'ITEMS','','0'),(312,'Marquez, Genalyn  A.','2025-11-20 12:55:41',400.00,0.00,400.00,400.00,0.00,'ITEMS','','0'),(313,'Pedrajas, Novie  P.','2025-11-20 12:56:18',1965.00,0.00,1965.00,1965.00,0.00,'ITEMS','','0'),(314,'Pablo, Ana Rose  O.','2025-11-20 14:06:57',900.00,0.00,900.00,900.00,0.00,'ITEMS','','0'),(315,'Walk-in','2025-11-21 08:39:00',750.00,0.00,750.00,750.00,0.00,'ITEMS','','0'),(316,'Capalla, Victoria  L.','2025-11-21 12:02:47',1260.00,0.00,1260.00,1260.00,0.00,'ITEMS','','0'),(317,'Blance, Reynaldo  B.','2025-11-21 14:06:23',1320.00,0.00,1320.00,1320.00,0.00,'ITEMS','','0'),(318,'Santuyo, Resty  D.','2025-11-21 14:07:12',1320.00,0.00,1320.00,1320.00,0.00,'ITEMS','','0'),(319,'Taleon, Mary Veian  T.','2025-11-21 14:08:03',550.00,0.00,550.00,550.00,0.00,'ITEMS','','0'),(320,'Lapidante, Maria Teresa  A.','2025-11-21 14:24:58',550.00,0.00,550.00,550.00,0.00,'ITEMS','','0'),(321,'Walk-in','2025-11-21 14:41:17',1200.00,0.00,1200.00,1200.00,0.00,'ITEMS','','0'),(322,'Lupo, Jonathan  J.','2025-11-22 12:30:52',2210.00,0.00,2210.00,2210.00,0.00,'ITEMS','','0'),(323,'Porras, Zachary Jeff  M.','2025-11-22 12:39:12',350.00,0.00,350.00,350.00,0.00,'ITEMS','','0'),(324,'Walk-in','2025-11-22 12:45:00',350.00,0.00,350.00,350.00,0.00,'ITEMS','','0'),(325,'Armada, Josephine  S.','2025-11-24 11:31:01',550.00,0.00,550.00,550.00,0.00,'ITEMS','','0'),(326,'Grafil, Regie  L.','2025-11-24 11:56:57',220.00,0.00,220.00,220.00,0.00,'ITEMS','','0'),(327,'Betita, Chona  F.','2025-11-24 12:07:02',200.00,0.00,200.00,200.00,0.00,'ITEMS','','0'),(328,'Patriarca, Lorline  P.','2025-11-24 12:23:43',1460.00,0.00,1460.00,1460.00,0.00,'ITEMS','','0'),(329,'Dator, Luis Julio  B.','2025-11-24 13:25:12',550.00,0.00,550.00,550.00,0.00,'ITEMS','','0'),(330,'Walk-in','2025-11-24 13:28:07',1200.00,0.00,1200.00,1200.00,0.00,'ITEMS','walk-in','0'),(331,'Capaniarihan, Estrella  G.','2025-11-24 13:31:39',1200.00,0.00,1200.00,1200.00,0.00,'ITEMS','','0'),(332,'Villarma, Genefer G.','2025-11-25 11:19:41',575.00,0.00,575.00,575.00,0.00,'ITEMS','','0'),(333,'Segovia, Alexander Paul  D.','2025-11-25 11:32:01',1150.00,0.00,1150.00,1150.00,0.00,'ITEMS','','0'),(334,'Cachuela, Grace C.','2025-11-25 12:01:00',1825.00,0.00,1825.00,2000.00,175.00,'ITEMS','','0'),(335,'Walk-in','2025-11-25 14:11:46',400.00,0.00,400.00,400.00,0.00,'ITEMS','','0');
/*!40000 ALTER TABLE `invoices` ENABLE KEYS */;
UNLOCK TABLES;

--
-- Table structure for table `issued_medical_certificate`
--

DROP TABLE IF EXISTS `issued_medical_certificate`;
/*!40101 SET @saved_cs_client     = @@character_set_client */;
/*!50503 SET character_set_client = utf8mb4 */;
CREATE TABLE `issued_medical_certificate` (
  `medical_certificate_id` int NOT NULL AUTO_INCREMENT,
  `consultation_id` int NOT NULL,
  `requester` text,
  `created_at` datetime DEFAULT CURRENT_TIMESTAMP,
  PRIMARY KEY (`medical_certificate_id`),
  UNIQUE KEY `uq_consultation` (`consultation_id`),
  CONSTRAINT `issued_medical_certificate_ibfk_1` FOREIGN KEY (`consultation_id`) REFERENCES `consultation` (`consultation_id`) ON DELETE CASCADE ON UPDATE CASCADE
) ENGINE=InnoDB AUTO_INCREMENT=14 DEFAULT CHARSET=utf8mb4 COLLATE=utf8mb4_0900_ai_ci;
/*!40101 SET character_set_client = @saved_cs_client */;

--
-- Dumping data for table `issued_medical_certificate`
--

LOCK TABLES `issued_medical_certificate` WRITE;
/*!40000 ALTER TABLE `issued_medical_certificate` DISABLE KEYS */;
INSERT INTO `issued_medical_certificate` (`medical_certificate_id`, `consultation_id`, `requester`, `created_at`) VALUES (5,101,NULL,'2025-11-25 09:36:44'),(7,116,NULL,'2025-11-25 09:36:44'),(8,287,NULL,'2025-11-25 09:36:44'),(9,299,NULL,'2025-11-25 09:36:44'),(10,355,NULL,'2025-11-25 09:36:44'),(11,383,NULL,'2025-11-25 09:36:44'),(12,418,NULL,'2025-11-25 09:36:44'),(13,419,NULL,'2025-11-25 09:36:44');
/*!40000 ALTER TABLE `issued_medical_certificate` ENABLE KEYS */;
UNLOCK TABLES;

--
-- Table structure for table `items`
--

DROP TABLE IF EXISTS `items`;
/*!40101 SET @saved_cs_client     = @@character_set_client */;
/*!50503 SET character_set_client = utf8mb4 */;
CREATE TABLE `items` (
  `item_id` int NOT NULL AUTO_INCREMENT,
  `generic_name` varchar(100) DEFAULT NULL,
  `brand_name` varchar(100) DEFAULT NULL,
  `strength` varchar(50) DEFAULT NULL,
  `dosage` varchar(100) DEFAULT NULL,
  `category` varchar(100) DEFAULT NULL,
  `quantity` int DEFAULT '0',
  `cost_price` decimal(10,2) DEFAULT '0.00',
  `selling_price` decimal(10,2) DEFAULT '0.00',
  `description` text,
  `status` enum('active','disabled') NOT NULL DEFAULT 'active',
  `created_at` datetime DEFAULT CURRENT_TIMESTAMP,
  `updated_at` datetime DEFAULT CURRENT_TIMESTAMP ON UPDATE CURRENT_TIMESTAMP,
  PRIMARY KEY (`item_id`)
) ENGINE=InnoDB AUTO_INCREMENT=34 DEFAULT CHARSET=utf8mb4 COLLATE=utf8mb4_0900_ai_ci;
/*!40101 SET character_set_client = @saved_cs_client */;

--
-- Dumping data for table `items`
--

LOCK TABLES `items` WRITE;
/*!40000 ALTER TABLE `items` DISABLE KEYS */;
INSERT INTO `items` (`item_id`, `generic_name`, `brand_name`, `strength`, `dosage`, `category`, `quantity`, `cost_price`, `selling_price`, `description`, `status`, `created_at`, `updated_at`) VALUES (9,'Mupirocin','Mupiderm','20mg/g','Ointment','Antibacterial',72,0.00,350.00,'','active','2025-10-18 12:56:59','2025-11-22 12:39:12'),(10,'Celecoxib','Recosan','200mg','Capsule','Pain reliever',151,0.00,35.00,'','active','2025-10-18 12:59:37','2025-10-27 14:45:24'),(11,'Ascorbic acid+ zinc+vit d3','Augmenz plus','500mg/ 10mg/1000iu','Capsule','Fsupplement',164,0.00,25.00,'','active','2025-10-18 13:03:53','2025-10-24 10:36:40'),(12,'Esomeprazole','Peprazom','40mg','Capsule','Anti acid',518,0.00,65.00,'','active','2025-10-18 13:05:39','2025-11-24 12:23:45'),(13,'Ciprofloxacin','Cifrextab','750mg','Tablets','Antibacterial',214,0.00,75.00,'','active','2025-10-18 13:07:21','2025-11-21 08:39:00'),(14,'Chlorhexidine','Essprin','20ml','Bottle','Oral spray',17,0.00,550.00,'','active','2025-10-18 13:13:04','2025-11-24 12:23:45'),(15,'Ofloxacin, beclomethasone, clotrimazole & lidocane','Otobiotic plus','.3%','Eardrops','Antibacterial',65,215.00,400.00,'','active','2025-10-18 13:17:38','2025-11-25 14:11:46'),(16,'Alpha lipoic acid, ginkgo biloba','Otoshield','30mg','Capsule','Fsupplement',455,35.66,40.00,'','active','2025-10-18 13:20:00','2025-11-24 13:31:39'),(17,'Isotonic','Snizel','.9%','Bottle','Nasal spray',13,299.00,450.00,'','active','2025-10-18 13:22:38','2025-11-21 14:34:14'),(18,'Hypertonic','Snizel','2.3%','Bottle','Nasal spray',13,299.00,450.00,'','active','2025-10-18 13:24:18','2025-11-21 14:34:41'),(19,'Fluocinilonr, polymyxin,neomycin','Aplosyn','250mcg','Bottle','Eardrops',13,0.00,550.00,'','active','2025-10-18 13:27:18','2025-11-24 13:25:12'),(20,'Betamethasone, gentamicin, clotrimazole','Bethamistine','640mcg','Cream','Topical',25,0.00,780.00,'','active','2025-10-18 13:31:47','2025-11-18 14:22:12'),(21,'Dimethicone','Scarlite','15mg','Tube','Scar gel',12,0.00,1000.00,'','active','2025-10-18 13:35:21','2025-10-20 14:42:39'),(22,'Ofloxacin, beclomethasone, clotrimazole & lidocane','Otoqure plus','10ml','Bottle','Eardrops',40,0.00,550.00,'','active','2025-10-18 13:37:03','2025-11-21 14:07:12'),(23,'Serrapeptase','Chatase','10mg','Tablets','Fsupplement',64,0.00,25.00,'','active','2025-10-18 13:38:40','2025-11-25 12:01:00'),(24,'Acetylcysteine','Pneumotyl','600mg','Tablets','Mucolytic',3,0.00,35.00,'','active','2025-10-18 13:40:40','2025-11-22 12:45:00'),(25,'Clindamycin','Peldacyn','300mg','Capsule','Antibacterial',200,0.00,45.00,'','active','2025-10-18 13:41:55','2025-10-20 14:06:58'),(26,'Montelukast+levocetirizine','Stelix','1omg/5mg','Tablets','Antihistamine',165,0.00,35.00,'','active','2025-10-18 13:43:26','2025-11-25 12:01:00'),(27,'Coamoxiclav','Natravox','625mg','Tablets','Antibacterial',56,0.00,55.00,'','active','2025-10-18 13:44:51','2025-11-24 11:56:57'),(28,'Thiamine, pyridoxine, cyanocobalamin','Neurocare','300mg','Capsule','Fsupplement',622,0.00,25.00,NULL,'active','2025-10-21 10:31:10','2025-11-24 12:07:03'),(29,'Sodium chloride','Flo sinus care kit','1.544g','Bottle','Nasal spray',10,380.00,550.00,NULL,'active','2025-10-21 12:35:18','2025-11-17 15:19:12'),(30,'Sodium chloride','Flo sinus care refill sachet','1.544g','Sachet','Nasal spray',200,10.40,20.00,NULL,'active','2025-10-21 12:40:23','2025-10-21 15:29:54'),(31,'Chamomile,peppermint oil,sageoil','Kamocare','15ml','Bottle','Oral spray',3,0.00,550.00,NULL,'active','2025-10-30 10:43:08','2025-11-08 09:21:36'),(32,'Fluticasone propionate','Fluti ns','120 actuation','Bottle','Nasal spray',14,0.00,600.00,NULL,'active','2025-11-08 11:42:21','2025-11-25 12:01:00'),(33,'Cefalexin','Selzef','500mg','Capsule','Antibacterial',80,0.00,20.00,NULL,'active','2025-11-21 08:42:48','2025-11-21 11:57:57');
/*!40000 ALTER TABLE `items` ENABLE KEYS */;
UNLOCK TABLES;

--
-- Table structure for table `lab_requests`
--

DROP TABLE IF EXISTS `lab_requests`;
/*!40101 SET @saved_cs_client     = @@character_set_client */;
/*!50503 SET character_set_client = utf8mb4 */;
CREATE TABLE `lab_requests` (
  `request_id` int NOT NULL AUTO_INCREMENT,
  `patient_id` int NOT NULL,
  `test_ids` json NOT NULL,
  `request_date` date NOT NULL,
  `consultation_id` int DEFAULT NULL,
  PRIMARY KEY (`request_id`),
  KEY `patient_id` (`patient_id`),
  KEY `fk_labrequests_consultation` (`consultation_id`),
  CONSTRAINT `fk_labrequests_consultation` FOREIGN KEY (`consultation_id`) REFERENCES `consultation` (`consultation_id`) ON DELETE CASCADE ON UPDATE CASCADE,
  CONSTRAINT `lab_requests_ibfk_1` FOREIGN KEY (`patient_id`) REFERENCES `patients` (`patient_id`) ON DELETE CASCADE
) ENGINE=InnoDB AUTO_INCREMENT=59 DEFAULT CHARSET=utf8mb4 COLLATE=utf8mb4_0900_ai_ci;
/*!40101 SET character_set_client = @saved_cs_client */;

--
-- Dumping data for table `lab_requests`
--

LOCK TABLES `lab_requests` WRITE;
/*!40000 ALTER TABLE `lab_requests` DISABLE KEYS */;
INSERT INTO `lab_requests` (`request_id`, `patient_id`, `test_ids`, `request_date`, `consultation_id`) VALUES (35,2086,'[31, 30]','2025-10-23',267),(37,2086,'[30, 31]','2025-10-23',267),(38,2089,'[32]','2025-10-23',273),(39,2044,'[33]','2025-10-25',286),(40,2067,'[34]','2025-10-27',299),(41,2134,'[32]','2025-10-28',313),(42,2103,'[30]','2025-10-30',317),(43,2143,'[37, 37]','2025-10-30',319),(46,2143,'[37, 36]','2025-10-30',320),(47,2163,'[39]','2025-11-06',340),(48,2168,'[32]','2025-11-07',348),(49,2166,'[40, 32]','2025-11-07',350),(50,2191,'[41]','2025-11-10',361),(51,2143,'[42]','2025-11-10',364),(52,2206,'[32]','2025-11-11',372),(53,2099,'[43]','2025-11-18',386),(54,2260,'[44]','2025-11-18',390),(55,2266,'[32]','2025-11-18',397),(56,2270,'[32]','2025-11-20',402),(57,2281,'[45, 32]','2025-11-21',410),(58,2313,'[30, 31]','2025-11-24',420);
/*!40000 ALTER TABLE `lab_requests` ENABLE KEYS */;
UNLOCK TABLES;

--
-- Table structure for table `lab_results`
--

DROP TABLE IF EXISTS `lab_results`;
/*!40101 SET @saved_cs_client     = @@character_set_client */;
/*!50503 SET character_set_client = utf8mb4 */;
CREATE TABLE `lab_results` (
  `result_id` int NOT NULL AUTO_INCREMENT,
  `consultation_id` int NOT NULL,
  `test_name` varchar(255) NOT NULL,
  `result_text` text,
  `result_file` varchar(255) DEFAULT NULL,
  `created_at` timestamp NULL DEFAULT CURRENT_TIMESTAMP,
  `updated_at` timestamp NULL DEFAULT CURRENT_TIMESTAMP ON UPDATE CURRENT_TIMESTAMP,
  PRIMARY KEY (`result_id`),
  KEY `consultation_id` (`consultation_id`),
  CONSTRAINT `lab_results_ibfk_1` FOREIGN KEY (`consultation_id`) REFERENCES `consultation` (`consultation_id`) ON DELETE CASCADE
) ENGINE=InnoDB AUTO_INCREMENT=37 DEFAULT CHARSET=utf8mb4 COLLATE=utf8mb4_0900_ai_ci;
/*!40101 SET character_set_client = @saved_cs_client */;

--
-- Dumping data for table `lab_results`
--

LOCK TABLES `lab_results` WRITE;
/*!40000 ALTER TABLE `lab_results` DISABLE KEYS */;
INSERT INTO `lab_results` (`result_id`, `consultation_id`, `test_name`, `result_text`, `result_file`, `created_at`, `updated_at`) VALUES (27,139,'ct scan','pns','2044\\139\\Lab Results\\8b50be14-de59-4e7e-a4f8-860af2d0bddb.png','2025-10-28 03:36:47','2025-10-28 03:36:47'),(28,150,'Pure-Tone Audiometry','','2054\\150\\Lab Results\\4f5a9277-3c24-47ad-849b-aec8d29f8c7d.png','2025-10-28 05:21:04','2025-10-28 05:21:04'),(29,317,'utz','','2103\\317\\Lab Results\\ef330c0e-99f1-49ec-bd96-85c00ece739b.png','2025-10-30 04:05:41','2025-10-30 04:05:41'),(30,319,'Neck and thyroid utz','','2143\\319\\Lab Results\\51e6e3d0-b8d9-4174-991c-ef3e18cb6803.png','2025-11-06 06:14:57','2025-11-06 06:14:57'),(31,337,'speech/puretone','','2159\\337\\Lab Results\\40f2ff53-115b-4056-830e-d202d36359b8.png','2025-11-07 05:14:57','2025-11-07 05:14:57'),(32,164,'PNS WATER\'S VIEW UPRIGHT','','2050\\164\\Lab Results\\62439d9e-946b-4510-9aea-04d87c987ca0.png','2025-11-08 05:17:16','2025-11-08 05:17:16'),(33,252,'Pure-Tone Audiometry','','2074\\252\\Lab Results\\00317321-2d9a-4145-8f3b-5bdc1e2270e6.png','2025-11-08 05:22:51','2025-11-08 05:22:51'),(34,348,'skull water\'s view','','2168\\348\\Lab Results\\90ccce75-bd2e-487c-8b30-f7931723952f.png','2025-11-17 06:58:18','2025-11-17 06:58:18'),(35,348,'waters view','',NULL,'2025-11-17 06:58:51','2025-11-17 06:58:51'),(36,284,'histopath left eac mass','','2099\\284\\Lab Results\\02e0d0f5-77eb-44ef-a76c-7a6fb957bf39.png','2025-11-18 03:20:17','2025-11-18 03:20:17');
/*!40000 ALTER TABLE `lab_results` ENABLE KEYS */;
UNLOCK TABLES;

--
-- Table structure for table `lab_tests`
--

DROP TABLE IF EXISTS `lab_tests`;
/*!40101 SET @saved_cs_client     = @@character_set_client */;
/*!50503 SET character_set_client = utf8mb4 */;
CREATE TABLE `lab_tests` (
  `id` int NOT NULL AUTO_INCREMENT,
  `category` varchar(100) NOT NULL,
  `test_name` varchar(200) NOT NULL,
  PRIMARY KEY (`id`)
) ENGINE=InnoDB AUTO_INCREMENT=46 DEFAULT CHARSET=utf8mb4 COLLATE=utf8mb4_0900_ai_ci;
/*!40101 SET character_set_client = @saved_cs_client */;

--
-- Dumping data for table `lab_tests`
--

LOCK TABLES `lab_tests` WRITE;
/*!40000 ALTER TABLE `lab_tests` DISABLE KEYS */;
INSERT INTO `lab_tests` (`id`, `category`, `test_name`) VALUES (28,'Blood Test','CBC'),(29,'Blood Test','White Blood Test'),(30,'thyroid function test','T3, T4, TSH'),(31,'Ultrasound','Thyroid'),(32,'X-RAY','PNS WATER\'S VIEW UPRIGHT'),(33,'ALLERGY TEST','SKIN ALLERGY TEST'),(34,'CT SCAN','highresolution ct scan of the temporal bone (plain)'),(35,'Hearing Test','Pure-Tone Audiometry'),(36,'Ultrasound','parotid'),(37,'Fine needle aspiration biopsy','left parotid'),(38,'ultrasound','neck'),(39,'ultrasound','Neck and thyroid'),(40,'x-ray','chest PAL'),(41,'ultrasound','submandibular gland'),(42,'BLOOD TEST','CT, BT, PROTIME'),(43,'ct scan','high resolution ct scan of the temporal bone with contrast'),(44,'X-RAY','NECK- AP AND SOFT TISSUE LATERAL VIEW'),(45,'X-RAY','CHEST PA');
/*!40000 ALTER TABLE `lab_tests` ENABLE KEYS */;
UNLOCK TABLES;

--
-- Table structure for table `other_items`
--

DROP TABLE IF EXISTS `other_items`;
/*!40101 SET @saved_cs_client     = @@character_set_client */;
/*!50503 SET character_set_client = utf8mb4 */;
CREATE TABLE `other_items` (
  `item_id` int NOT NULL AUTO_INCREMENT,
  `generic_name` varchar(100) DEFAULT NULL,
  `brand_name` varchar(100) DEFAULT NULL,
  `strength` varchar(50) DEFAULT NULL,
  `dosage` varchar(100) DEFAULT NULL,
  `description` text,
  `category` varchar(100) DEFAULT NULL,
  `created_at` datetime DEFAULT CURRENT_TIMESTAMP,
  `updated_at` datetime DEFAULT CURRENT_TIMESTAMP ON UPDATE CURRENT_TIMESTAMP,
  PRIMARY KEY (`item_id`)
) ENGINE=InnoDB AUTO_INCREMENT=34 DEFAULT CHARSET=utf8mb4 COLLATE=utf8mb4_0900_ai_ci;
/*!40101 SET character_set_client = @saved_cs_client */;

--
-- Dumping data for table `other_items`
--

LOCK TABLES `other_items` WRITE;
/*!40000 ALTER TABLE `other_items` DISABLE KEYS */;
INSERT INTO `other_items` (`item_id`, `generic_name`, `brand_name`, `strength`, `dosage`, `description`, `category`, `created_at`, `updated_at`) VALUES (5,'Clarithromycin','CLARICID','500mg','Tablet','','Antibacterial','2025-10-18 13:30:09','2025-10-25 11:45:14'),(6,'Radix gentianae','Sinupret forte','','Dragee','','Mucolytic','2025-10-20 13:06:24','2025-10-20 13:06:24'),(7,'CEFALEXIN','CEFALIN','250 MG','SYRUP','BOTTLE','Antibacterial','2025-10-23 13:06:02','2025-10-23 13:06:02'),(8,'BETAHISTINE','SERC','24MG','Tablet','TABLET','ANTI- VERTIGO','2025-10-23 13:16:41','2025-10-23 13:16:41'),(9,'MOMETASONE FUROATE','NASONEX','50 MCG/DOSE','140 ACTUATIONS','BOTTLE','NASAL STEROID','2025-10-23 13:32:38','2025-10-23 13:32:38'),(10,'METHYLPREDNISOLONE','MEDROL','16','Tablet','TABLET','CORTICOSTEROID','2025-10-24 12:09:40','2025-10-24 12:09:40'),(11,'CO-AMOXICLAV','NATRAVOX','457mg/5 ml','SYRUP','BOTTLE','Antibacterial','2025-10-25 12:23:42','2025-10-25 12:23:42'),(12,'Carbenoxolone','ROWAGEL','','OINTMENT','TUBE','ORAL PASTE','2025-10-27 12:18:06','2025-10-27 12:18:06'),(13,'EGB 761','TEBONIN','120 mg','Tablet','TABLET','ANTI- VERTIGO','2025-10-27 13:15:49','2025-10-27 13:15:49'),(14,'Pregabalin','Lyrica','75mg','Tablet','','Pain meds','2025-10-30 11:22:41','2025-10-30 11:22:41'),(15,'Orphenadrine+paracetamol','Norgesic forte','50mg/650 mg','Tablet','','Pain meds','2025-10-30 11:24:38','2025-10-30 11:24:38'),(16,'Levothyroxine','Euthyrox','50mcg','Tablet','','Thyroid hormone','2025-10-30 11:51:24','2025-10-30 11:51:24'),(17,'Prednisone','Pred 20','20mg','Tablet','','Steroid','2025-11-06 11:14:29','2025-11-06 11:14:29'),(18,'Alpha lipoic acid','ALANERVE','920 MG','CAPSULE','','FOOD SUPPLEMENT','2025-11-06 11:29:17','2025-11-06 11:29:17'),(19,'BETAHISTINE','SERC','24MG','Tablet','','ANTI- VERTIGO','2025-11-06 11:55:21','2025-11-06 11:56:24'),(20,'EPERISONE','MYONAL','50MG','Tablet','','MUSCLE RELAXANT','2025-11-06 12:01:52','2025-11-06 12:01:52'),(21,'Azithromycin','Zithromax','500mg','Tablet','','Antibacterial','2025-11-06 13:40:52','2025-11-06 13:40:52'),(22,'Mefenamic acid','Postan','500mg','CAPSULE','','Pain reliever','2025-11-07 11:38:25','2025-11-07 11:38:25'),(23,'Paracetamol + B complex vitamins','POLYNERVE FORTE','500mg','Tablet','','Pain reliever','2025-11-07 13:14:47','2025-11-07 13:14:47'),(24,'CEFALEXIN','','125mg/5 ml','Syryp','','Antibacterial','2025-11-11 11:26:54','2025-11-11 11:26:54'),(25,'Radix gentianae','Sinupret for kids','','SYRUP','','Mucolytic','2025-11-11 13:10:37','2025-11-11 13:10:37'),(26,'Prednisone','PRED 10','10MG','Tablet','','ORAL Steroid','2025-11-11 13:22:15','2025-11-11 13:22:15'),(27,'Clarithromycin','CLARICID OD','500mg','Tablet','','Antibacterial','2025-11-17 13:29:31','2025-11-17 13:29:31'),(28,'Glycerin and xylitol','Oral gel','30 ml','Gel','','Oral gel','2025-11-17 14:00:02','2025-11-17 14:00:02'),(29,'Petrolatum','Naso care','15 gm','Tube','','Nasal ointment','2025-11-17 14:01:33','2025-11-17 14:01:33'),(30,'Multivitamins and amino acid','MORIAMIN FORTE','0.2 MG 5- OXYANTHRANIC ACID','CAPSULE','','FOOD SUPPLEMENT','2025-11-17 14:05:27','2025-11-17 14:05:27'),(31,'Chlorhexidine','Orahex af','','Bottle','','Gargle','2025-11-18 13:42:55','2025-11-18 13:42:55'),(32,'BILASTINE','BILAXTEN','20mg','Tablet','','ANTI- ALLERGY','2025-11-21 14:27:34','2025-11-21 14:27:34'),(33,'METHIMAZOLE','TAPDIN','20mg','Tablet','','ANTITHYROID','2025-11-24 12:00:25','2025-11-24 12:00:25');
/*!40000 ALTER TABLE `other_items` ENABLE KEYS */;
UNLOCK TABLES;

--
-- Table structure for table `patient_documents`
--

DROP TABLE IF EXISTS `patient_documents`;
/*!40101 SET @saved_cs_client     = @@character_set_client */;
/*!50503 SET character_set_client = utf8mb4 */;
CREATE TABLE `patient_documents` (
  `id` int NOT NULL AUTO_INCREMENT,
  `patient_id` int NOT NULL,
  `image_path` varchar(255) NOT NULL,
  `created_at` timestamp NULL DEFAULT CURRENT_TIMESTAMP,
  PRIMARY KEY (`id`)
) ENGINE=InnoDB AUTO_INCREMENT=442 DEFAULT CHARSET=utf8mb4 COLLATE=utf8mb4_0900_ai_ci;
/*!40101 SET character_set_client = @saved_cs_client */;

--
-- Dumping data for table `patient_documents`
--

LOCK TABLES `patient_documents` WRITE;
/*!40000 ALTER TABLE `patient_documents` DISABLE KEYS */;
INSERT INTO `patient_documents` (`id`, `patient_id`, `image_path`, `created_at`) VALUES (14,2072,'//Clinic/ENT_CLINIC_Attachments/2072/ScannedDocuments/f7ea59a52fa04ff5a628db796c482601.png','2025-10-27 02:05:10'),(15,2072,'//Clinic/ENT_CLINIC_Attachments/2072/ScannedDocuments/5f211a343c3c42c2bcfa7391ed9df56c.png','2025-10-27 04:37:32'),(16,2119,'//Clinic/ENT_CLINIC_Attachments/2119/ScannedDocuments/7e2e541ad69445dabf2df53028f94d57.png','2025-10-28 00:48:04'),(17,2129,'//Clinic/ENT_CLINIC_Attachments/2129/ScannedDocuments/880dff365baa4faa9cdc98686c931b13.png','2025-10-28 02:37:46'),(18,2129,'//Clinic/ENT_CLINIC_Attachments/2129/ScannedDocuments/009dc8eae842455b94488bfe9a5a57f6.png','2025-10-28 02:37:51'),(19,2084,'//Clinic/ENT_CLINIC_Attachments/2084/ScannedDocuments/60c40295d89e44589aea5f1acba18e66.png','2025-10-28 03:04:49'),(20,2082,'//Clinic/ENT_CLINIC_Attachments/2082/ScannedDocuments/c817a21fd0be4e24bb6aabc193ff6171.png','2025-10-28 03:06:58'),(21,2088,'//Clinic/ENT_CLINIC_Attachments/2088/ScannedDocuments/a8bf7e88f39941a59792493253544da9.png','2025-10-28 03:10:23'),(22,2090,'//Clinic/ENT_CLINIC_Attachments/2090/ScannedDocuments/c41e7b41cd3646f6bbd05a3506ed9395.png','2025-10-28 03:12:05'),(23,2044,'//Clinic/ENT_CLINIC_Attachments/2044/ScannedDocuments/9169fe7f66bd412eaae9a648f753cd80.png','2025-10-28 03:18:30'),(24,2091,'//Clinic/ENT_CLINIC_Attachments/2091/ScannedDocuments/5e5ec6261e6d41f987cd3e22bce77e9f.png','2025-10-28 03:19:45'),(25,2092,'//Clinic/ENT_CLINIC_Attachments/2092/ScannedDocuments/4dba0b1145034723b03010760dc5a44c.png','2025-10-28 03:21:01'),(26,2077,'//Clinic/ENT_CLINIC_Attachments/2077/ScannedDocuments/2813593c8860484da2897343453c1718.png','2025-10-28 03:22:21'),(27,2075,'//Clinic/ENT_CLINIC_Attachments/2075/ScannedDocuments/040f830465c44fd18e76d465f3d9a161.png','2025-10-28 03:24:06'),(28,2054,'//Clinic/ENT_CLINIC_Attachments/2054/ScannedDocuments/0c7f28ea4ec24b8d8ea1bd5f6c8d3085.png','2025-10-28 05:13:48'),(29,2054,'//Clinic/ENT_CLINIC_Attachments/2054/ScannedDocuments/6e9f849f43a04e8fa7d23aaa1e7b9ea6.png','2025-10-28 05:13:52'),(30,2135,'//Clinic/ENT_CLINIC_Attachments/2135/ScannedDocuments/2398f5dd42e647bc87be87d308e3cd74.png','2025-10-28 06:19:50'),(31,2135,'//Clinic/ENT_CLINIC_Attachments/2135/ScannedDocuments/573d1884d5e34183947eccec2d1e7865.png','2025-10-28 06:19:56'),(32,2135,'//Clinic/ENT_CLINIC_Attachments/2135/ScannedDocuments/4951e6f8a8b44b0ea576820721fb5fc4.png','2025-10-28 06:20:09'),(33,2135,'//Clinic/ENT_CLINIC_Attachments/2135/ScannedDocuments/ecb07805f4644fc3b9fa34965a75e3d8.png','2025-10-28 06:20:16'),(34,2107,'//Clinic/ENT_CLINIC_Attachments/2107/ScannedDocuments/734ec80426ff46da96fd46cc767e973c.png','2025-10-30 00:45:06'),(35,2086,'//Clinic/ENT_CLINIC_Attachments/2086/ScannedDocuments/4293a66859cb4a3a9314188282eb818a.png','2025-10-30 00:47:18'),(36,2078,'//Clinic/ENT_CLINIC_Attachments/2078/ScannedDocuments/d0ce65f4a0c4400fa74a02318f8cca4b.png','2025-10-30 00:48:38'),(37,2130,'//Clinic/ENT_CLINIC_Attachments/2130/ScannedDocuments/175a4ad4c21f40b4b7de84d22cfa2919.png','2025-10-30 00:49:48'),(38,2106,'//Clinic/ENT_CLINIC_Attachments/2106/ScannedDocuments/83f4246697ec45f6a92248270be19a14.png','2025-10-30 00:50:49'),(39,2103,'//Clinic/ENT_CLINIC_Attachments/2103/ScannedDocuments/f63d573acd6241afb9bb1dc17b102195.png','2025-10-30 03:50:50'),(40,2103,'//Clinic/ENT_CLINIC_Attachments/2103/ScannedDocuments/10a89b181fc34299917410060325a700.png','2025-10-30 03:50:56'),(41,2103,'//Clinic/ENT_CLINIC_Attachments/2103/ScannedDocuments/59c93c28d27e400aa62e96822dfbbed0.png','2025-10-30 03:51:04'),(42,2103,'//Clinic/ENT_CLINIC_Attachments/2103/ScannedDocuments/9d2d85143b134b4cb7dcedd1130a5256.png','2025-10-30 03:58:12'),(43,2145,'//Clinic/ENT_CLINIC_Attachments/2145/ScannedDocuments/af21dc39fb5e40f789c6a995f1b04301.png','2025-10-30 05:10:00'),(44,2145,'//Clinic/ENT_CLINIC_Attachments/2145/ScannedDocuments/f082956fd1ec4e60ad52bfca9f146d41.png','2025-10-30 05:24:06'),(45,2149,'//Clinic/ENT_CLINIC_Attachments/2149/ScannedDocuments/d59be20c39864c3ea7ad618bc0f38036.png','2025-11-06 00:41:37'),(46,2149,'//Clinic/ENT_CLINIC_Attachments/2149/ScannedDocuments/f91127c5c95b416fb471f699e07dda41.png','2025-11-06 00:41:40'),(47,2156,'//Clinic/ENT_CLINIC_Attachments/2156/ScannedDocuments/2768091d7212418da1286ffa29fb7da5.png','2025-11-06 02:18:59'),(48,2156,'//Clinic/ENT_CLINIC_Attachments/2156/ScannedDocuments/b36535fb19164527aac46314e4ec331a.png','2025-11-06 02:19:04'),(49,2156,'//Clinic/ENT_CLINIC_Attachments/2156/ScannedDocuments/9170a3c327244f34a3deb852bc995c48.png','2025-11-06 02:19:07'),(50,2156,'//Clinic/ENT_CLINIC_Attachments/2156/ScannedDocuments/8f7c80f9e8034e0c9538077d9264d7c6.png','2025-11-06 02:19:18'),(51,2156,'//Clinic/ENT_CLINIC_Attachments/2156/ScannedDocuments/8fcf30ca5cdc4ba4a87dba61c8095eba.png','2025-11-06 02:19:23'),(52,2156,'//Clinic/ENT_CLINIC_Attachments/2156/ScannedDocuments/493c616d0ec04655943caa570d6592eb.png','2025-11-06 02:19:33'),(53,2156,'//Clinic/ENT_CLINIC_Attachments/2156/ScannedDocuments/4e737c7ff4134f098c469218bbc6ee6b.png','2025-11-06 02:19:43'),(54,2156,'//Clinic/ENT_CLINIC_Attachments/2156/ScannedDocuments/f24c814b3c7c4a16897ce41dd751714e.png','2025-11-06 02:19:52'),(55,2156,'//Clinic/ENT_CLINIC_Attachments/2156/ScannedDocuments/3f66bd85dc6f470d84bd431f9c586020.png','2025-11-06 02:20:06'),(56,2156,'//Clinic/ENT_CLINIC_Attachments/2156/ScannedDocuments/8a901b7362964a2998f80679750d039d.png','2025-11-06 02:20:14'),(57,2144,'//Clinic/ENT_CLINIC_Attachments/2144/ScannedDocuments/a10dfb160f9a43748f495253aaf718aa.png','2025-11-06 02:26:06'),(58,2147,'//Clinic/ENT_CLINIC_Attachments/2147/ScannedDocuments/ccbbec944e8542aca612aad6a11c68d8.png','2025-11-06 02:29:39'),(59,2147,'//Clinic/ENT_CLINIC_Attachments/2147/ScannedDocuments/91f1352ce44b423f90cace49f9721fda.png','2025-11-06 02:29:42'),(60,2147,'//Clinic/ENT_CLINIC_Attachments/2147/ScannedDocuments/add5306d7a4b408a85b399173d0afda2.png','2025-11-06 02:29:57'),(61,2148,'//Clinic/ENT_CLINIC_Attachments/2148/ScannedDocuments/1b900fd236284870bfdc0812bdd54f97.png','2025-11-06 02:35:57'),(62,2148,'//Clinic/ENT_CLINIC_Attachments/2148/ScannedDocuments/80d41cb13b6b43139e748b2e87dd0a8e.png','2025-11-06 02:36:03'),(63,2145,'//Clinic/ENT_CLINIC_Attachments/2145/ScannedDocuments/fadb1d7b69fe48ae963120f3a40ea44b.png','2025-11-06 02:37:30'),(64,2143,'//Clinic/ENT_CLINIC_Attachments/2143/ScannedDocuments/ec196a7242a1413380f8879fb7297062.png','2025-11-06 02:39:03'),(65,2146,'//Clinic/ENT_CLINIC_Attachments/2146/ScannedDocuments/ff58831febea4036b1c31bb9d96f44a7.png','2025-11-06 02:41:55'),(66,2029,'//Clinic/ENT_CLINIC_Attachments/2029/ScannedDocuments/9656dc76dc3642519f1d6c6d59d48307.png','2025-11-06 02:45:56'),(67,2164,'//Clinic/ENT_CLINIC_Attachments/2164/ScannedDocuments/f687837d088d43ed83e8615d09fc131f.png','2025-11-07 02:11:04'),(68,2164,'//Clinic/ENT_CLINIC_Attachments/2164/ScannedDocuments/b3564856bd504cdea76a5925515b89b3.png','2025-11-07 02:11:14'),(69,2164,'//Clinic/ENT_CLINIC_Attachments/2164/ScannedDocuments/8dc5ec0581ad436790659e54fb56009c.png','2025-11-07 02:11:19'),(70,2153,'//Clinic/ENT_CLINIC_Attachments/2153/ScannedDocuments/2b89fa1337f749f89a48091f4cfb05fe.png','2025-11-07 02:18:44'),(71,2138,'//Clinic/ENT_CLINIC_Attachments/2138/ScannedDocuments/c5959e15df354849b675a557b233718d.png','2025-11-07 02:22:50'),(72,2067,'//Clinic/ENT_CLINIC_Attachments/2067/ScannedDocuments/645f6bb94d7841768fcc85fe011115f6.png','2025-11-07 02:24:34'),(73,2061,'//Clinic/ENT_CLINIC_Attachments/2061/ScannedDocuments/5379f42eb2934648928509682c9acb2a.png','2025-11-07 02:26:24'),(74,2164,'//Clinic/ENT_CLINIC_Attachments/2164/ScannedDocuments/6651eaf45afb4f62aee3408fdf3a69e9.png','2025-11-07 03:22:54'),(75,2171,'//Clinic/ENT_CLINIC_Attachments/2171/ScannedDocuments/759ff927c73641978fd302091244492e.png','2025-11-07 04:53:55'),(76,2171,'//Clinic/ENT_CLINIC_Attachments/2171/ScannedDocuments/4ea2627110d947fcb305e16b2c676e73.png','2025-11-07 04:54:10'),(77,2171,'//Clinic/ENT_CLINIC_Attachments/2171/ScannedDocuments/8c4b2dccde74470189d4899a73945910.png','2025-11-07 04:54:13'),(78,2172,'//Clinic/ENT_CLINIC_Attachments/2172/ScannedDocuments/5906921db5e844d2972fc270cdb1e5d2.png','2025-11-07 04:58:59'),(79,2166,'//Clinic/ENT_CLINIC_Attachments/2166/ScannedDocuments/096ea87d583940c5866df3bfe94b987a.png','2025-11-07 05:02:28'),(80,2166,'//Clinic/ENT_CLINIC_Attachments/2166/ScannedDocuments/384b894fa7dd43798e7f2c6cd0a927f3.png','2025-11-07 05:02:39'),(81,2167,'//Clinic/ENT_CLINIC_Attachments/2167/ScannedDocuments/8ddf1ec1be3a4682917a2824ac03ebf5.png','2025-11-07 05:05:09'),(82,2167,'//Clinic/ENT_CLINIC_Attachments/2167/ScannedDocuments/4a27414ad5054823889dbd62b4a29e6f.png','2025-11-07 05:05:11'),(83,2071,'//Clinic/ENT_CLINIC_Attachments/2071/ScannedDocuments/ade4860513bd46b0a0ee472ff0e09f7e.png','2025-11-08 01:27:19'),(84,2071,'//Clinic/ENT_CLINIC_Attachments/2071/ScannedDocuments/4f1738e5bb3f4040aedad54b83e19229.png','2025-11-08 01:27:22'),(85,2018,'//Clinic/ENT_CLINIC_Attachments/2018/ScannedDocuments/7230be3373d640aa84c7960cd0b97aa7.png','2025-11-08 01:37:37'),(86,2174,'//Clinic/ENT_CLINIC_Attachments/2174/ScannedDocuments/283d2bd584364c9c9303eb7a0c055376.png','2025-11-08 01:38:50'),(87,2175,'//Clinic/ENT_CLINIC_Attachments/2175/ScannedDocuments/cbf73c73e3474805aa0cb55e72eb3da5.png','2025-11-08 01:41:20'),(88,2175,'//Clinic/ENT_CLINIC_Attachments/2175/ScannedDocuments/4aaef1696b554341beba4b47590d65fc.png','2025-11-08 01:41:23'),(89,2175,'//Clinic/ENT_CLINIC_Attachments/2175/ScannedDocuments/6881f316cb794aa5a392198e6a1c142e.png','2025-11-08 01:41:29'),(90,2025,'//Clinic/ENT_CLINIC_Attachments/2025/ScannedDocuments/ae69097e883d4569915458d0b39e3f3d.png','2025-11-08 01:43:40'),(91,2026,'//Clinic/ENT_CLINIC_Attachments/2026/ScannedDocuments/3e21ba713e664567a62d99d4676a8ef4.png','2025-11-08 01:45:46'),(92,2033,'//Clinic/ENT_CLINIC_Attachments/2033/ScannedDocuments/b8c5efbb06764680b89ebfbf4d773293.png','2025-11-08 01:47:58'),(93,2033,'//Clinic/ENT_CLINIC_Attachments/2033/ScannedDocuments/acff780e2d094de391d33b272e7063e6.png','2025-11-08 01:48:13'),(94,2036,'//Clinic/ENT_CLINIC_Attachments/2036/ScannedDocuments/7c6551b6e71c4718b255ae582dbf841a.png','2025-11-08 01:49:41'),(95,2038,'//Clinic/ENT_CLINIC_Attachments/2038/ScannedDocuments/cb56770ceb0642049174b535ee7be2f1.png','2025-11-08 01:51:32'),(96,2038,'//Clinic/ENT_CLINIC_Attachments/2038/ScannedDocuments/2b6e8e326f9943f6880e3042d39624fc.png','2025-11-08 01:51:50'),(97,2157,'//Clinic/ENT_CLINIC_Attachments/2157/ScannedDocuments/344ff9e0380142c18c626e23f0742687.png','2025-11-08 02:00:52'),(98,2157,'//Clinic/ENT_CLINIC_Attachments/2157/ScannedDocuments/025213b0a3164945aa64d449751277d0.png','2025-11-08 02:01:10'),(99,2043,'//Clinic/ENT_CLINIC_Attachments/2043/ScannedDocuments/2727944f11684a0e8bce401997eaf244.png','2025-11-08 02:03:00'),(100,2058,'//Clinic/ENT_CLINIC_Attachments/2058/ScannedDocuments/794483fd43ea495a89c2858a6dc2c8dd.png','2025-11-08 02:04:03'),(101,2065,'//Clinic/ENT_CLINIC_Attachments/2065/ScannedDocuments/1f3a1223f5ef4bd0b25488d165f8f0a8.png','2025-11-08 02:05:08'),(102,2177,'//Clinic/ENT_CLINIC_Attachments/2177/ScannedDocuments/f3a35dfebf9d49efb54bbdc557b9d766.png','2025-11-08 02:12:06'),(103,2177,'//Clinic/ENT_CLINIC_Attachments/2177/ScannedDocuments/a7324d900773421b8073767aab777826.png','2025-11-08 02:12:12'),(104,2177,'//Clinic/ENT_CLINIC_Attachments/2177/ScannedDocuments/5870a98f6dbc4a949754ca7662ffa379.png','2025-11-08 02:12:15'),(105,2178,'//Clinic/ENT_CLINIC_Attachments/2178/ScannedDocuments/80c57af47c8d484ca00778599a11d35d.png','2025-11-08 04:10:42'),(106,2068,'//Clinic/ENT_CLINIC_Attachments/2068/ScannedDocuments/78ba047a956a45c4b25939796f268ab4.png','2025-11-08 04:58:42'),(107,2068,'//Clinic/ENT_CLINIC_Attachments/2068/ScannedDocuments/30e6a1cc8d384043875a9764f30b2eab.png','2025-11-08 04:58:47'),(108,2062,'//Clinic/ENT_CLINIC_Attachments/2062/ScannedDocuments/e95c135c98594692827b0a9baab0e968.png','2025-11-08 05:02:57'),(109,2057,'//Clinic/ENT_CLINIC_Attachments/2057/ScannedDocuments/13d3cdfb754d4e1aa5f02f4118cc5cd8.png','2025-11-08 05:04:10'),(110,2017,'//Clinic/ENT_CLINIC_Attachments/2017/ScannedDocuments/b2467b3f18a440828f786218bf41fdac.png','2025-11-08 05:05:08'),(111,2179,'//Clinic/ENT_CLINIC_Attachments/2179/ScannedDocuments/bfdc86a41b284877942e1955b9da4063.png','2025-11-08 05:09:27'),(112,2179,'//Clinic/ENT_CLINIC_Attachments/2179/ScannedDocuments/e18b3c9a5cb443df83f611f782a9e622.png','2025-11-08 05:09:32'),(113,2136,'//Clinic/ENT_CLINIC_Attachments/2136/ScannedDocuments/62eb7351cc1442d3b9adbc656248642e.png','2025-11-08 05:10:38'),(114,2044,'//Clinic/ENT_CLINIC_Attachments/2044/ScannedDocuments/1d856d9a76f64b58b5f61df33080eb6a.png','2025-11-08 05:12:22'),(115,2044,'//Clinic/ENT_CLINIC_Attachments/2044/ScannedDocuments/c124cb9de64e456f8bd7467558b1993b.png','2025-11-08 05:12:25'),(116,2070,'//Clinic/ENT_CLINIC_Attachments/2070/ScannedDocuments/bb38eb2ebfee4819a68cdaa664719d5b.png','2025-11-08 05:13:36'),(117,2056,'//Clinic/ENT_CLINIC_Attachments/2056/ScannedDocuments/547e28bad2104372846577721910a6cf.png','2025-11-08 05:18:57'),(118,2016,'//Clinic/ENT_CLINIC_Attachments/2016/ScannedDocuments/81a5fcd32b2d41b7baef7a2a85f5cfd7.png','2025-11-08 05:20:23'),(119,2087,'//Clinic/ENT_CLINIC_Attachments/2087/ScannedDocuments/3f785c88614a4ddd892599996342645d.png','2025-11-08 05:24:36'),(120,2051,'//Clinic/ENT_CLINIC_Attachments/2051/ScannedDocuments/c6daf81c0843404393286a6488e7d735.png','2025-11-08 05:26:57'),(121,2015,'//Clinic/ENT_CLINIC_Attachments/2015/ScannedDocuments/868d15a4f323452cac76aeb41d13a9b9.png','2025-11-08 05:32:26'),(122,2015,'//Clinic/ENT_CLINIC_Attachments/2015/ScannedDocuments/08c0e6254e474b9b86835fe0e6b8bfb6.png','2025-11-08 05:32:31'),(123,2137,'//Clinic/ENT_CLINIC_Attachments/2137/ScannedDocuments/3fc03ab7b155402fa75d1c13c4d7c440.png','2025-11-08 05:42:22'),(124,2181,'//Clinic/ENT_CLINIC_Attachments/2181/ScannedDocuments/f3e9608bd2284c8cbe53e4d38b942d36.png','2025-11-08 05:43:32'),(125,2180,'//Clinic/ENT_CLINIC_Attachments/2180/ScannedDocuments/6ea887b59f2640ebad785e1677f15904.png','2025-11-08 05:44:33'),(126,2052,'//Clinic/ENT_CLINIC_Attachments/2052/ScannedDocuments/aa0004b62e484677ac6faa3f28a91694.png','2025-11-08 05:46:00'),(127,2052,'//Clinic/ENT_CLINIC_Attachments/2052/ScannedDocuments/b94e00403dfa400bbbee334a308312b1.png','2025-11-08 05:48:56'),(128,2190,'//Clinic/ENT_CLINIC_Attachments/2190/ScannedDocuments/3ab47ba4c0dc4b558e2b21bfe2ef95cc.png','2025-11-10 01:30:50'),(129,2190,'//Clinic/ENT_CLINIC_Attachments/2190/ScannedDocuments/fd31f72377434471908ed93f29050892.png','2025-11-10 01:31:09'),(130,2189,'//Clinic/ENT_CLINIC_Attachments/2189/ScannedDocuments/d6d3b5c1bb4c4f92bbdc26ac6af49c3a.png','2025-11-10 01:32:43'),(131,2188,'//Clinic/ENT_CLINIC_Attachments/2188/ScannedDocuments/bb217cc1d1344f60ae20ac54037d6c6e.png','2025-11-10 01:35:59'),(132,2188,'//Clinic/ENT_CLINIC_Attachments/2188/ScannedDocuments/c953b1bb938f4212878284c106ea8e28.png','2025-11-10 01:36:23'),(133,2188,'//Clinic/ENT_CLINIC_Attachments/2188/ScannedDocuments/cfdaffbaa36443f994553ee9f9ca77e3.png','2025-11-10 01:36:37'),(134,2188,'//Clinic/ENT_CLINIC_Attachments/2188/ScannedDocuments/f5b5d23bb8e9424e8767275fc9611c85.png','2025-11-10 01:36:44'),(135,2187,'//Clinic/ENT_CLINIC_Attachments/2187/ScannedDocuments/b40285b5da2d40b9b1fec314392d1994.png','2025-11-10 01:38:28'),(136,2187,'//Clinic/ENT_CLINIC_Attachments/2187/ScannedDocuments/ae4062044ff845efb83b366bf287d3f5.png','2025-11-10 01:40:17'),(137,2187,'//Clinic/ENT_CLINIC_Attachments/2187/ScannedDocuments/beaa887270a64c3f93a165438930c69d.png','2025-11-10 01:40:18'),(138,2185,'//Clinic/ENT_CLINIC_Attachments/2185/ScannedDocuments/424cc9b860c543e0835c0f2366125706.png','2025-11-10 01:42:04'),(139,2185,'//Clinic/ENT_CLINIC_Attachments/2185/ScannedDocuments/86238e4804b9495eb20a80cd22bb28d7.png','2025-11-10 01:42:12'),(140,2184,'//Clinic/ENT_CLINIC_Attachments/2184/ScannedDocuments/e4ef3fb36068469d99b4b437ac4da8fd.png','2025-11-10 01:43:23'),(141,2183,'//Clinic/ENT_CLINIC_Attachments/2183/ScannedDocuments/5214de5a5f7e41ad83c08a07a2d878e1.png','2025-11-10 01:44:27'),(142,2104,'//Clinic/ENT_CLINIC_Attachments/2104/ScannedDocuments/0c51007135a44926a964d91a65bccdd7.png','2025-11-10 01:45:30'),(143,2182,'//Clinic/ENT_CLINIC_Attachments/2182/ScannedDocuments/40b26ebac4a84e8bb46734c1f5775c0d.png','2025-11-10 01:46:52'),(144,2191,'//Clinic/ENT_CLINIC_Attachments/2191/ScannedDocuments/94e1d608f7a0488194ee03c842ffe0fd.png','2025-11-10 02:58:42'),(145,2191,'//Clinic/ENT_CLINIC_Attachments/2191/ScannedDocuments/fa43ff3b506446e3a4a15053c241c482.png','2025-11-10 02:59:06'),(146,2194,'//Clinic/ENT_CLINIC_Attachments/2194/ScannedDocuments/78dd5234dbd84769bdbbb2661cb7243a.png','2025-11-11 01:11:32'),(147,2194,'//Clinic/ENT_CLINIC_Attachments/2194/ScannedDocuments/d0a12ee7c8284e0eadbb21c50b61c78b.png','2025-11-11 01:11:41'),(148,2194,'//Clinic/ENT_CLINIC_Attachments/2194/ScannedDocuments/4cc2e19afb414d7d84800c75c1e65277.png','2025-11-11 01:11:42'),(149,2202,'//Clinic/ENT_CLINIC_Attachments/2202/ScannedDocuments/54de28b716f04859b2904079076acfa1.png','2025-11-11 01:37:09'),(150,2202,'//Clinic/ENT_CLINIC_Attachments/2202/ScannedDocuments/cfc9259dfb65485a88ecb1512f956b09.png','2025-11-11 01:37:11'),(151,2202,'//Clinic/ENT_CLINIC_Attachments/2202/ScannedDocuments/ac4d8dfd497c4fab96c77261a9149109.png','2025-11-11 01:37:14'),(152,2202,'//Clinic/ENT_CLINIC_Attachments/2202/ScannedDocuments/0175a6c027b44bb8b9da475d3375622a.png','2025-11-11 01:37:20'),(153,2201,'//Clinic/ENT_CLINIC_Attachments/2201/ScannedDocuments/3d56af7815444171aad9f198a1d991a2.png','2025-11-11 01:40:50'),(154,2201,'//Clinic/ENT_CLINIC_Attachments/2201/ScannedDocuments/f6a8bfaf81394aaebd8174635d64a6b5.png','2025-11-11 01:40:53'),(155,2201,'//Clinic/ENT_CLINIC_Attachments/2201/ScannedDocuments/22fd277a13344b0298c511826e9f2835.png','2025-11-11 01:40:56'),(156,2200,'//Clinic/ENT_CLINIC_Attachments/2200/ScannedDocuments/ea2e033696224acaa1b76ed508c327c6.png','2025-11-11 01:42:51'),(157,2199,'//Clinic/ENT_CLINIC_Attachments/2199/ScannedDocuments/e80a93bf5e34490487b0b0fc99d4ef37.png','2025-11-11 01:45:08'),(158,2199,'//Clinic/ENT_CLINIC_Attachments/2199/ScannedDocuments/e8ac67a39ddf456a8e0a2a14eda17833.png','2025-11-11 01:45:22'),(159,2198,'//Clinic/ENT_CLINIC_Attachments/2198/ScannedDocuments/5b4a5c1c7639449e9490cef3b3ca907e.png','2025-11-11 01:46:25'),(160,2197,'//Clinic/ENT_CLINIC_Attachments/2197/ScannedDocuments/e1d828183fe94e19bffcd34f550b2d40.png','2025-11-11 01:47:46'),(161,2196,'//Clinic/ENT_CLINIC_Attachments/2196/ScannedDocuments/4a5372dc2cbb41bb86457dd0b8da78fa.png','2025-11-11 01:49:57'),(162,2195,'//Clinic/ENT_CLINIC_Attachments/2195/ScannedDocuments/5032a7d305c347e0981e94bde42d4a63.png','2025-11-11 01:50:56'),(163,2207,'//Clinic/ENT_CLINIC_Attachments/2207/ScannedDocuments/11d112f075d041fe8694d81372065257.png','2025-11-11 05:59:47'),(164,2206,'//Clinic/ENT_CLINIC_Attachments/2206/ScannedDocuments/ae5e74a515284c688d266a31832d06b3.png','2025-11-11 06:01:37'),(165,2205,'//Clinic/ENT_CLINIC_Attachments/2205/ScannedDocuments/b7881e7758564ae2a9df7d43c0356fa5.png','2025-11-11 06:03:09'),(166,2204,'//Clinic/ENT_CLINIC_Attachments/2204/ScannedDocuments/a239d266f9a84c66915db4ec3df6d914.png','2025-11-11 06:04:38'),(167,2209,'//Clinic/ENT_CLINIC_Attachments/2209/ScannedDocuments/6cb87a12324c4da584681c8bb2e138b6.png','2025-11-11 06:08:33'),(168,2027,'//Clinic/ENT_CLINIC_Attachments/2027/ScannedDocuments/3e81e83f55c947beb886949000ddbb17.png','2025-11-13 01:47:40'),(169,2027,'//Clinic/ENT_CLINIC_Attachments/2027/ScannedDocuments/79f7b9d019d44bfb97f3b3c9c4a38652.png','2025-11-13 01:47:46'),(170,2027,'//Clinic/ENT_CLINIC_Attachments/2027/ScannedDocuments/1c83c2e5e64a413183511fb6aef974f8.png','2025-11-13 01:47:49'),(171,2027,'//Clinic/ENT_CLINIC_Attachments/2027/ScannedDocuments/df8f542014ac41308afe3f28293d31cf.png','2025-11-13 01:47:54'),(172,2218,'//Clinic/ENT_CLINIC_Attachments/2218/ScannedDocuments/c30c5530999d4df89e9b4831dbd99a09.png','2025-11-13 01:55:49'),(173,2218,'//Clinic/ENT_CLINIC_Attachments/2218/ScannedDocuments/94e36f1372664c68b00ccadd6ba8cedf.png','2025-11-13 01:55:52'),(174,2218,'//Clinic/ENT_CLINIC_Attachments/2218/ScannedDocuments/943a94ec558e4689a6147cd940182fe6.png','2025-11-13 01:56:00'),(175,2218,'//Clinic/ENT_CLINIC_Attachments/2218/ScannedDocuments/7a79824584fa46f3a1ff284b0fda91e4.png','2025-11-13 01:56:05'),(176,2218,'//Clinic/ENT_CLINIC_Attachments/2218/ScannedDocuments/af60fc3782004d63b264b537cd75fdd8.png','2025-11-13 01:56:07'),(177,2218,'//Clinic/ENT_CLINIC_Attachments/2218/ScannedDocuments/26f7f935893a46d5b4e5936c1a3f9731.png','2025-11-13 01:56:15'),(178,2217,'//Clinic/ENT_CLINIC_Attachments/2217/ScannedDocuments/fa56d6ff1acc4d9ab58b7acbe2aa9301.png','2025-11-13 02:05:25'),(179,2217,'//Clinic/ENT_CLINIC_Attachments/2217/ScannedDocuments/995c13b8836b4b0189906ae2de66f2d8.png','2025-11-13 02:05:31'),(180,2217,'//Clinic/ENT_CLINIC_Attachments/2217/ScannedDocuments/c803989810db45b495ffeabaf40e8a6e.png','2025-11-13 02:05:37'),(181,2217,'//Clinic/ENT_CLINIC_Attachments/2217/ScannedDocuments/0940d764b0c7453ba6bac3146ba7418f.png','2025-11-13 02:05:44'),(182,2217,'//Clinic/ENT_CLINIC_Attachments/2217/ScannedDocuments/598b08f689a34d81b584c16b25977992.png','2025-11-13 02:05:49'),(183,2217,'//Clinic/ENT_CLINIC_Attachments/2217/ScannedDocuments/21e575b0178240eaae01f4a710dcb782.png','2025-11-13 02:06:00'),(184,2217,'//Clinic/ENT_CLINIC_Attachments/2217/ScannedDocuments/3c98298e5b9e4343a8b7892ef1f8eb0a.png','2025-11-13 02:06:07'),(185,2216,'//Clinic/ENT_CLINIC_Attachments/2216/ScannedDocuments/402b1778130844259d529ae770fcb1a4.png','2025-11-13 02:09:17'),(186,2215,'//Clinic/ENT_CLINIC_Attachments/2215/ScannedDocuments/a522f40457e44af19131a481b4f78696.png','2025-11-13 02:11:40'),(187,2215,'//Clinic/ENT_CLINIC_Attachments/2215/ScannedDocuments/14f966ee6b534cecb75efae5b92f1c8e.png','2025-11-13 02:11:44'),(188,2215,'//Clinic/ENT_CLINIC_Attachments/2215/ScannedDocuments/d0639ea8a9324a588a8b8a310c969f69.png','2025-11-13 02:11:49'),(189,2214,'//Clinic/ENT_CLINIC_Attachments/2214/ScannedDocuments/939300c72b034d2fa8c4dab937adc4c5.png','2025-11-13 02:13:17'),(190,2213,'//Clinic/ENT_CLINIC_Attachments/2213/ScannedDocuments/9e06bc9aa02f428a8156f80bfcce45ec.png','2025-11-13 02:17:23'),(191,2213,'//Clinic/ENT_CLINIC_Attachments/2213/ScannedDocuments/3a363bd1fc1249d29290c2669918f2b0.png','2025-11-13 02:17:29'),(192,2212,'//Clinic/ENT_CLINIC_Attachments/2212/ScannedDocuments/c4827d11b3da4ae09df3cecbb1423fbf.png','2025-11-13 02:21:32'),(193,2212,'//Clinic/ENT_CLINIC_Attachments/2212/ScannedDocuments/04cda835fe8349e5ae590e17ca35c64f.png','2025-11-13 02:21:38'),(194,2212,'//Clinic/ENT_CLINIC_Attachments/2212/ScannedDocuments/20f5ba47cedd45fd97d01418168501cc.png','2025-11-13 02:21:44'),(195,2094,'//Clinic/ENT_CLINIC_Attachments/2094/ScannedDocuments/491c718d18d5466e88b7b31871373023.png','2025-11-13 02:27:24'),(196,2094,'//Clinic/ENT_CLINIC_Attachments/2094/ScannedDocuments/79f525ca1be04f78ae9fcee4c563b914.png','2025-11-13 02:27:36'),(197,2094,'//Clinic/ENT_CLINIC_Attachments/2094/ScannedDocuments/d2c6365add4842bb81e9cd27b1fba1f3.png','2025-11-13 02:27:55'),(198,2094,'//Clinic/ENT_CLINIC_Attachments/2094/ScannedDocuments/44932488fa5a4a4dab604cf3c12b75ab.png','2025-11-13 02:28:07'),(199,2094,'//Clinic/ENT_CLINIC_Attachments/2094/ScannedDocuments/36617a2d9e5c40b8af29ba61313b7a06.png','2025-11-13 02:28:19'),(200,2094,'//Clinic/ENT_CLINIC_Attachments/2094/ScannedDocuments/00f46b8f78634b06b0fabc8e45f7d637.png','2025-11-13 02:28:38'),(201,2211,'//Clinic/ENT_CLINIC_Attachments/2211/ScannedDocuments/9451f9a639b4458a93c87aa2c292d355.png','2025-11-13 02:30:43'),(202,2210,'//Clinic/ENT_CLINIC_Attachments/2210/ScannedDocuments/4475a9cb6c7e44608b1b0e7f99ca8bc3.png','2025-11-13 02:32:12'),(203,2069,'//Clinic/ENT_CLINIC_Attachments/2069/ScannedDocuments/a23a281e058f40969d503cd996752aa5.png','2025-11-13 03:51:28'),(204,2069,'//Clinic/ENT_CLINIC_Attachments/2069/ScannedDocuments/40e97f145c84477ebfdba420e57a2365.png','2025-11-13 03:51:34'),(205,2069,'//Clinic/ENT_CLINIC_Attachments/2069/ScannedDocuments/7a5cb04ebfd74043ba21a153173a2523.png','2025-11-13 03:51:40'),(206,2069,'//Clinic/ENT_CLINIC_Attachments/2069/ScannedDocuments/a2755f3c29c14d7f8dd43f6298a1498d.png','2025-11-13 03:51:43'),(207,2223,'//Clinic/ENT_CLINIC_Attachments/2223/ScannedDocuments/e79781b672cd430f8e7147d6ada7d75c.png','2025-11-13 05:41:58'),(208,2222,'//Clinic/ENT_CLINIC_Attachments/2222/ScannedDocuments/0f3dff2448a14efaa74614cca09f1939.png','2025-11-13 05:46:20'),(209,2222,'//Clinic/ENT_CLINIC_Attachments/2222/ScannedDocuments/d832092734444cb0adf690a60748822d.png','2025-11-13 05:46:24'),(210,2222,'//Clinic/ENT_CLINIC_Attachments/2222/ScannedDocuments/0759e04f8910443284016999f31ec463.png','2025-11-13 05:46:27'),(211,2222,'//Clinic/ENT_CLINIC_Attachments/2222/ScannedDocuments/a6cc10b4e4f94c3f8e05aeffddfb23a5.png','2025-11-13 05:46:30'),(212,2221,'//Clinic/ENT_CLINIC_Attachments/2221/ScannedDocuments/942d4565ade14541a41e4f95ae676e34.png','2025-11-13 05:51:02'),(213,2221,'//Clinic/ENT_CLINIC_Attachments/2221/ScannedDocuments/b25c392086f94163aac3a0b61e072f80.png','2025-11-13 05:51:08'),(214,2221,'//Clinic/ENT_CLINIC_Attachments/2221/ScannedDocuments/57dc8c2859b94418964de57069e914ce.png','2025-11-13 05:51:13'),(215,2221,'//Clinic/ENT_CLINIC_Attachments/2221/ScannedDocuments/76e600e5fb804fe6b6c2c33ddd75c2b1.png','2025-11-13 05:51:20'),(216,2221,'//Clinic/ENT_CLINIC_Attachments/2221/ScannedDocuments/88be167b8e8b4f87844308a540fd8ee2.png','2025-11-13 05:51:27'),(217,2220,'//Clinic/ENT_CLINIC_Attachments/2220/ScannedDocuments/44643bf365ac4811b6b1a3d86e1b90e6.png','2025-11-13 05:53:35'),(218,2220,'//Clinic/ENT_CLINIC_Attachments/2220/ScannedDocuments/d3a0b3857b0c4eddbf3374f7f786c11b.png','2025-11-13 05:53:39'),(219,2219,'//Clinic/ENT_CLINIC_Attachments/2219/ScannedDocuments/c75da559255b4e3d803e1f24187d6f7d.png','2025-11-13 05:54:58'),(220,2233,'//Clinic/ENT_CLINIC_Attachments/2233/ScannedDocuments/26246f8bf69244329354759c603ff433.png','2025-11-14 02:25:29'),(221,2233,'//Clinic/ENT_CLINIC_Attachments/2233/ScannedDocuments/9efeb077aee44916bf61cc3deadc817b.png','2025-11-14 02:25:33'),(222,2233,'//Clinic/ENT_CLINIC_Attachments/2233/ScannedDocuments/b77e0a48e376488c8b98296c18887162.png','2025-11-14 02:25:40'),(223,2232,'//Clinic/ENT_CLINIC_Attachments/2232/ScannedDocuments/d6403e61441c47d0be4352461005086e.png','2025-11-14 02:27:25'),(224,2231,'//Clinic/ENT_CLINIC_Attachments/2231/ScannedDocuments/920810f600db4db7ba0ae4bb2d62d67b.png','2025-11-14 02:28:21'),(225,2230,'//Clinic/ENT_CLINIC_Attachments/2230/ScannedDocuments/ef7607b3bde94c198d7763b05f5b1f41.png','2025-11-14 02:29:25'),(226,2229,'//Clinic/ENT_CLINIC_Attachments/2229/ScannedDocuments/5ce62a1f929e43ca91e4288240741a08.png','2025-11-14 02:30:22'),(227,2228,'//Clinic/ENT_CLINIC_Attachments/2228/ScannedDocuments/9589e9ff974c4226a4905c2f4c356352.png','2025-11-14 02:32:23'),(228,2228,'//Clinic/ENT_CLINIC_Attachments/2228/ScannedDocuments/adb6827b6c7a4cdea4b81525e38cc058.png','2025-11-14 02:32:45'),(229,2227,'//Clinic/ENT_CLINIC_Attachments/2227/ScannedDocuments/8ee3dfdeb291439c89f4dc4c48b78782.png','2025-11-14 02:33:54'),(230,2226,'//Clinic/ENT_CLINIC_Attachments/2226/ScannedDocuments/8b10740e0efe4b628f754e290e6088e3.png','2025-11-14 02:34:53'),(231,2225,'//Clinic/ENT_CLINIC_Attachments/2225/ScannedDocuments/e59b28945d7646adb852729bb9a16dcf.png','2025-11-14 02:36:41'),(232,2225,'//Clinic/ENT_CLINIC_Attachments/2225/ScannedDocuments/f26c4a624daa45fab0a062e877de8403.png','2025-11-14 02:36:45'),(233,2224,'//Clinic/ENT_CLINIC_Attachments/2224/ScannedDocuments/dff6d298766d4db5918ac1bf59705136.png','2025-11-14 02:43:04'),(234,2224,'//Clinic/ENT_CLINIC_Attachments/2224/ScannedDocuments/0564ae5dcb1146a6b373d15091deddd9.png','2025-11-14 02:43:07'),(235,2224,'//Clinic/ENT_CLINIC_Attachments/2224/ScannedDocuments/a23db53538ee4656b369dea8a2cd85d6.png','2025-11-14 02:43:10'),(236,2224,'//Clinic/ENT_CLINIC_Attachments/2224/ScannedDocuments/7aa70d35bfa44437b1b226fd77c31667.png','2025-11-14 02:43:14'),(237,2224,'//Clinic/ENT_CLINIC_Attachments/2224/ScannedDocuments/a62b42ec8ee143be95a93bb192b70b25.png','2025-11-14 02:43:17'),(238,2224,'//Clinic/ENT_CLINIC_Attachments/2224/ScannedDocuments/1fa61bbb6796428aa73b5fd13954fa3d.png','2025-11-14 02:43:23'),(239,2224,'//Clinic/ENT_CLINIC_Attachments/2224/ScannedDocuments/5e7e6d7b4683441ab06410320714422c.png','2025-11-14 02:43:27'),(240,2245,'//Clinic/ENT_CLINIC_Attachments/2245/ScannedDocuments/e2b2949da608483aa06ff8f5d049c66d.png','2025-11-17 01:27:45'),(241,2244,'//Clinic/ENT_CLINIC_Attachments/2244/ScannedDocuments/908d80eee8d94ce5963a22d382a8474e.png','2025-11-17 01:29:00'),(242,2243,'//Clinic/ENT_CLINIC_Attachments/2243/ScannedDocuments/963dab70ff2340729ddd0bdd8c8dbe2e.png','2025-11-17 01:32:56'),(243,2243,'//Clinic/ENT_CLINIC_Attachments/2243/ScannedDocuments/ed4d67ebb9184e1c8eeff094ad6c1ff3.png','2025-11-17 01:33:00'),(244,2243,'//Clinic/ENT_CLINIC_Attachments/2243/ScannedDocuments/35750fce6b2d4841ba01b0ef3aa13769.png','2025-11-17 01:33:04'),(245,2243,'//Clinic/ENT_CLINIC_Attachments/2243/ScannedDocuments/877c356a56494a179d740b9b8574f889.png','2025-11-17 01:33:08'),(246,2242,'//Clinic/ENT_CLINIC_Attachments/2242/ScannedDocuments/61a7bbf45f0745919d84a472d637da21.png','2025-11-17 01:34:31'),(247,2241,'//Clinic/ENT_CLINIC_Attachments/2241/ScannedDocuments/fea27d6053184a23b049c6acf77019f2.png','2025-11-17 01:35:44'),(248,2240,'//Clinic/ENT_CLINIC_Attachments/2240/ScannedDocuments/2abd0697dcde4f0d89742e666a325516.png','2025-11-17 01:36:48'),(249,2239,'//Clinic/ENT_CLINIC_Attachments/2239/ScannedDocuments/16bdf58d50b34dacb79cdbc63d56e82b.png','2025-11-17 01:38:30'),(250,2239,'//Clinic/ENT_CLINIC_Attachments/2239/ScannedDocuments/01a3ddbf24bd47c0a2db444fc231252d.png','2025-11-17 01:38:35'),(251,2238,'//Clinic/ENT_CLINIC_Attachments/2238/ScannedDocuments/76f4ca2b0d6a44209ce4d6a5b731ea30.png','2025-11-17 01:39:53'),(252,2237,'//Clinic/ENT_CLINIC_Attachments/2237/ScannedDocuments/3b7b9c7e0ec540baadfd60cb2503d1cb.png','2025-11-17 01:41:44'),(253,2237,'//Clinic/ENT_CLINIC_Attachments/2237/ScannedDocuments/9d446927b8774ec796719c9f396405e5.png','2025-11-17 01:41:47'),(254,2236,'//Clinic/ENT_CLINIC_Attachments/2236/ScannedDocuments/5e9a3f8fcf4b472ea7db8413763a2809.png','2025-11-17 01:42:52'),(255,2235,'//Clinic/ENT_CLINIC_Attachments/2235/ScannedDocuments/74c457a9c1944843ae6c8a5825d4d89a.png','2025-11-17 01:43:58'),(256,2234,'//Clinic/ENT_CLINIC_Attachments/2234/ScannedDocuments/04c1364307864b5381124a6d5ef417f7.png','2025-11-17 01:45:15'),(257,2243,'//Clinic/ENT_CLINIC_Attachments/2243/ScannedDocuments/a520204b3e8748e8a974aca269d69a2d.png','2025-11-17 05:39:26'),(258,2059,'//Clinic/ENT_CLINIC_Attachments/2059/ScannedDocuments/630a525ec68a43d1a951e977df0c2c73.png','2025-11-17 08:10:31'),(259,2059,'//Clinic/ENT_CLINIC_Attachments/2059/ScannedDocuments/c24e84c1f9424ab8886cec0e31e1cf6c.png','2025-11-17 08:10:31'),(260,2059,'//Clinic/ENT_CLINIC_Attachments/2059/ScannedDocuments/57871aeb1fe84065a0b3f37040088f3e.png','2025-11-17 08:10:31'),(261,2249,'//Clinic/ENT_CLINIC_Attachments/2249/ScannedDocuments/1ede234acd0d49d3867005be3a3161b8.png','2025-11-17 08:12:25'),(262,2249,'//Clinic/ENT_CLINIC_Attachments/2249/ScannedDocuments/676296282ffd4d93befbf3c364ffc101.png','2025-11-17 08:12:25'),(263,2248,'//Clinic/ENT_CLINIC_Attachments/2248/ScannedDocuments/d6fc00f6f69c4f54a0748a5ac514c52e.png','2025-11-17 08:14:40'),(264,2248,'//Clinic/ENT_CLINIC_Attachments/2248/ScannedDocuments/b7343505a8944cccaa8321aa412cf5a5.png','2025-11-17 08:14:40'),(265,2253,'//Clinic/ENT_CLINIC_Attachments/2253/ScannedDocuments/e41324798a304aa9bd4adb27f02d5ced.png','2025-11-18 01:23:29'),(266,2253,'//Clinic/ENT_CLINIC_Attachments/2253/ScannedDocuments/547191cd1dad4ad58c3ae512745fdc34.png','2025-11-18 01:23:29'),(267,2253,'//Clinic/ENT_CLINIC_Attachments/2253/ScannedDocuments/f8eb8a2022ef4c869782ff463688cdcf.png','2025-11-18 01:23:30'),(268,2252,'//Clinic/ENT_CLINIC_Attachments/2252/ScannedDocuments/edbec5ec7b3344e6b1f23da3793e0d1c.png','2025-11-18 01:26:07'),(269,2251,'//Clinic/ENT_CLINIC_Attachments/2251/ScannedDocuments/85154ccbb2604661805da04f92feb3cf.png','2025-11-18 01:28:24'),(270,2250,'//Clinic/ENT_CLINIC_Attachments/2250/ScannedDocuments/40513dcb2c2644d78435b4e8a4ceb0da.png','2025-11-18 01:39:14'),(271,2250,'//Clinic/ENT_CLINIC_Attachments/2250/ScannedDocuments/17309dc195164894bdc1f887de263556.png','2025-11-18 01:39:14'),(272,2250,'//Clinic/ENT_CLINIC_Attachments/2250/ScannedDocuments/be1735523cd04ec38190fbe70776859a.png','2025-11-18 01:39:15'),(273,2250,'//Clinic/ENT_CLINIC_Attachments/2250/ScannedDocuments/1a4ef789aa3c4c14b51d95516141250f.png','2025-11-18 01:39:16'),(274,2250,'//Clinic/ENT_CLINIC_Attachments/2250/ScannedDocuments/dc28a90becf4477ab9b5db31a90d07d4.png','2025-11-18 01:39:16'),(275,2250,'//Clinic/ENT_CLINIC_Attachments/2250/ScannedDocuments/e5d395609f3d400884d0c6b630054e34.png','2025-11-18 01:39:17'),(276,2250,'//Clinic/ENT_CLINIC_Attachments/2250/ScannedDocuments/a3a9d6ef097a4d4c8bc8ed8732053cbf.png','2025-11-18 01:39:18'),(277,2247,'//Clinic/ENT_CLINIC_Attachments/2247/ScannedDocuments/7bce23c14cb346fbbeabcece6d39c388.png','2025-11-18 01:45:32'),(278,2247,'//Clinic/ENT_CLINIC_Attachments/2247/ScannedDocuments/14556ff95d2d4862a3ede7ab5613bcb6.png','2025-11-18 01:45:33'),(279,2247,'//Clinic/ENT_CLINIC_Attachments/2247/ScannedDocuments/cfaab91cab1e46ff8abe542a67fa7fd3.png','2025-11-18 01:45:33'),(280,2081,'//Clinic/ENT_CLINIC_Attachments/2081/ScannedDocuments/9a422041ac3c40618a1fe22e55739df6.png','2025-11-18 01:55:10'),(281,2081,'//Clinic/ENT_CLINIC_Attachments/2081/ScannedDocuments/42f93520f60642c097538f8cc0cadb9f.png','2025-11-18 01:55:10'),(282,2081,'//Clinic/ENT_CLINIC_Attachments/2081/ScannedDocuments/b94d8adadb0347f0bc555f462b0c93a2.png','2025-11-18 01:55:11'),(283,2081,'//Clinic/ENT_CLINIC_Attachments/2081/ScannedDocuments/916f2453f5ef4c32b096a590a733bc8d.png','2025-11-18 01:55:11'),(284,2081,'//Clinic/ENT_CLINIC_Attachments/2081/ScannedDocuments/824c7c00836f4895a3e9930263b0ce8e.png','2025-11-18 01:55:12'),(285,2254,'//Clinic/ENT_CLINIC_Attachments/2254/ScannedDocuments/2c6b97d6f7ec4d1c9c7b93a3904bc997.png','2025-11-18 02:04:23'),(286,2256,'//Clinic/ENT_CLINIC_Attachments/2256/ScannedDocuments/0886570007d3402e8c0a8800f768e933.png','2025-11-18 02:07:28'),(287,2255,'//Clinic/ENT_CLINIC_Attachments/2255/ScannedDocuments/ecb95cf537744586b0b539e3e841f4a7.png','2025-11-18 02:09:03'),(288,2099,'//Clinic/ENT_CLINIC_Attachments/2099/ScannedDocuments/658919cea5da4b30aeef265dda66772c.png','2025-11-18 02:53:35'),(289,2099,'//Clinic/ENT_CLINIC_Attachments/2099/ScannedDocuments/6ad70c33f7054c2f995b81333639e27e.png','2025-11-18 02:53:36'),(290,2099,'//Clinic/ENT_CLINIC_Attachments/2099/ScannedDocuments/3183856257c445519341519495d0e5cf.png','2025-11-18 02:53:36'),(291,2257,'//Clinic/ENT_CLINIC_Attachments/2257/ScannedDocuments/54ec8f6bdc4945759d046922377a1b03.png','2025-11-18 02:59:33'),(292,2163,'//Clinic/ENT_CLINIC_Attachments/2163/ScannedDocuments/54a83d990d294a6cbf2414e7e1765629.png','2025-11-18 06:52:44'),(293,2266,'//Clinic/ENT_CLINIC_Attachments/2266/ScannedDocuments/77df9913fc0c4e2c879c09072dd4d03e.png','2025-11-20 00:41:54'),(294,2266,'//Clinic/ENT_CLINIC_Attachments/2266/ScannedDocuments/9aa237f7899b443598ef8c57a5cb5705.png','2025-11-20 00:41:54'),(295,2266,'//Clinic/ENT_CLINIC_Attachments/2266/ScannedDocuments/8ccaf1be2dc149f6a8dc765bf7855e9e.png','2025-11-20 00:41:54'),(296,2257,'//Clinic/ENT_CLINIC_Attachments/2257/ScannedDocuments/bb6de0d8712546a7bffc032535b9bd28.png','2025-11-20 00:43:33'),(297,2261,'//Clinic/ENT_CLINIC_Attachments/2261/ScannedDocuments/b7dedea38c924ba6b1d00fed55e14b90.png','2025-11-20 00:45:22'),(298,2261,'//Clinic/ENT_CLINIC_Attachments/2261/ScannedDocuments/0c139a843d20428997512f2e31dabfa4.png','2025-11-20 00:45:22'),(299,2260,'//Clinic/ENT_CLINIC_Attachments/2260/ScannedDocuments/fd84a3761b184c79adda49b66d9a1259.png','2025-11-20 00:47:37'),(300,2260,'//Clinic/ENT_CLINIC_Attachments/2260/ScannedDocuments/c8fbdc92c46744cea5f3205aa5bf01ee.png','2025-11-20 00:47:37'),(301,2260,'//Clinic/ENT_CLINIC_Attachments/2260/ScannedDocuments/c8cdf0aaa8d0484780d0cf43ad104f4c.png','2025-11-20 00:47:37'),(302,2265,'//Clinic/ENT_CLINIC_Attachments/2265/ScannedDocuments/c99179088b80448abe3a8543d1617049.png','2025-11-20 00:49:08'),(303,2271,'//Clinic/ENT_CLINIC_Attachments/2271/ScannedDocuments/c1dec25282344e978c409215ae98d65e.png','2025-11-21 00:52:18'),(304,2271,'//Clinic/ENT_CLINIC_Attachments/2271/ScannedDocuments/2316202fa0f246398c0cee2bba6ecb54.png','2025-11-21 00:52:18'),(305,2271,'//Clinic/ENT_CLINIC_Attachments/2271/ScannedDocuments/eed242800e9041469ba910c58152c423.png','2025-11-21 00:52:18'),(306,2271,'//Clinic/ENT_CLINIC_Attachments/2271/ScannedDocuments/209820de173c4bf79ed27f64114bb321.png','2025-11-21 00:52:18'),(307,2271,'//Clinic/ENT_CLINIC_Attachments/2271/ScannedDocuments/19e116d1b0394042803ef1c42877e06d.png','2025-11-21 00:52:18'),(308,2271,'//Clinic/ENT_CLINIC_Attachments/2271/ScannedDocuments/c9e5c6255fc84d47b1901136cb99aaa3.png','2025-11-21 00:52:18'),(309,2271,'//Clinic/ENT_CLINIC_Attachments/2271/ScannedDocuments/9fdf1af6ab9f4f0982865d0fb91d2cb2.png','2025-11-21 00:52:18'),(310,2271,'//Clinic/ENT_CLINIC_Attachments/2271/ScannedDocuments/2deeaf74a130409988c06cd2c7226b81.png','2025-11-21 00:52:18'),(311,2270,'//Clinic/ENT_CLINIC_Attachments/2270/ScannedDocuments/f257c1aaccce4ed096c3213d7bd92858.png','2025-11-21 01:04:34'),(312,2270,'//Clinic/ENT_CLINIC_Attachments/2270/ScannedDocuments/ec9065e52223416285aa38f3809624eb.png','2025-11-21 01:04:34'),(313,2270,'//Clinic/ENT_CLINIC_Attachments/2270/ScannedDocuments/230db3693d1245a3b32377af32ccb94d.png','2025-11-21 01:04:34'),(314,2270,'//Clinic/ENT_CLINIC_Attachments/2270/ScannedDocuments/6efb1c7f74ee4eadaa958b2659926e3f.png','2025-11-21 01:04:34'),(315,2270,'//Clinic/ENT_CLINIC_Attachments/2270/ScannedDocuments/f9e2ac24e9b04fc2b84e1f19db3479da.png','2025-11-21 01:04:34'),(316,2270,'//Clinic/ENT_CLINIC_Attachments/2270/ScannedDocuments/88d4246cf1b041b095251d0fd213847f.png','2025-11-21 01:04:34'),(317,2270,'//Clinic/ENT_CLINIC_Attachments/2270/ScannedDocuments/fa48a8e16e134822bfc2efd39892df7b.png','2025-11-21 01:04:34'),(318,2270,'//Clinic/ENT_CLINIC_Attachments/2270/ScannedDocuments/3cfba6af71e146f4b36dd37a446df8da.png','2025-11-21 01:04:34'),(319,2270,'//Clinic/ENT_CLINIC_Attachments/2270/ScannedDocuments/c37b4d8458a04017a3fd65ce4a2fff4d.png','2025-11-21 01:04:34'),(320,2270,'//Clinic/ENT_CLINIC_Attachments/2270/ScannedDocuments/1f447d56e8e048918c25e8d3d4c2a96d.png','2025-11-21 01:04:34'),(321,2270,'//Clinic/ENT_CLINIC_Attachments/2270/ScannedDocuments/e109cb0ad9914c1c9be0ec5de3180db8.png','2025-11-21 01:04:34'),(322,2270,'//Clinic/ENT_CLINIC_Attachments/2270/ScannedDocuments/5238bb3f4e4043a69645ceb6f4986852.png','2025-11-21 01:04:34'),(323,2270,'//Clinic/ENT_CLINIC_Attachments/2270/ScannedDocuments/8786ab88fceb45a6a28adc837e85c472.png','2025-11-21 01:04:34'),(324,2270,'//Clinic/ENT_CLINIC_Attachments/2270/ScannedDocuments/4ded135e8e2f46d396c210c1c73217fa.png','2025-11-21 01:04:34'),(325,2270,'//Clinic/ENT_CLINIC_Attachments/2270/ScannedDocuments/61d830f72fad43e581409862fa700db3.png','2025-11-21 01:04:34'),(326,2270,'//Clinic/ENT_CLINIC_Attachments/2270/ScannedDocuments/8afb73499d224334b124cf4a04c33716.png','2025-11-21 01:04:34'),(327,2267,'//Clinic/ENT_CLINIC_Attachments/2267/ScannedDocuments/2efa856d497446d69da6e87e1f1f37bf.png','2025-11-21 01:06:04'),(328,2274,'//Clinic/ENT_CLINIC_Attachments/2274/ScannedDocuments/f08702e8402f45bcaab50f712172d088.png','2025-11-21 01:46:18'),(329,2276,'//Clinic/ENT_CLINIC_Attachments/2276/ScannedDocuments/89cc2156c7b0479991bb7f7dbe861b44.png','2025-11-21 01:48:06'),(330,2276,'//Clinic/ENT_CLINIC_Attachments/2276/ScannedDocuments/9d85b5dd05c2484cb1d3fee205706887.png','2025-11-21 01:48:06'),(331,2275,'//Clinic/ENT_CLINIC_Attachments/2275/ScannedDocuments/c96e810f73e042cdbbe8fab0b11b5545.png','2025-11-21 01:49:48'),(332,2275,'//Clinic/ENT_CLINIC_Attachments/2275/ScannedDocuments/82b9dcc4eed141a3a13f0d223e3c43e7.png','2025-11-21 01:49:48'),(333,2277,'//Clinic/ENT_CLINIC_Attachments/2277/ScannedDocuments/4a883ecc690f4853935d4ae60f006154.png','2025-11-21 02:17:11'),(334,2277,'//Clinic/ENT_CLINIC_Attachments/2277/ScannedDocuments/687de66f653d4ef5816890f62ed0abd9.png','2025-11-21 02:17:11'),(335,2278,'//Clinic/ENT_CLINIC_Attachments/2278/ScannedDocuments/c26882db256b4f1c834ea9793b54cf06.png','2025-11-21 02:25:05'),(336,2277,'//Clinic/ENT_CLINIC_Attachments/2277/ScannedDocuments/07aac78e0b3d428bae0e8f2caf0fd2c9.png','2025-11-21 03:04:10'),(337,2277,'//Clinic/ENT_CLINIC_Attachments/2277/ScannedDocuments/040faca0dbe24b5eb7b7074066a37632.png','2025-11-21 03:04:10'),(338,2281,'//Clinic/ENT_CLINIC_Attachments/2281/ScannedDocuments/263fc5ef614442219fa692bbbaf7cb75.png','2025-11-22 03:20:46'),(339,2285,'//Clinic/ENT_CLINIC_Attachments/2285/ScannedDocuments/0f9ad9babeb44ef09709e63d77aa80b6.png','2025-11-22 03:22:18'),(340,2279,'//Clinic/ENT_CLINIC_Attachments/2279/ScannedDocuments/2a8e60cd185945359636881d268d898b.png','2025-11-22 03:23:29'),(341,2266,'//Clinic/ENT_CLINIC_Attachments/2266/ScannedDocuments/b43c10902cb84b96935e0c74f65c0890.png','2025-11-22 04:35:29'),(342,2286,'//Clinic/ENT_CLINIC_Attachments/2286/ScannedDocuments/e16d55b2b7ec4629b864cd1a98f34d0c.png','2025-11-22 05:30:06'),(343,2294,'//Clinic/ENT_CLINIC_Attachments/2294/ScannedDocuments/cc16a2764a6d4150bf97fa6973008a98.png','2025-11-22 05:32:04'),(344,2294,'//Clinic/ENT_CLINIC_Attachments/2294/ScannedDocuments/b6e0f854ddd449f79b8d36b947cf8018.png','2025-11-22 05:32:07'),(345,2293,'//Clinic/ENT_CLINIC_Attachments/2293/ScannedDocuments/30fcf6e8e3224c71858d13c82b79c0ec.png','2025-11-22 05:34:28'),(346,2293,'//Clinic/ENT_CLINIC_Attachments/2293/ScannedDocuments/972485053b024246a95b3815086a4dcc.png','2025-11-22 05:34:30'),(347,2293,'//Clinic/ENT_CLINIC_Attachments/2293/ScannedDocuments/b97f8f44abe44276aa17c2a012592d4c.png','2025-11-22 05:34:32'),(348,2292,'//Clinic/ENT_CLINIC_Attachments/2292/ScannedDocuments/a0cd6352b29d44b9ad50e4721288efc6.png','2025-11-22 05:35:48'),(349,2291,'//Clinic/ENT_CLINIC_Attachments/2291/ScannedDocuments/d3cc49198bde42718e3a1423bd077793.png','2025-11-22 05:36:39'),(350,2290,'//Clinic/ENT_CLINIC_Attachments/2290/ScannedDocuments/d581e6a9b4f14dc5996142c07b030eb1.png','2025-11-22 05:38:17'),(351,2289,'//Clinic/ENT_CLINIC_Attachments/2289/ScannedDocuments/388a5528e6f648cfb0bb4d8379f4d3eb.png','2025-11-22 05:39:17'),(352,2288,'//Clinic/ENT_CLINIC_Attachments/2288/ScannedDocuments/fff46c9d571a481ca3bb506e64576682.png','2025-11-22 05:40:13'),(353,2287,'//Clinic/ENT_CLINIC_Attachments/2287/ScannedDocuments/589bcce0ebc3483dbd83ba581dd0c3f5.png','2025-11-22 05:41:24'),(354,2312,'//Clinic/ENT_CLINIC_Attachments/2312/ScannedDocuments/d968f140c1944884a1fc8fbe09c294b3.png','2025-11-24 01:22:09'),(355,2311,'//Clinic/ENT_CLINIC_Attachments/2311/ScannedDocuments/893f9374b302425baff5a3a5b2b15d81.png','2025-11-24 01:23:15'),(356,2310,'//Clinic/ENT_CLINIC_Attachments/2310/ScannedDocuments/eeca720a348b47bf944546ec15fd6679.png','2025-11-24 01:24:16'),(357,2309,'//Clinic/ENT_CLINIC_Attachments/2309/ScannedDocuments/192f1645deb546c583f5a4aacb904a76.png','2025-11-24 01:25:56'),(358,2309,'//Clinic/ENT_CLINIC_Attachments/2309/ScannedDocuments/54d1639b4a0d401ca9c9a384ac2b0df4.png','2025-11-24 01:25:58'),(359,2308,'//Clinic/ENT_CLINIC_Attachments/2308/ScannedDocuments/6b4697d79178409e9c7be7dd010f3240.png','2025-11-24 01:28:59'),(360,2308,'//Clinic/ENT_CLINIC_Attachments/2308/ScannedDocuments/ca55b67fd1ac4aa4a65781c87a5510e3.png','2025-11-24 01:29:00'),(361,2308,'//Clinic/ENT_CLINIC_Attachments/2308/ScannedDocuments/cf1d0a0831964ef4b01d3e036805cbb4.png','2025-11-24 01:29:01'),(362,2307,'//Clinic/ENT_CLINIC_Attachments/2307/ScannedDocuments/a12bfc0ef55a406e848c348e611a9b2f.png','2025-11-24 01:30:46'),(363,2307,'//Clinic/ENT_CLINIC_Attachments/2307/ScannedDocuments/f764b752d6d14e1a96a8692125f2ad7a.png','2025-11-24 01:30:47'),(364,2306,'//Clinic/ENT_CLINIC_Attachments/2306/ScannedDocuments/420ead73109c42d08000c52882afbe5c.png','2025-11-24 01:32:46'),(365,2305,'//Clinic/ENT_CLINIC_Attachments/2305/ScannedDocuments/e2db9ba9125e473b953aa96533702b73.png','2025-11-24 01:36:43'),(366,2305,'//Clinic/ENT_CLINIC_Attachments/2305/ScannedDocuments/abb2a50438d94f8680d01a006b9e7df3.png','2025-11-24 01:36:45'),(367,2305,'//Clinic/ENT_CLINIC_Attachments/2305/ScannedDocuments/2875fa98eacd46c7be897fcb0b4cc22a.png','2025-11-24 01:36:48'),(368,2305,'//Clinic/ENT_CLINIC_Attachments/2305/ScannedDocuments/a14757e7648843f78537fea1756659d1.png','2025-11-24 01:36:49'),(369,2305,'//Clinic/ENT_CLINIC_Attachments/2305/ScannedDocuments/c1f0a29a552c480c8fa0e08f9c2f2c1b.png','2025-11-24 01:36:50'),(370,2304,'//Clinic/ENT_CLINIC_Attachments/2304/ScannedDocuments/b8ff3f60fb0543e498586b7463aa115e.png','2025-11-24 01:38:33'),(371,2303,'//Clinic/ENT_CLINIC_Attachments/2303/ScannedDocuments/0284eaf5af7b4e6ea112aa6ff4b13842.png','2025-11-24 01:41:49'),(372,2303,'//Clinic/ENT_CLINIC_Attachments/2303/ScannedDocuments/90fbf61ee37d49a0b55d282f17b10162.png','2025-11-24 01:41:51'),(373,2303,'//Clinic/ENT_CLINIC_Attachments/2303/ScannedDocuments/9c426f67844e473988ef0ef3583157bf.png','2025-11-24 01:41:53'),(374,2302,'//Clinic/ENT_CLINIC_Attachments/2302/ScannedDocuments/53d561badac34236833dde0c19be1892.png','2025-11-24 01:42:54'),(375,2301,'//Clinic/ENT_CLINIC_Attachments/2301/ScannedDocuments/31fdb8c3c98d4b0d8233f312c0304ec6.png','2025-11-24 01:43:46'),(376,2300,'//Clinic/ENT_CLINIC_Attachments/2300/ScannedDocuments/e8f0d691a7c74ac5845ac652f0c16f30.png','2025-11-24 01:44:40'),(377,2299,'//Clinic/ENT_CLINIC_Attachments/2299/ScannedDocuments/4db06c93b3684d0e83fcd66f325e5fb2.png','2025-11-24 01:45:37'),(378,2298,'//Clinic/ENT_CLINIC_Attachments/2298/ScannedDocuments/332c42fd7f1b475c91f35217abe4298d.png','2025-11-24 01:48:44'),(379,2298,'//Clinic/ENT_CLINIC_Attachments/2298/ScannedDocuments/4c4ff56d6b004672a24f047de2ae31e5.png','2025-11-24 01:48:46'),(380,2298,'//Clinic/ENT_CLINIC_Attachments/2298/ScannedDocuments/3329ba62bd8d432db8b4c02b68d9d086.png','2025-11-24 01:48:48'),(381,2298,'//Clinic/ENT_CLINIC_Attachments/2298/ScannedDocuments/cf305ac9edb149c0bf72a7ca208ebd2e.png','2025-11-24 01:48:48'),(382,2297,'//Clinic/ENT_CLINIC_Attachments/2297/ScannedDocuments/45264aedb0cf4ed39de35595f46d09b3.png','2025-11-24 01:49:59'),(383,2296,'//Clinic/ENT_CLINIC_Attachments/2296/ScannedDocuments/b1de706c5e43488fb0bc3be82d4f0fcd.png','2025-11-24 01:50:52'),(384,2295,'//Clinic/ENT_CLINIC_Attachments/2295/ScannedDocuments/a1051c96d8b349478262f1ba8a8acfa0.png','2025-11-24 01:52:02'),(385,2099,'//Clinic/ENT_CLINIC_Attachments/2099/ScannedDocuments/8c07caf9adbe4f86a5d012986da7c1c9.png','2025-11-24 03:13:47'),(386,2099,'//Clinic/ENT_CLINIC_Attachments/2099/ScannedDocuments/dbfea290f31e4e699011bcd36b32c9fd.png','2025-11-24 03:13:49'),(387,2317,'//Clinic/ENT_CLINIC_Attachments/2317/ScannedDocuments/5e4e89ee15864d55b457314207440f52.png','2025-11-24 04:46:36'),(388,2317,'//Clinic/ENT_CLINIC_Attachments/2317/ScannedDocuments/31d12f1a124540f5beead447ddea8d54.png','2025-11-24 04:46:41'),(389,2317,'//Clinic/ENT_CLINIC_Attachments/2317/ScannedDocuments/bd9bfcbe10cd4adabf7e7b4d7ea616e9.png','2025-11-24 04:46:45'),(390,2317,'//Clinic/ENT_CLINIC_Attachments/2317/ScannedDocuments/0ff07015f03d49d4b7c3447a477c2ccb.png','2025-11-24 04:46:49'),(391,2317,'//Clinic/ENT_CLINIC_Attachments/2317/ScannedDocuments/0890550e524b4344a81147df572b0321.png','2025-11-24 04:46:51'),(392,2318,'//Clinic/ENT_CLINIC_Attachments/2318/ScannedDocuments/99076c2ffb4a4275a80237f32df29803.png','2025-11-24 04:52:28'),(393,2246,'//Clinic/ENT_CLINIC_Attachments/2246/ScannedDocuments/15899ceac9cf4260b706b6a368f4522d.png','2025-11-24 05:20:32'),(394,2331,'//Clinic/ENT_CLINIC_Attachments/2331/ScannedDocuments/16027fcb617946ae9f7075b9a9d4978f.png','2025-11-25 01:18:07'),(395,2330,'//Clinic/ENT_CLINIC_Attachments/2330/ScannedDocuments/471f89b2500f45bbbb6ea51ed9943d56.png','2025-11-25 01:21:13'),(396,2329,'//Clinic/ENT_CLINIC_Attachments/2329/ScannedDocuments/78399d12f1564f469334737f0632cac6.png','2025-11-25 01:24:31'),(397,2328,'//Clinic/ENT_CLINIC_Attachments/2328/ScannedDocuments/5eae74f5b2c245c0a225f8b2b9e74e73.png','2025-11-25 01:30:17'),(398,2327,'//Clinic/ENT_CLINIC_Attachments/2327/ScannedDocuments/13d82a10f25e40cf86f9ab9dd5278b09.png','2025-11-25 01:35:02'),(399,2326,'//Clinic/ENT_CLINIC_Attachments/2326/ScannedDocuments/d02313ff4ae042efa2dc1d3f13d6ee10.png','2025-11-25 01:41:17'),(400,2326,'//Clinic/ENT_CLINIC_Attachments/2326/ScannedDocuments/48aea852e0f745179b418ad043e2476d.png','2025-11-25 01:41:31'),(401,2325,'//Clinic/ENT_CLINIC_Attachments/2325/ScannedDocuments/7cd28d7ed63442b4bbd28b01dfb3b472.png','2025-11-25 01:44:58'),(402,2324,'//Clinic/ENT_CLINIC_Attachments/2324/ScannedDocuments/bc7c4306a63e4aefb0f2ddea38af48c0.png','2025-11-25 01:51:04'),(403,2324,'//Clinic/ENT_CLINIC_Attachments/2324/ScannedDocuments/3e6d766de6d14d21b2d629884f288eb0.png','2025-11-25 01:51:28'),(404,2324,'//Clinic/ENT_CLINIC_Attachments/2324/ScannedDocuments/9cbe677755774bab97f80fc6657f5983.png','2025-11-25 01:56:26'),(405,2324,'//Clinic/ENT_CLINIC_Attachments/2324/ScannedDocuments/fae6407be05a462c93cb2fb860c15912.png','2025-11-25 01:56:40'),(406,2322,'//Clinic/ENT_CLINIC_Attachments/2322/ScannedDocuments/b117289fdff0478995c076af9b9dce17.png','2025-11-25 01:59:43'),(407,2321,'//Clinic/ENT_CLINIC_Attachments/2321/ScannedDocuments/ed776880caee462dbd568a2e70cf0399.png','2025-11-25 02:03:10'),(408,2320,'//Clinic/ENT_CLINIC_Attachments/2320/ScannedDocuments/a05474856f384da9bf209982f7f65cf5.png','2025-11-25 02:07:42'),(409,2319,'//Clinic/ENT_CLINIC_Attachments/2319/ScannedDocuments/e686e600eaa1437c9640549d93b05aa1.png','2025-11-25 02:15:21'),(410,2319,'//Clinic/ENT_CLINIC_Attachments/2319/ScannedDocuments/e1c88682420741adbd6d463d7b979774.png','2025-11-25 02:15:40'),(411,2319,'//Clinic/ENT_CLINIC_Attachments/2319/ScannedDocuments/9b66a8130fe84224baed5c04202396b1.png','2025-11-25 02:16:17'),(412,2332,'//Clinic/ENT_CLINIC_Attachments/2332/ScannedDocuments/efb3989d9f454a1782b59005b5247c66.png','2025-11-25 02:46:56'),(413,2332,'//Clinic/ENT_CLINIC_Attachments/2332/ScannedDocuments/1c3d7c3f46b64ff9b442e4061b615daf.png','2025-11-25 02:46:58'),(414,2332,'//Clinic/ENT_CLINIC_Attachments/2332/ScannedDocuments/6b13d16a5ccc409587b24f6d42b82de0.png','2025-11-25 02:47:00'),(415,2332,'//Clinic/ENT_CLINIC_Attachments/2332/ScannedDocuments/42633344254a4074944e5fd34b660abc.png','2025-11-25 02:47:02'),(416,2332,'//Clinic/ENT_CLINIC_Attachments/2332/ScannedDocuments/868181b65e3d4456bfdb6488106e5601.png','2025-11-25 02:47:05'),(417,2332,'//Clinic/ENT_CLINIC_Attachments/2332/ScannedDocuments/1161322d04a34b47a31e18061b2d595e.png','2025-11-25 02:47:07'),(418,2332,'//Clinic/ENT_CLINIC_Attachments/2332/ScannedDocuments/f59c75c50c2c40ab9edcd95ace7565c3.png','2025-11-25 02:47:09'),(419,2013,'//Clinic/ENT_CLINIC_Attachments/2013/ScannedDocuments/686c69cce9a3480388a4123b6545d334.png','2025-11-25 04:37:43'),(420,2013,'//Clinic/ENT_CLINIC_Attachments/2013/ScannedDocuments/6a54daed20b047da9d2d7d0a9b0fb8c7.png','2025-11-25 04:37:45'),(421,2013,'//Clinic/ENT_CLINIC_Attachments/2013/ScannedDocuments/583d1e786426470699c9a25271a0defb.png','2025-11-25 04:37:50'),(422,2013,'//Clinic/ENT_CLINIC_Attachments/2013/ScannedDocuments/6af6ef05afd14a0d8970c7a559c67174.png','2025-11-25 04:37:51'),(423,2126,'//Clinic/ENT_CLINIC_Attachments/2126/ScannedDocuments/1629b691bfb949e7a6710fb15fbfbd70.png','2025-11-25 04:41:48'),(424,2127,'//Clinic/ENT_CLINIC_Attachments/2127/ScannedDocuments/6409da760f9642bfb8245d2bd97c4003.png','2025-11-25 04:42:56'),(425,2128,'//Clinic/ENT_CLINIC_Attachments/2128/ScannedDocuments/0df4abb0594b4bc787d3ef0ed76e788d.png','2025-11-25 04:46:17'),(426,2128,'//Clinic/ENT_CLINIC_Attachments/2128/ScannedDocuments/51748070fd2247f083e8e4b826c0e4ba.png','2025-11-25 04:46:18'),(427,2125,'//Clinic/ENT_CLINIC_Attachments/2125/ScannedDocuments/4558dc0ca1b348258ebe120fc048c89e.png','2025-11-25 04:47:47'),(428,2034,'//Clinic/ENT_CLINIC_Attachments/2034/ScannedDocuments/8924c8bb1725415bbec3c7bcc62e5dd6.png','2025-11-25 04:57:48'),(429,2034,'//Clinic/ENT_CLINIC_Attachments/2034/ScannedDocuments/6dc0ed9995e946f1ac681b7601cf6787.png','2025-11-25 04:57:52'),(430,2034,'//Clinic/ENT_CLINIC_Attachments/2034/ScannedDocuments/0ea6b09fe6a3458bb056768bd26e57e9.png','2025-11-25 04:58:10'),(431,2034,'//Clinic/ENT_CLINIC_Attachments/2034/ScannedDocuments/1cd76ece19ce4b82be5f7cfc1bb79d97.png','2025-11-25 04:58:15'),(432,2034,'//Clinic/ENT_CLINIC_Attachments/2034/ScannedDocuments/244bb2ee436e4dc2aadc48ca7ed7a969.png','2025-11-25 04:58:19'),(433,2034,'//Clinic/ENT_CLINIC_Attachments/2034/ScannedDocuments/22791c164cf24dbaabced99ed5819ef4.png','2025-11-25 04:58:21'),(434,2034,'//Clinic/ENT_CLINIC_Attachments/2034/ScannedDocuments/7c2709277eb84a2692d9ffcb9d607ca3.png','2025-11-25 04:58:26'),(435,2034,'//Clinic/ENT_CLINIC_Attachments/2034/ScannedDocuments/e00b5127fdb24111b7694507ddb60e34.png','2025-11-25 04:58:30'),(436,2034,'//Clinic/ENT_CLINIC_Attachments/2034/ScannedDocuments/34280e83b1e54d219bea72d061e53cbf.png','2025-11-25 04:58:33'),(437,2034,'//Clinic/ENT_CLINIC_Attachments/2034/ScannedDocuments/1434e294b20047bd948e2da4208108f5.png','2025-11-25 04:58:35'),(438,2124,'//Clinic/ENT_CLINIC_Attachments/2124/ScannedDocuments/007d6546c74f404dbd4169c710dc6536.png','2025-11-25 05:00:17'),(439,2120,'//Clinic/ENT_CLINIC_Attachments/2120/ScannedDocuments/51b591e862364ebe93883be54641f65c.png','2025-11-25 05:51:23'),(440,2122,'//Clinic/ENT_CLINIC_Attachments/2122/ScannedDocuments/538bdedf75734bf6a4783dc4d8abbfda.png','2025-11-25 05:52:19'),(441,2121,'//Clinic/ENT_CLINIC_Attachments/2121/ScannedDocuments/9e2e321956514bb6b514d6f05e60b968.png','2025-11-25 05:53:21');
/*!40000 ALTER TABLE `patient_documents` ENABLE KEYS */;
UNLOCK TABLES;

--
-- Table structure for table `patient_scanned_doc`
--

DROP TABLE IF EXISTS `patient_scanned_doc`;
/*!40101 SET @saved_cs_client     = @@character_set_client */;
/*!50503 SET character_set_client = utf8mb4 */;
CREATE TABLE `patient_scanned_doc` (
  `scanned_doc_id` int NOT NULL AUTO_INCREMENT,
  `patient_id` int NOT NULL,
  `file` longblob NOT NULL,
  `uploaded_at` datetime NOT NULL DEFAULT CURRENT_TIMESTAMP,
  PRIMARY KEY (`scanned_doc_id`),
  KEY `idx_patient_id` (`patient_id`)
) ENGINE=InnoDB DEFAULT CHARSET=utf8mb4 COLLATE=utf8mb4_0900_ai_ci;
/*!40101 SET character_set_client = @saved_cs_client */;

--
-- Dumping data for table `patient_scanned_doc`
--

LOCK TABLES `patient_scanned_doc` WRITE;
/*!40000 ALTER TABLE `patient_scanned_doc` DISABLE KEYS */;
/*!40000 ALTER TABLE `patient_scanned_doc` ENABLE KEYS */;
UNLOCK TABLES;

--
-- Table structure for table `patients`
--

DROP TABLE IF EXISTS `patients`;
/*!40101 SET @saved_cs_client     = @@character_set_client */;
/*!50503 SET character_set_client = utf8mb4 */;
CREATE TABLE `patients` (
  `patient_id` int NOT NULL AUTO_INCREMENT,
  `full_name` varchar(100) NOT NULL,
  `address` varchar(255) DEFAULT NULL,
  `birth_date` date DEFAULT NULL,
  `age` int DEFAULT NULL,
  `sex` enum('M','F') DEFAULT NULL,
  `civil_status` varchar(20) DEFAULT NULL,
  `patient_contact_number` varchar(11) DEFAULT NULL,
  `emergency_name` varchar(150) DEFAULT NULL,
  `emergency_contact_number` varchar(11) DEFAULT NULL,
  `emergency_relationship` varchar(50) DEFAULT NULL,
  `created_at` timestamp NULL DEFAULT CURRENT_TIMESTAMP,
  `photo` longblob,
  `referred_by` varchar(100) DEFAULT NULL,
  PRIMARY KEY (`patient_id`),
  KEY `idx_patients_full_name` (`full_name`)
) ENGINE=InnoDB AUTO_INCREMENT=2346 DEFAULT CHARSET=utf8mb4 COLLATE=utf8mb4_0900_ai_ci;
/*!40101 SET character_set_client = @saved_cs_client */;

--
-- Dumping data for table `patients`
--

LOCK TABLES `patients` WRITE;
/*!40000 ALTER TABLE `patients` DISABLE KEYS */;
INSERT INTO `patients` (`patient_id`, `full_name`, `address`, `birth_date`, `age`, `sex`, `civil_status`, `patient_contact_number`, `emergency_name`, `emergency_contact_number`, `emergency_relationship`, `created_at`, `photo`, `referred_by`) VALUES (2008,'Tolentino, Aaron Joshua M.','Calinog Iloilo','2004-06-25',21,'M','Single','09670277266','Arlene M Untaran. ','09670277266','Mother','2025-10-03 03:39:35',NULL,NULL),(2009,'Villarma, Genefer G.','Tagbak Jaro','1973-09-10',52,'F','Single','09308736313','','','','2025-10-03 03:52:51',NULL,NULL),(2010,'Piansay, Edgar Jr. V.','Lopez, Jaena, Norte','1972-03-26',53,'M','Single','09177962152','','','','2025-10-03 04:23:55',NULL,NULL),(2011,'Monares, Ma. Jazel C.','Pandac Pavia','1978-06-06',47,'F','Single','09940143448','','','','2025-10-03 04:37:34',NULL,NULL),(2012,'Velando, Lawrence Michael A.','Guadalupe Janiuay Iloilo','1995-11-24',29,'M','Single','09625393368','','','','2025-10-03 04:52:47',NULL,NULL),(2013,'Cachuela, Grace C.','45 R Dicen St Lapaz','1977-01-28',48,'F','Single','09216099508','','','','2025-10-03 05:26:47',NULL,NULL),(2014,'Pendon, Mary Annie B.','Bliss Caingin La Paz','2017-04-10',8,'F','Single','09106044529','Chona B Pendon. ','09106044529','Mother','2025-10-03 06:00:11',NULL,NULL),(2015,'Toong, Robert James T.','Tigbauan Iloilo','1988-02-07',37,'M','Single','09692445818',NULL,'','','2025-10-04 01:45:43',NULL,NULL),(2016,'Singh, Gurpreet D.','Mandurriao','1985-08-22',40,'M','Married','09158542669','','','','2025-10-04 02:09:32',NULL,NULL),(2017,'Jadan, Susan G.','Tacas Jaro','1959-11-21',65,'F','Married','09469474508','','','','2025-10-04 02:23:48',NULL,NULL),(2018,'Cabaya, Rex Jr. V.','San Isidro, Jaro','2007-03-17',18,'M','Single','09122757879','','','','2025-10-06 01:52:50',NULL,NULL),(2019,'Jarbadan, Juvan Jr. A.','Dumangas','2021-01-20',4,'M','Single','09429198954','','','','2025-10-06 04:32:45',NULL,NULL),(2020,'De Los Santos, Arjoe M.','Jaro','1998-03-10',27,'M','Married','09562937351','','','','2025-10-06 04:34:39',NULL,NULL),(2021,'Lubis, Judy N.','Pototan','1964-01-10',61,'F','Married','09500334401','','','','2025-10-06 04:38:19',NULL,NULL),(2022,'Cabuhay, John Vincent A.','Capiz','1988-04-28',37,'M','Single','09943283948','','','','2025-10-06 04:40:43',NULL,NULL),(2023,'Brillantes, Kristel Arianne S.','Btac. Nuevo','2007-07-20',18,'F','Single','09930908561','','','','2025-10-06 04:42:35',NULL,NULL),(2024,'Tobongbanua, Edzey P.','Pavia','2018-07-03',7,'M','Single','09673747124','','','','2025-10-06 04:44:26',NULL,NULL),(2025,'Co, Catherine B.','San Juaquin','1970-02-23',55,'F','Single','09262465898','','','','2025-10-06 04:46:21',NULL,NULL),(2026,'De Chavez, Emee D.','Passi City','1982-07-02',43,'F','Married','09398920923','','','','2025-10-06 06:10:27',NULL,NULL),(2027,'Cagampang, Quirico C.','Leon Iloilo','1973-08-24',52,'M','Married','09089575612','','','','2025-10-07 02:18:04',NULL,NULL),(2028,'Canas, Corazon C.','Maribong, Lambunao','1959-11-05',65,'F','Single','09956435605','','','','2025-10-07 02:42:33',NULL,NULL),(2029,'Salado, Leanne Ma. Abigail P.','Buenavista, Guimaras','2000-12-20',24,'F','Single','09691454698','','','','2025-10-07 02:57:09',NULL,NULL),(2030,'Infante, Dolores S.','Jaro','1934-03-25',91,'F','Widowed','09278170053','','','','2025-10-07 04:18:31',NULL,NULL),(2031,'Apura, Ariella A.','Anilao','2022-07-09',3,'F','Single','09308879061','','','','2025-10-07 04:21:39',NULL,NULL),(2032,'Zamudio, Larry G.','Molo, Iloilo City','1974-09-06',51,'M','Married','09466110131','','','','2025-10-07 05:13:18',NULL,NULL),(2033,'Alcantara, Ramil P.','Pavia','1969-02-27',56,'M','Married','09082770229','','','','2025-10-09 01:00:29',NULL,NULL),(2034,'Alanan, Thaniel O.','Lemery','1970-07-20',55,'M','Married','09625297499','','','','2025-10-09 01:30:52',NULL,NULL),(2035,'Nawanao, Cherrylyn A.','Lambunao','1994-07-22',31,'F','Single','09957342064','','','','2025-10-09 01:40:13',NULL,NULL),(2036,'Unternahrer, Johnny Mark A.','Molo, Iloilo City','1985-06-25',40,'M','Single','09628168203','','','','2025-10-09 02:49:47',NULL,NULL),(2037,'Dieminger, Karl Heinz W.','Jaro Iloilo City','1943-10-21',81,'M','Widowed','09307790431','','','','2025-10-09 03:34:41',NULL,NULL),(2038,'Quiling, Joevy C.','Balabag, Pavia','1975-04-21',50,'M','Married','09481625400','','','','2025-10-09 04:15:42',NULL,NULL),(2039,'Fagarita, Rhian Dhenniel S.','Sto. Nino, San Miguel, Iloilo','2011-11-02',13,'F','Single','09631271970','Rhea S Fagarita. ','09631271970','Mother','2025-10-09 04:36:33',NULL,NULL),(2040,'Seruelo, Maricris A.','Democracia, Jaro','1972-10-27',52,'F','Married','09300433372','','','','2025-10-09 05:01:30',NULL,NULL),(2041,'Suarez, Evelyn F.','Leganes, Iloilo','1964-01-21',61,'F','Single','09128763028','','','','2025-10-09 05:04:24',NULL,NULL),(2042,'Lorilla, Roi Yisrael P.','Jaro Iloilo City','2016-08-02',9,'M','Single','09603354986','','','','2025-10-09 05:08:20',NULL,NULL),(2043,'Yap, Rayner A.','Jaro Iloilo City','1976-10-01',49,'M','Married','09209611346','','','','2025-10-09 05:12:40',NULL,NULL),(2044,'Hiponia, Rhoan I.','Pavia, Iloilo','1989-12-18',35,'M','Married','09171793577','','','','2025-10-10 03:21:12',NULL,NULL),(2046,'Rosas, Leonora A.','Jaro Iloilo City','1976-05-28',49,'F','Married','09177960194','','','','2025-10-10 03:53:36',NULL,NULL),(2047,'Javier, Gilda C.','Jayme St. Jaro','1967-10-10',58,'F','Married','09109181848','','','','2025-10-13 01:58:14',NULL,NULL),(2049,'Banares, Karl Benjie D.','Arevalo, Iloilo City','1974-10-15',50,'M','Married','09778577200','','','','2025-10-13 02:33:14',NULL,NULL),(2050,'Cardinal, Kate Chriezl M.','Imbang, Passi','2013-09-13',12,'F','Single','09993798018','','','','2025-10-13 02:39:22',NULL,NULL),(2051,'Calaman, John Andy P.','Pavia, Iloilo','1990-01-08',35,'M','Married','09260678877','','','','2025-10-13 03:05:15',NULL,NULL),(2052,'Gambalan, Elynor Grace B.','La Paz','1984-01-24',41,'F','Married','09177220625','','','','2025-10-13 03:56:11',NULL,NULL),(2053,'Cantero, Monje Val C.','Leon Iloilo','1989-02-14',36,'M','Single','09352521784','','','','2025-10-13 05:10:38',NULL,NULL),(2054,'Celmar, Elmer Jr. A.','Dingle, Iloilo','2005-03-24',20,'M','Single','09099871932','','','','2025-10-13 05:58:39',NULL,NULL),(2055,'Kumar, Pardeep Jr. D.','Jaro Iloilo City','1988-05-08',37,'M','Single','09301274555','','','','2025-10-13 06:01:25',NULL,NULL),(2056,'Lagamon, Ronnie A.','Anilao, Iloilo','1960-04-03',65,'M','Single','09393245168','','','','2025-10-14 02:43:22',NULL,NULL),(2057,'Balagosa, John Irwin F.','Benedicto, Jaro','1995-06-08',30,'M','Single','09157576732','','','','2025-10-14 03:43:28',NULL,NULL),(2058,'Garcia, Aniela C.','La Paz','2008-12-05',16,'F','Single','09778038810','Evita C Garcia. ','','Mother','2025-10-14 04:03:20',NULL,NULL),(2059,'Bernal, Arnie A.','Cawayan, Carles','1973-06-17',52,'F','Married','09707148138','','','','2025-10-16 02:24:21',NULL,NULL),(2060,'Sibonga, Angelo L.','Cabatuan','2009-12-09',15,'M','Single','09917243969','Jasmine L Sibonga. ','09924123884','Mother','2025-10-16 02:37:12',NULL,NULL),(2061,'Castelo, John Martin D.','Tabuc Suba, Jaro','1996-10-02',29,'M','Single','09176277720','','','','2025-10-16 03:01:32',NULL,NULL),(2062,'Castelo, Joanne Marie D.','Tabuc Suba, Jaro','1959-10-21',65,'F','Married','09176277720','','','','2025-10-16 03:03:44',NULL,NULL),(2063,'Tayona, Jyra S.','Tacas Jaro','1991-03-01',34,'F','Single','09205073730','','','','2025-10-16 05:08:17',NULL,NULL),(2064,'Siason, Pedro D.','Commission Civil, Jaro','1947-12-23',77,'M','Married','09209454565','','','','2025-10-16 05:29:00',NULL,NULL),(2065,'Pongan, Jann Christian P.','Jaro Iloilo City','2005-01-24',20,'M','Single','09776697152','','','','2025-10-16 05:33:18',NULL,NULL),(2066,'Fabiana, Ma. Rena B.','Jaro Iloilo City','1970-09-29',55,'F','Married','09468611193','','','','2025-10-16 05:43:40',NULL,NULL),(2067,'Aguilano, Glenn B.','Binalbagan, Negros Occ','1989-03-03',36,'M','Married','09479718460','','','','2025-10-17 02:20:52',NULL,NULL),(2068,'Jimenez, Diego M.','Mandurriao','1951-09-24',74,'M','Married','09125470449','','','','2025-10-17 03:14:42',NULL,NULL),(2069,'Castronuevo, Antonio C.','Benedicto, Jaro','1957-06-13',68,'M','Married','09489785513','','','','2025-10-17 03:19:48',NULL,NULL),(2070,'Cardinal, Liezel M.','Passi City','1975-10-08',50,'F','Married','09993798018','','','','2025-10-18 03:03:22',NULL,NULL),(2071,'Arroyo, Tessie M.','Dumarao, Capiz','1956-07-06',69,'F','Married','09993798018','','','','2025-10-18 03:12:51',NULL,NULL),(2072,'Buzz, Duzy Jr. G.','Buntatala Jaro, Iloilo City','2002-04-03',23,'M','Single','09511365191','','','','2025-10-18 05:24:56',_binary '\0JFIF\0\0`\0`\0\0\0C\0		\n\r\Z\Z $.\' \",#(7),01444\'9=82<.342\0C			\r\r2!!22222222222222222222222222222222222222222222222222\0Y\"\0\0\0\0\0\0\0\0\0\0\0\0	\n\0\0\0\0}\0!1AQa\"q2#BR$3br	\n\Z%&\'()*456789:CDEFGHIJSTUVWXYZcdefghijstuvwxyz\0\0\0\0\0\0\0\0	\n\0\0\0w\0!1AQaq\"2B	#3Rbr\n$4%\Z&\'()*56789:CDEFGHIJSTUVWXYZcdefghijstuvwxyz\0\0\0?\0(AEPEPEPEPEPEPEPEPEPEPEPEPEPEPEPEPEPEPEPEPEPEPEPEPEPEPEPEPEPEPEPEPEPEPEPEPEPEPEPEPEPEPEPE&.!G%Ft\"	o\\&vW.pA^]\0\rX\0(\0(\0(\0(\0(\0(\0(\0(\0(\0(\0(\0(\0(\0(\0(\0(\0(\0(\0(\0(\0(4J#A\03yr+M:VM:	;yWhWPX@\n(Q@Q@Q@Q@Q@Q@Q@Q@Q@Q@Q@Q@`xi\0~$~hcG!ke\'Yf=+9[v4	8I5\\w$l25sC))G*z\Z\0+>U%g[UA{PE\0QE\0QE\0QE\0QE\0QE\0QE\0QE\0QE\0QE\0QE\0QE\0QE\0QE\0QE\0QE\0QE\0QE\0QE2YwHG\09Q\n2I^3jS\'K+/YOxK;\"BNWO	yX@M8<.>Ja	s=r$-P>E(\0(\0(\0(\0(\0(\0(\0(\0(\0(\0(\0(\0+.L<+k~#kY(\Z<lfGL`HT`(3vq5hw`,hi{h\0>B}*,,<I\n=Wf}3Z\rZK\Z\ZKs\\7=Ei u2NBFph9.nQId~T\0QE\0QE\0T77vPSj2ZF\0W|e%Sc_@ocIIGTQ||n&-6MR0X1\'\Z/MwXg}GU+HvF}Q}if?5iTa)sQ,_<#</3[]!a@IM JdI-[y%Ab?G0/3+M#2WX8y~FV=oIkFOS3Utn yck@QE\0QE\0QE\0QM?\\RyEFd=UY\n\0\\gT\0jvCo>Yd@@K{<e$rLTPXJf|hL%$kX]\0$UVzP}YTk]BBZbKv[ (kc	\n(\n(\n(\n(\n(\n(\n(\n(\n(\n(\n(\n(\nO[={]x/$\0\rlf+,cV:N.Jzw(mx>+|N8jkrtIdlc4HR6\'.z\nv4VP9$95esW\\tfK93T\"@~OdjdjDbW\0ZX\'~QQJO}qJ>OFOGG&_\ZL5uO=Ni9l{fV}V+q	|My:\\1ic+n/\r&r&gT3hKq5McTkU(#8?Jb4F|v~f;v\\e}3Z	N;\n#\00{\n3@AQ[	\0S;icx\'h-Yq@U*A\Z1pv(PAy\rO~,S{e<wdy4{\ZRY;\':C4W,F!\Z[`rG~\Zk\rVnYr7KF=y=?Z#)S}qEq\n5=L(i)\'C\0]QV\Zi98\0z\nG*L\Z\0U\\\"HxTei?.{	[j7jcpmY$!u\":Sg\0?Ws] <s\\++\08Fk.R\"<F=co,G+]^Q*=((\0(\0(\0(\0(\0(\0(\0(\0(\0(\0(\0(\05?kU]z\Zg+tUW<5ZQ.,\\K97Z%\"bCW=kH0$yu3 >pLv\03TF*ce#3z\ZP6X`y\\4yl?c\'|_xGN7ZWP//)76g8#Y]R4fc+qc6}3\0x=w3M39[X\r\\0d*FV>V{F[:#d=pZ=\0s#Tn0=jv1SWaf\\tQWM )=**0=\n tN;(qXOh\")#jUXy]0(7L\'<ojP\r{\01\ndjl=1\"@m|SU[p#?i\0e8DzNQZ\0:\\G$kkjHg*+sFgg\rhgi\0s\0\01AG\"^j;@f*$l\"e=5ub)-5v2zozx4Lvs=$pi_,Oz/Zn,[Ha>\'/[%mHZw0\\M9R0;GqNBI\Zfr)E@g3 naY6Z3\0Q}JgcOR^UXwIZWw\\<x,1\0q*z@Q{($SH5<WOm%	|wn\0\nGEQE\0QE\0QE\0QE\0QE\0QE\0QE\0QE\0QE\0QE\0QE\0QE\0&o3Hkk<S0o_\0S@2\'gDbG T2= _5yw9fe*\r5Yb1W\0zd\n-2Tnl9<P46V<Uk[k\"v2Sj7sTV\';Fm|%\0oz}1Z\" Y:*e?|\"eYk~E=M}{3M4v#KfCF+Js8M,w5jQRX9z,\0N!Wvn\nQ\"A$\\uJ|p*l:$c/\')w09ZHfO	FHrjsb1F@	{vr!Lp*	tGa:Pf3@RY(sZ^tan2+0P2w:?R}#p<~laqRnM\0Rh[/08vRk,}\rEpe\"h36aU`VLcT%e1\'LrWT\0cy%zTsrN84i\"dU3i~\\zr/FE*Yj->\0Aa4#0;VS9*zx\Z\'\0^24#2*+ky!CV\Z?-XL-uNJj;Nj=Vadv8Y,dNzurh\Z2\'i^e\0JSR\"Q<RL#H\Z>1y2k#ey	4$:<W7k30zBh\Z=((\0(\0(\0(\0(\0(\0(\0(\0(\0(\0(\0(C_9xbC_;o5YOkc\n{@9dfT:UXc*vGCg2ncp2X1exn@#f=5V@,U4{`Y%ih{uH,sZ9Xlg8*9C}Mm]bw\\_\\\ZC#N>5LEr\\\\?\"\'\ryTEj$erig\'K*U=T\0pkZ%;B==GoTOJ}?-EB>iObTB|1E$k4P[taVEPT<|\0QM\0gf*L0Oe3[m89v@x\08\nQAX63L(V>y*FHHg.n@20mWF%uZHH7Ei1E>i\0?x\"Y\Z-jLcpq5$%luF*sulqs%Jab&)Ui\"1G;fRPzo-{v.J78l&	^,XfM$H:P\")\"=*tib *aXK\"U2)\0H>MM+>*2p:}kME?\'\r8o$$R #9jOVjHS}hF@ uO19(Xq5R@w\0L\0U;{;&dua$RV,{5\0>!3~=[mcqc\\w_#g}LjfAq?\rGO<bDe<FkDi+2W&,yWeLd=9~L8U17,\\Cg7hAZ9.nw\\o\'C\nk[?uqL``c]_7\\(\0&vrl\0@tQEQ@Q@Q@Q@Q@Q@Q@Q@Q@Q@Q@Q@t+uh+7ox;.AP5_qzU sSif=4N*xH{t0VZ6\nP2HWqIml\Z:sY7<w\r26w\\VB(,~5V>\">=FE[\';N=$:\'<K{HIY.8QRY](+j3+#+Qvv}}{Go>VTQ>zT>wBSWb3#\0}Cm,bjvB\0u\0@#7w8\'\0\ZFp:)s|j\"1Ab\rU\0jpX%m8WcW9(r>8y/>+Ni,S!dUILF\n)9cHi>	U\04d6L1N\"g\r\"$>Zm]H{/ohd(9SoR>5-8BA	<c1h3X29{I1v1/;zA**q\n#k\rn~]L?Wn4yl24~<\ZH!1G\Z33fkgH?Q6G:V.-X,?Z]\'P#=Tm\\RN\'	A|ZM8UC s\0=hqZa>bEr|=j/\'X4 rOWtiH	~?oP#fgq#GzQnV=6yff`(q;|Po1&;>S}~+\'J~MknW0\08	jg51\"n/.|1G?{&wcRY\" *-G\np1R#@R)pW\03jm\\79;zS%rk,l\0#^w0/ t5&\'y\ZC]OdQ@Q@Q@Q@Q@Q@Q@Q@Q@Q@Q@Q@qx#5\0a}\0q\r~$h\ZlXc%&\n\0fvYGADX?8fr	VZ\n7@y-$wg>j;1Avr?f\0{0<zWoi6	%i*6f\rJ4vV?r@tqTc;~L{r}?(D`z\0]]|y~u^M	^s?Rdx=M:Ry_V5}#X,1O4Y4/.qm_v&\\6=\0T<;m({^{\r-!wrn\'NXidEg4\0-WtD0G64X \" .C=(tR:uzcA#*j]@nsEH#WQ]B\ra]^0Uc?\Z ER8TCjtv?48p+BKqzFwQO0<t\Z#o6\"Fe*K}HH?iy-Qlc`3\'kRIwE6x5<V,^;Sk1XcCt4fFmvZdhk>nG-3\r?\0\nE2z\ZLrg}*mJyk}j@eKKN<Oo1?qj4|jo*/O-ps@j ]F2@?c>.0Fr\Z<nvgL|>I	3HNy(4_\'z~I2	mbxoF<v#WC~L#i<w:\nFY}G\Zfa~F#AZ\'K\'mua8e?\Z)`\0*^H{ +CvFfSSo)36:hZ`]3F|SU[rWRh\0`\'P;yv\'\0\\mluve<Oq\0\\\0s(QE\0QE\0QE\0QE\0QE\0QE\0QE\0QE\0QE\0QE\0QE\0QE\0O}mKOO0MO7mrzH,bh\rrGmQLmEW;[>t(m]|+K96`Nb{\\kZpJqU[5<\0zk]G\0|ZaGjXp@uI|jtG\Ze#sc\"l|J<1|hC]f.+3K0876G\Z8 )\02`n:I9E19*6l\'ZH9O?\n\0uHN[\0&-ewW_Uk2%\0i-y/\n\"x44K$43	?nyP;F\0s7,yyj$r1@wbRig/+XG\nLv#*:}N8T\"n1#QQ.+2[|SOgd.O~(%\0m[%\\judv$22GFSc~VWS5h+v\05o8V%Sqq>f 6i=u!j0Y+2as?0,q@{IZHuBz/p~Ti*-+3p9b3\"_uos;jS@\00}\0?WLI:DZ\0cD,pZa\'-jaITgz,|bc \\+E){lqY+r{P-.\0zMucy+ES p[VJ\r7h-UHR513\"O!-A^.kc ]*+%RYL!V]Y^~jbg7^M \0vk\rFYcR\'5s4 p9:bC#%$m$?,\n?M\">)QE\0QE\0QE\0QE\0QE\0QE\0QE\0QE\0QE\0QE\0QE\0QE\0!W9[\\nfFT0>y5-\ZX6}h}\r3r1\'yw3^$K\"cyo[LN=Y0cb\0{WM3TqM|(\"		5=Gy!>?3Q0#Q\'IhY|A,\0]w,{~s,_#<W) Pq\ZTh@}m.z})S9F}*B!wmzC&]\09<Hm.g<1PO~{#bM9xm~f,I`SO\0f#%GGo\\S9D6}}jK\0@-L8G\0]A\\n,~Lx<*oT;FO0n6#UN2}h\rw%<[V*]7\0\\X%U#m[f/(\0KB5\\OkZ}\rU5b@[wv,?C#W|u \0g#^TF*[T\0:bNYP\\@W#?{\0O0Td,	\rxA@zVJiU;F=*WEri1*yX?ZLUq0W-}EK	b:gVMru~eK [3#l)oMFKf8ASA[TpzedNH#	-	\"<$ ZB\\63M7(>e?6NdI!?eF~?G2\rxx\0B8\0Mc@/-H\'+?z3n*jeu$XTl&`3,\n=OJb^az({$R?,8&=L\" Ov;X6B:]J;z$u{\0k]?I\r_i^q\0~5kc9I:f%=rt:Ae9K<.\ry\"^-:9cTU>b;MV\0\n(f5,\0.0\ryUes=CU p(QE\0QE\0QE\0QE\0QE\0QE\0QE\0QE\0QE\0QE\0QE\0QE\0xCMQ!ewW[UHI##/|;3#bC`+t2\\K/+u{[V6=EohV-^!ycE<jH]I%8\n4? !X=ONt/F[QP/r,W[;zVyv\\H*mG7_>HTqkoZ[1W|@7te?\0*U@]Ys2	Vu>ne)\"V^iI#3x~);QTjB qU2m9>6P+\ZgR+bfb3%.r}\0}j!PnEbfYjFsR/nLKjv5%67zCO[~(KedRF$7o^4r<gBAs2:TSPYr7Q\n;;-|5nB13kk(g\'p\0hw\Z.Jk$qi1FpCUf\ZeGl`V<zR\"(+4Uy[c8YO tsh@1)SI#V\n;U(R LP@*\rBKXs(J5-]cU{0BR9\0^T\',	#T3}:V\"XN:jKBDgq5ZRmFaSk3oL>;naj9@X,l>f#(o.}Jbf\\0H?g5b4&q\0Q@QEDW8w1P$O.fDUPNwF}(3!1>\Zv8^2AX>)i2$k;,Yn_Z6@/&=R1TVU|LBFJn,kjI!lB&1H8(;LiGs^,0s^M@:>tG\"7^0 Pz8$s3	zEs(Dh%\Z{Emjq}=HfV4s93O<-}#lax.0<0*Um7Gr(AEPEPEPEPEPEPEPEPEPEPEPEPEPF#TE$f|1sqk^\0>[d\rX%D`{(5k\0`w&<&9$^}N}k-/L~ \ZE-{x?}e+|B^o4%3z#D0xn\rxg}G;*foGq{Gf1Q]V\"H$v\0Vf.l\\VA9sPlm?6*\0v\0><8UY\"/ko\0&Bs+MH5h\Z07A(7X}b&n6j5dYpC7V)yWH?FTY<PU.9\0f7%?#+|Y^ZKkmK!~+~2Hk\09f5?/m(z/)o6_\\ba?NWm$Y2;+{2-.1v0mw\\|nv#WSu\0iic^9PZfzl,ztJ3\0.#>u]&d?u)YN,k;8\"\0JA/4`J.I6)pzo9iNnTMwVdmcU5:OBh)]6*\\_MkVl3cwt7dmnCSV\ZJn5&SN{Y$wOO2l,Zf=]cEQX`#,{A=k<#<]{?hiMFq\0Rjf;G{\07UNTY|/\rrx\Z0\'#\0c$t*AMEs	jo3K#qnOwKi`M2 o<~em&NY?Qgkf%d|*b{%cOXZB>cGK*9=umy\'2{P%@8+Xq[\Z;l|\rQ~\rFSusv\rzG#.\0-wAo~|\"HfF?+\n\nFrBiUh.e	* P.y$V2\'i6\0F\rFLrbp?+)YuW/\0^Em@>?@+\0(\0(\0(\0(\0(\0(\0(\0(\0(\0(\0(\0(\0(\0(\0(\0(\0x<Is\"Id`:LnG5]>-O^g\0\\(uX\r_a:Mhiiwb<[pL=2=NH)af:\n)X$kM66,}Q\\\0uF,CenKEO?M#9N7:\0\ZK*DOjMI#HX.zV_XF2=4%6\0OZ`Fe_k	6$yUV+-qygzqHfF$N:t\0\Zd]y ta\0n68_h1T#ph5+,0&NZ7-GulJN\nykyT_kb eS }\"wQ,~M~u)xQWi!3\"}\rwZV*:),}:-;t]Ib\0yW7\"9/cZK1pmnpOZ+bky%~Hd;\nw|B0E8rKj4Rf7>Q=\\EDf[Yfm	f\\\\Icxd Ky\' >r)wZf{P\nei\ZYs#]\r\Zd;[Y\nFjy`&f>IA Kz{FQH*_*nZEhqW?J]KMJXji ]|QVV8=(ZR_m]\0P3+@7,psWn[R}aw;[.)8)<p)utCQ\",.?h&`\Zb[?sz]\\F.?\Zu[]U;k_v\r}\Z\" fZ2]BVsqN_1X3\\j<Qa}u+2*JgDI\0x/Ld1+v?K_ZtE\n*337SV`S,W xi\0bnkMz7m\n[\ZQE2(((((((((((((((((\'Rz5y0*\"XU	#-[GcOE6W8Y>9Ef832FO<ZWzs;w[sr#]xrSyM8= y[\0Bw+tE#!XYw2yms9i4C(\"Lt!(\0Tj)\'ie1;CjbRsfGEeW;Yop)sv>|B_;u<Tf>5	nIi\nT!b\'\\J	^f%Hxgd?/X E/so$[;%O9wj}-\0SImnc4\r#{]Q^X-JW\ryf}cS8iYjo@<f\\Fc-7Gu]!]3!F}>0H}\0aA76>YMUp9\0<XMMt~12XMq	sX,$F99?M{y.\rN	\';W\"+k{9NCL(l5FLmST1$o~M\nZkS\Z+2d\0Z=]4H8<q#ZKeIe_$(MhW*\'X|Yw*\r!A;&8XX^o-a%bg#8B1Xcu~	7u(kQD`=+Y#m t\Z,0g5]#VN~4/u	K[ g_]ny7!X#C6FzNli8%2-58bEQ\0+?ZA,Y>:-=TrY9OfLLW)I&Vica}\0zkVM\0gKP(||\'Q$FQGQ?\n9Jyy>s	+~1R+&B;\Z$sFnn?2b]A\0)=\r\n(!EPEPEPEPEPEPEPEPEPEPEPEPEPEPEPEPEP^q)}~GF7.MEhOLsR	-PF6> JV<^,@@Oq#?$+?,)+jq*ks\n3]5Ug$c\\DCurzU-4s7*\0WIke0\'i8>vJCd\r=12CQy5\\iHcb9CPIn#d((v&.v#S0lmW7Lr-Eu\Z48XSa\05:Z^0@\rA63\"S[7gu6m@W1]rGV,Xt&z2i6vJ,4_}5:/i\0u&ObC[:Daf@;nO}K8}Bu2/bi\'D 	RR2][1u]qOKo-LVkF8Cf\';M-_-F=S8_;9j\n@~%N.-`.`C+xKi\Z?cT<?b$c\0a.-\ZgWm]X\'\0fZ&3O\n?:tanUv\0:3Xm\"1;,zc<*C3MtuS]e=sjH\"HI+YG\npqdo\Zd\\I>@(\ZS&,\n+[kH\n92z !PWy\0]Kbb?\nzRTRjl_68D$iYr~ #=k]W Ok`o2SD8rH_Tx3G\0wm!/?Mx/kMq5	a?z)Y.|CWdP	\Z(C95F\Z,oh\ZDQA!EPEPEPEPEPEPEPEPEPEPEPEPEPEPEPEPEP\\^pcn\Z+YNpq\nbm^[}4y%^dKtZ{&C}q$1{],EI$u v>\"%=vps]6vZ\0\niKM:3\\2@5[]:+-ep1^_x\0sO6h\ZWAVSszQ&4m.tu^.\nVZ0**g_%T?YwvT y\"\"KvY_,H\\!q}((q&,*_J]Q\ny=*FyL~4l:+\"k0$ \0Jk.2Wc- sAZb\'X(\Z:z/o$!P#n\'=9XG\"8@g=ts5w7\\h/QWc;q\\l52d~H]/7=:S4v\ZeO2*hn4	#[e8ESq;Ndk)|H%RXofG7ZTej>=O]02\Z>\\~\"p@.qdiZk B>L>bHJL1( vYTkOMv z~GG<\'^?jW];dPU6\0RkqI*FHeT\nuQD9\\Rh1KvO\0)}OP r*5|J^~\\KUS+\\}KlvIz5|1D?sQ5j:=&p\"f	N*^GJCg0tG1Zh0/M6_v\',>/sevbz\Z?+=>Y@f\0jda^wN})v	^o{We\0\"hQEQE\0QE\0QE\0QE\0QE\0QE\0QE\0QE\0QE\0QE\0QE\0QE\0QE\0QE\0QE\0QE\0QE\0!!TWMy.2zM+9r0>(mZF142$5$BRr%YW0Dn,9k~(i4;]Id-1eo^Bs@osfgL]mYP@??(p2?J!%]\rZEcRQx@mS\'q\'!UZ3wcsa}`,!?	%;!OIvcid\rWqEF9[\r<#r_3Ml|4K\Z[qN\\/5O\0\n@{dafd5x@6ai	GVVbc|;XJ+t+OZHo,JqG55t<YKGd- upWRa{]\nEk#ocuJJC:=4xZF	bTg8Yx~R;H	Xj 5,7gk.GUr*g[~5nf,ZqqPk+{o>C@TGjtW1s\" B)O[tnX\rJ\0G8Q_<~\\-cc\00$R\r63=eQQ\\^FJ{fwZ\rf0.Xg*0is\rSR:j\0>iuoXN^!IQE8KIb)cpVy}o\n^#5[#7l98_$_8N=i-.RXyl}o\r;8dbAtO6p9&QB6obqBzO3px@E`JD(?@FC\npfHf6,v+N6R4pNS&48]p5zcZ( xzYRd23rs^\0/4- 3`{\nq3GA!q!J9GUaQHwon\rYjMC9\\N&\\y8P7QE\n(\n(\n(\n(\n(\n(\n(\n(\n(\n(\n(\n(\n(\n(\n(\n(\n*ee<V25~\r}kRSsxDC.{fbYf5mo1AH\r/{:q`E2{09kIoh#p\0\nj\0Z	.7#[TI\ZKwj$/>W-S<]Ni#HzfL~\"::NnU\\z\0nE^G)yAit`rRYr<6` ;h viz,~32HH\0U?x?0z&x#%0JF1V%DYDI$Vc@]F&<04g3\\U6k7L\ZH	[o{xz,)X+qwo<E\Z$k=PDhQ#SdkYO/3~ks	;#=iWI.mq;8\nYfY$yWHGszU\Z&ns]_,	GHVI ]U^VeC=WKxZ~1I`,(kuOxzTWX-qQ.9#z_GtRR:.B\0*%,e0OO]<gI\'0?3a6Lmn?V\nV\0bk*\0Jhvf[:&m^|Sk\\Hng6^k6 6v^Ot|1 \';E9zF=3W5}Y<*X1smeoY<!wf?-biXcg\\)<mZkv8T.=?e3\"=-,WKy9eh\0`H?0h`K=	qVu	L(%n~00i3$\0u}\0R\0\'l|?:I>>5_43dZ%cNiIU5PEv/mA<4Q#m>RqQEi\">\r\'v0#^J(\0(\0(\0(\0(\0(\0(\0(\0(\0(\0(\0(\0(\0(\0(I=<aYZ[]W;ZVFk-|Jw19=(_\ZKF][UAQ:X%~cZo7J [e@&Q00pYYFE!.A\0]emgl\nOuYg=4)W\\u@u=dMoYFIU=5*AOK,dIq?QkuKW2[?_o:QuS(I<p^+MO@\r;G};R6wL6?rx/-!~f\r_g6Cj\rluQ+cJgM\0<\ZP6yO5j]9AP}gXn\"s#50z_88c_.%p*gr[D^{)	;hm,[zmb*6#sjP+u5}<\rG8f{P?Zi\0Xm(ax3Lb-2{P2>|]OP;~{Cam:w%x[,Rtu=B{q%+...)j7:G\Z2K -x\0f<xki?<JqL\Z#3;V%!mp>05]I\'xe^M5rZZA[6u&f\rURGGvM\0\08xv^pH~kby>,%|{Xp $+=Qx\\l4l }Xuo\Z+7xer@^M`^ooq\neKCn2zS\Z\'\0\0WEosl^LW!b{{h!T 1Hv$#>CZTX ?F]L,m;!6\r;\0^/-W+wB=+E\"@<k/Dog}Oqu8j)5^16xA5fXKOX$4B${{R90)flI#5=6+]$t<\Z]\'S]5nIB\r^\rCI-<YI{\Z\0V.^w>xmGWXP`_PhKo\"pJJ,|S\'Mze\0QE\0QE\0QE\0QE\0QE\0QE\0QE\0QE\0QE\0QE\0QE\0QE\0QE\0QE\0x<\'oelvWxd$\'G>l>(w\0\0\0vQE\n(\n(\n(9msHg]mnv1>^MWRRU[d=	k*K_?R,v3.dlnR?*diNvzyN)vLlaRLq\"Zw@.{+0I=kZRU-HJOb ) `{\0b.ZuO%vxzO\Z%b{=JB\0dc&dCpX+B1hmNpt8o\ZI._clv\0\\ZilWQ+4ycy&a%\0*N;/|ao#.DMF0~\"k>Kk-DRy8\0	Z6`p@[^Z@^1rP6F7gw|5fvze@gbAmF>,$NL\Z=\"IVIBB^V\Z\r$Y?-\ZN(T_jtUA#\'wgLaL{S7?Co%2GA]\"^M`s+rFBVcK(o!>o:]OA]V]\'g(p9jM\"CMyHGVV5\0|PNYyv1j>(hzB-5cb?dnekvj#RV8n;OS,~4pA%Dz\0?53jsmo{#C	$UX7Zy42?~\\\nm?Mm;xpZ+ESQE\0QE\0QE\0V/|1L{-B$|}A(g>9{ii\\ }F}\r{P\n(\n(\n(\n(\n(\n(\n(\n(\n(\n(\n(\n(\n(\n(\n(\n(\n(\n(\n(\n(\nx3Q\ZjY(yR\"7G(qp?k]Zu~T4H@H4gSmv\r}]$qdEu=dVk7tbLm8<ikq.3!;Pz]p9?O\0Ut9g,/r\"X{dZ2xKWt ]<_\0w4U!yd\0gJYnY;|ztQ@9w0|?8M}jm}-[CRPsEw%\\-2yRK+?t(=+N4AE\\\0iWVno6K#50;}3Q}ql~nJ	*i vSk+Jv#|1\';Hm!]X)(\0\0T;0o&7ZBT\r>/c~Ql-yS~Md=L{IEFSY&^pve$tujZmC?G&n[;f[?*YD|hsD;\0G_tg\'Fy~r^gVmthcn;h!$qG v|C#c$vRrAs^\rYx[Grzi*Hsr\n(EPEPEPEPEPEPEPEPEPEPEPEPEPEPEPEPEPEPEPEPEPEPEPEPEPEPEPEPEPEPEPRs4I?ha\"Q@Q@Q@Q@Q@Q@Q@Q@Q@Q@Q@Q@Q@Q@Q@Q@Q@Q@Q@Q@Q@Q@Q@Q@Q@Q@Q@Q@Q@Q@Q@Q@Q@Q@Q@Q@Q@Q@Q@Q@Q@Q@Q@Q@Q@Q@Q@Q@Q@Q@Q@Q@Q@Q@Q@Q@Q@Q@Q@',NULL),(2073,'Esquera, Raymundo E.','Mandurriao','1949-01-23',76,'M','Widowed','09053359540','','','','2025-10-20 02:31:57',NULL,NULL),(2074,'Aligonero, Larryboy D.','La Paz','1981-04-13',44,'M','Married','09511771244','','','','2025-10-20 02:42:27',NULL,NULL),(2075,'Sondia, Dwight Derek S.','Bacolod ','1999-11-30',25,'M','Single','09565314879','','','','2025-10-20 03:12:38',NULL,''),(2076,'Torres, Felix O.','Jaro Iloilo City','1935-11-20',89,'M','Married','09276477560','','','','2025-10-20 03:25:09',NULL,''),(2077,'Garbino, Salvacion C.','Hechanova, Jaro Iloilo','1952-02-22',73,'F','Married','09222079350','','','','2025-10-20 03:27:01',NULL,''),(2078,'Espada, GenelynT.','San. Miguel, Iloilo','1984-08-14',41,'F','Married','09638925771','','','','2025-10-20 04:00:28',NULL,''),(2079,'Lupera, Joenery C.','Balabago, Jaro Iloilo City','1982-03-03',43,'M','Married','09182101120','','','','2025-10-21 00:47:13',NULL,'Supercare'),(2080,'Luceno, Leona M.','Leganes, Iloilo','1986-09-10',39,'F','Married','09177177239','','','','2025-10-21 01:53:58',NULL,''),(2081,'Cuben, Renato  P.','San. Miguel, Iloilo','1972-05-17',53,'M','Married','09212824545','','','','2025-10-21 03:00:13',NULL,''),(2082,'Jardeloza, Ma. Wella Lou  A.','Landheights Ville, Jaro','1990-06-28',35,'F','Single','09209727009','','','','2025-10-21 03:49:17',NULL,'Intellicare'),(2083,'De La Fuente, Pearly  G.','Carles, Iloilo','1978-07-18',47,'F','Married','09517043785','','','','2025-10-21 04:03:50',NULL,''),(2084,'Aris, Mayrel  P.','Lj Ledesma, Jaro','2002-05-10',23,'F','Single','09660538306','','','','2025-10-21 04:05:36',NULL,''),(2085,'Narte, Krisxan  B.','La Paz','2001-09-16',24,'F','Single','09055197085','','','','2025-10-21 06:24:03',NULL,''),(2086,'Legaspi, Rubina  P.','Concepcion, Iloilo','1971-12-08',53,'F','Married','09218837702','','','','2025-10-23 01:00:46',NULL,''),(2087,'Epistola, Jose Kenneth  R.','Kabankalan, Neg Occ.','1996-11-03',28,'M','Single','09618242810','','','','2025-10-23 01:07:36',NULL,'Supercare'),(2088,'Sison, Alona  M.','San. Miguel, Iloilo','1977-10-16',48,'F','Married','09984069524','','','','2025-10-23 01:22:06',NULL,''),(2089,'Esgrina, Beljohn  G.','Igbaras, Iloilo','1996-12-25',28,'M','Single','09273962860','','','','2025-10-23 02:35:59',NULL,''),(2090,'Stuertz, Rosalla  C.','Mandurriao','1967-06-11',58,'F','Widowed','09171244680','','','','2025-10-23 03:05:23',NULL,''),(2091,'Aguihap, Kyross Daniel  G.','Jaro Iloilo City','2018-11-11',6,'M','Single','09952319571','','','','2025-10-23 03:56:34',NULL,''),(2092,'Consumo, Joviewin  C.','Baldoza, La Paz','1995-11-21',29,'F','Single','09108504468','','','','2025-10-23 04:46:31',NULL,''),(2093,'Diosana, Honey Pearl  A.','Lapuz, Iloilo','1992-04-24',33,'F','Single','09514120091','','','','2025-10-24 02:32:46',NULL,''),(2094,'Casuyo, Erlinda  S.','Duenas, Iloilo','1957-09-09',68,'F','Single','09104357859','','','','2025-10-24 02:35:20',NULL,''),(2095,'Luna, Angela  P.','Sta. Barbara','2002-03-15',23,'F','Single','09630778485','','','','2025-10-24 03:54:13',NULL,''),(2096,'Recote, Jocelyn  B.','Bakhaw, Mandurriao','2000-02-03',25,'F','Married','09943615948','Recote, Leonard  B.','09942711918','Husband','2025-10-25 01:28:02',NULL,''),(2097,'artus,romar v','Tabuc Suba, Jaro','1992-12-23',32,'M','Married','09107222379','','','','2025-10-25 01:32:42',NULL,''),(2098,'Taguibe, Braeden Mark  B.','Btac. Nuevo','2007-05-17',18,'M','Single','09934857173','','','','2025-10-25 01:37:46',NULL,''),(2099,'Armada, Josephine  S.','Badiangan, Iloilo','1955-12-23',69,'F','Married','09310548273','','','','2025-10-25 02:50:24',NULL,''),(2100,'Armada, Shenry  S.','Badiangan, Iloilo','1993-11-21',31,'M','Single','09310548273','','','','2025-10-25 03:01:39',NULL,''),(2101,'Omagtang, Elna Mae  L.','Ticud, La Paz','1985-04-18',40,'F','Married','09669076938','','','','2025-10-25 03:39:16',NULL,''),(2102,'Arendain, Aisha Zoe  D.','Bo.Obrero, Lapuz','2018-08-18',7,'F','Single','09949835748','Arendain, Albert John  E.','09949835748','Father','2025-10-25 04:09:25',NULL,''),(2103,'Jumayao, Nilda  L.','Balantang, Jaro','1959-07-13',66,'F','Married','09760547310','','','','2025-10-25 05:44:59',NULL,''),(2104,'Gumban, John  A.','Pavia, Iloilo','1978-09-02',47,'M','Married','09365604120','','','','2025-10-25 05:47:05',NULL,''),(2105,'Lequip, Zendrake  L.','Janiuay, Iloilo','2015-09-17',10,'M','Single','09306481548','','','','2025-10-25 05:50:44',NULL,''),(2106,'Sta. Ana, Alianna Thalia  O.','Fajardo, Jaro Iloilo','2000-10-11',25,'F','Single','09272065078','','','','2025-10-25 05:53:06',NULL,''),(2107,'Girao, Ron Dave  P.','Rumbang, Pototan','2019-07-08',6,'M','Single','09126698795','','','','2025-10-25 05:57:16',NULL,''),(2108,'Gambito, John Francis  G.','Millan Sibunag, Guimaras','1986-07-06',39,'M','Married','09620797407','','','','2025-10-27 00:52:00',NULL,''),(2109,'Factuar, Renz Phylis  G.','Tacas Jaro','1991-08-26',34,'M','Married','09196201194','','','','2025-10-27 01:13:30',NULL,''),(2111,'Saballa, Melinda  F.','Benedicto, Jaro','1956-08-28',69,'F','Married','09122791777','','','','2025-10-27 02:01:16',NULL,''),(2112,'Gonzales, Violenda  L.','E. Lopez St. Jaro','1945-07-27',80,'F','Widowed','09695099464','','','','2025-10-27 02:56:16',NULL,''),(2113,'Espino, Gloria  D.','Pavia, Iloilo','1944-09-04',81,'F','Widowed','09457653857','','','','2025-10-27 03:04:48',NULL,''),(2114,'Tacsagon, Rongie  C.','Tubungan, Iloilo','1988-03-29',37,'F','Married','09173152044','','','','2025-10-27 03:12:21',NULL,''),(2115,'Suarez, Vin Enrique  A.','Sta. Barbara','2019-03-02',6,'M','Single','09108296897','','','','2025-10-27 03:26:47',NULL,''),(2116,'Bides, Rose Raquel  Z.','Camalig, Jaro Iloilo','1976-02-02',49,'F','Married','09086300359','','','','2025-10-27 03:48:54',NULL,''),(2117,'Zambra, Candice  P.','Camalig, Jaro Iloilo','2020-02-02',5,'F','Single','09086300359','','','','2025-10-27 03:55:10',NULL,''),(2118,'Catalan, Rosalinda  P.','Pavia, Iloilo','1957-09-30',68,'F','Widowed','09286162100','','','','2025-10-27 06:32:46',NULL,''),(2119,'Abalos, Lucia  T.','Tubungan, Iloilo','1978-10-31',46,'F','Married','09994100216','','','','2025-10-28 00:45:24',NULL,''),(2120,'Aldea, Athena Gabrielle  B.','Jaro Iloilo City','2017-09-12',8,'F','Single','09562755171','','','','2025-10-28 01:40:20',NULL,''),(2121,'Alde, Ma. Luisa  L.','Tiring, Cabatuan','1973-01-03',52,'F','Married','09062992817','Alde, Joel  S.','','Husband','2025-10-28 01:43:46',NULL,''),(2122,'Aldea, Reynaldo  G.','Tinadtaran, Buenavista, Guimaras','1953-09-11',72,'M','Married','09095448242','','','','2025-10-28 01:46:43',NULL,''),(2123,'Alegoro, Ashera Rheejhen  G.','San Roque, Jaro Iloilo','2013-10-18',12,'F','Single','09308334755','','','','2025-10-28 01:51:58',NULL,''),(2124,'Aguirre, Bronze Romar  L.','Lanit, Jaro','1999-06-15',26,'M','Single','09309774436','','','','2025-10-28 02:08:00',NULL,''),(2125,'Aguirre, Ronnie  G.','Brgy. Banica, Roxas Capiz','1976-09-19',49,'M','Married','09052176228','','','','2025-10-28 02:10:55',NULL,'Supercare'),(2126,'Aguirre, Jay Mahelle  L.','Passi City','1984-07-13',41,'F','Married','09915358311','','','','2025-10-28 02:15:59',NULL,''),(2127,'Aguirre, Cezar  C.','R. Mapa St. Tabucan, Mandurriao','1956-12-09',68,'M','Married','09288723307','Llemos, Cynthia  ','09202401024','','2025-10-28 02:19:13',NULL,''),(2128,'Aguirre, Ignacio  Jr. G.','Balantang, Jaro','1968-10-31',56,'M','Married','09303006089','','','','2025-10-28 02:22:05',NULL,''),(2129,'Pedregosa, Lv Marie  C.','Tina, Badiangan Iloilo','2005-12-11',19,'F','Single','09127039053','Pedregosa, Vilma  C.','','Mother','2025-10-28 02:26:16',NULL,''),(2130,'Braganza, Edelyn  L.','Balabag, New Lucena','1998-03-21',27,'F','Single','09667167102','','','','2025-10-28 02:47:41',NULL,''),(2131,'Cervatos, Yzra Marielle  I.','Dingle, Iloilo','2001-10-14',24,'F','Single','09301910235','','','','2025-10-28 04:01:30',NULL,''),(2132,'Siaotong, Romeo  M.','Don Francisco Vill. Jaro','1940-07-23',85,'M','Widowed','09127798402','','','','2025-10-28 04:21:28',NULL,''),(2133,'Bendicion, Simelle Joyce  F.','San. Miguel, Iloilo','1998-10-03',27,'F','Single','09956404004','','','','2025-10-28 05:39:15',NULL,''),(2134,'Penafiel, Jhian Paulo  ','Brgy. Sambag, Jaro Iloilo','2008-01-26',17,'M','Single','09630427477','Janay, Elenita  ','','Aunt','2025-10-28 05:45:05',NULL,''),(2135,'Fabiana, Ma. Rena  B.','Jaro Iloilo City','1970-09-29',55,'F','Married','09468611193','','','','2025-10-28 06:10:58',NULL,''),(2136,'Buaron, Imaelyn  A.','Estancia, Iloilo','1996-11-13',28,'F','Single','09167881293','','','','2025-10-30 00:55:31',NULL,''),(2137,'Dinson, Jerry Jose  D.','Brgy. Katilingban, Molo Iloilo City','1967-11-07',57,'M','Married','09078109890','','','','2025-10-30 01:05:39',NULL,''),(2138,'Cordero, Keenan  H.','Jaro Iloilo City','1978-02-23',47,'M','Married','09685523079','','','','2025-10-30 01:07:54',NULL,''),(2139,'Jereza, Edmundo  M.','Cuartero, Jaro Iloilo City','1931-11-16',93,'M','Married','09814107853','','','','2025-10-30 01:23:13',NULL,''),(2140,'Gumban, Sofia Renee  B.','Bakhaw, Mandurriao','2012-05-25',13,'F','Single','09464129821','','','','2025-10-30 02:53:57',NULL,''),(2141,'Hulleza, Christopher  S.','Brgy. Anuang, Cabatuan','1976-12-25',48,'M','Married','09301287747','','','','2025-10-30 03:05:55',NULL,''),(2142,'Gumapas, Ethan Kiel  G.','Alimodian, Iloilo','2018-04-01',7,'M','Single','09197565655','Gumapas, Kristine Ann  ','','Mother','2025-10-30 03:53:57',NULL,''),(2143,'Austria, Francis Gabriel  P.','Molo, Iloilo City','2007-06-16',18,'M','Single','09178778058','','','','2025-10-30 04:10:42',NULL,'Avega'),(2144,'Austria, Romano  E.','Molo, Iloilo City','1978-03-09',47,'M','Married','09178778058','','','','2025-10-30 04:11:52',NULL,'Avega'),(2145,'Areno, Mary Joy  M.','Tapacon, Bingawan, Iloilo','1990-09-27',35,'F','Married','09303576870','','','','2025-10-30 04:25:39',NULL,''),(2146,'Mejia, Enrico Paul  T.','Alta Tierra, Jaro','2020-05-15',5,'M','Single','09778539401','','','','2025-10-30 04:36:32',NULL,'Dr. Aileen Tamayo'),(2147,'Mejia, Paul Johnrick  T.','Alta Tierra, Jaro Iloilo','2016-12-04',8,'M','Single','09778539401','','','','2025-10-30 04:38:41',NULL,'Dr. Aileen Tamayo'),(2148,'Iscala, Emelie  A.','M.H. Del Pilar, Jaro','1956-01-26',69,'F','Married','09208202884','','','','2025-10-30 05:20:29',NULL,''),(2149,'Austria, Sofia  P.','Infante, Molo Iloilo','1981-09-14',44,'F','Married','09228766617','','','','2025-10-30 06:10:28',NULL,''),(2150,'Miranda, Jake  O.','Tamocol, Badiangan','2025-11-03',0,'M','Single','09305775360','','','','2025-11-03 04:47:05',NULL,''),(2151,'De Pedro, Marie Claudale  G.','Benedicto, Jaro','1979-08-02',46,'F','Single','09275965122','','','','2025-11-03 05:31:31',NULL,''),(2153,'Esmeralda, Charlie Shayne  A.','Ortiz Street Iloilo City','2006-12-20',18,'M','Single','09291660349','','','','2025-11-03 05:58:48',NULL,''),(2154,'De Pedro, Marie Claudale  D.','Brgy. Benedicto, Jaro Iloilo City','1979-08-02',46,'F','Married','09275965122','','','','2025-11-06 00:36:10',NULL,''),(2155,'Mendoza, Ninfa  C.','Jaro Iloilo City','1958-10-14',67,'F','Married','09107873433','','','','2025-11-06 01:13:21',NULL,''),(2156,'Barron, Vincent  A.','Brgy. Ortiz Iloilo City','1946-11-25',78,'M','Married','09684173861','','','','2025-11-06 01:22:54',NULL,''),(2157,'Destacamento, Reydel  B.','Brgy. Rojas. Ajuy Iloilo','1986-08-03',39,'M','Single','09665032028','','','','2025-11-06 03:12:43',NULL,''),(2158,'Bungubung, Huden Ray  T.','Parara Sur, Tigbauan, Iloilo','1977-11-18',47,'M','Married','09394679434','','','','2025-11-06 03:25:23',NULL,'Supercare'),(2159,'Victoria, Arthur  A.','Iloilo City','1985-02-28',40,'M','Single','09423374638','','','','2025-11-06 03:27:16',NULL,'Maxicare'),(2160,'Villegas, Joemar  Jr. D.','Quintin Salas, Jaro Iloilo City','1987-04-01',38,'M','Married','09097468144','','','','2025-11-06 03:38:36',NULL,''),(2161,'Dionio, Marieta  L.','Dacutan, Dumangas','1953-04-23',72,'F','Widowed','09957236819','','','','2025-11-06 03:55:10',NULL,''),(2162,'Bernas, Samuel  O.','Balabag, Dumangas','1958-01-14',67,'M','Married','09219396144','','','','2025-11-06 04:46:14',NULL,''),(2163,'Gulmatico, Ma. Catherine  A.','Linayuan, Badiangan Iloilo','1964-03-09',61,'F','Single','09603120090','','','','2025-11-06 05:04:55',NULL,''),(2164,'Caumban, Jayme  A.','E. Lopez St. Jaro','1956-10-10',69,'M','Married','09284513707','','','','2025-11-07 01:54:57',NULL,''),(2165,'Balsamo, Ma. Mina. Zofia  A.','Nipa, San Dionisio, Iloilo','2011-11-28',13,'F','Single','09670519799','Balsamo, Hernalyn  ','','Mother','2025-11-07 01:58:16',NULL,''),(2166,'Cabello, Arieh Nathaniel  D.','Cabatuan','2013-12-17',11,'M','Single','09055274969','','','','2025-11-07 02:39:00',NULL,''),(2167,'Boctil, Rizal  B.','Calinog Iloilo','1985-09-08',40,'M','Married','09953559662','','','','2025-11-07 02:50:33',NULL,''),(2168,'Daquinan, Christian Vic  C.','Calinog Iloilo','2011-05-20',14,'M','Single','09087264561','','','','2025-11-07 02:57:41',NULL,''),(2169,'Labarigo, May  S.','Lambunao','1977-01-31',48,'F','Married','09502076479','','','','2025-11-07 03:24:30',NULL,''),(2170,'Pineda, Eliza  J.','Cabatuan','1980-01-23',45,'F','Married','09667015277','','','','2025-11-07 03:34:32',NULL,'Avega'),(2171,'Casio, Porferio  Jr. B.','Dumangas','1992-06-22',33,'M','Single','09859480605','','','','2025-11-07 03:46:26',NULL,''),(2172,'Gayomali, Jeonar  L.','Sta. Barbara, Iloilo','1975-01-14',50,'M','Married','09394658460','','','','2025-11-07 04:57:10',NULL,''),(2173,'Buni, Trisha Anne  E.','Pavia, Iloilo','2001-11-21',23,'F','Single','09981816170','','','','2025-11-08 01:03:41',NULL,''),(2174,'Rabin, Jandy  S.','Bungsuan, Dumarao Capiz','1999-01-13',26,'M','Single','09278256835','','','','2025-11-08 01:31:00',NULL,''),(2175,'Pruto, Romie  A.','Lambunao, Iloilo','1977-03-11',48,'M','Married','09216953740','','','','2025-11-08 01:34:34',NULL,''),(2176,'Pueda, Airien  H.','Lanit, Jaro','1983-06-02',42,'F','Married','09462627347','','','','2025-11-08 01:56:33',NULL,''),(2177,'Capalla, Victoria  L.','Jaro Iloilo City','1945-06-27',80,'F','Widowed','09266520719','','','','2025-11-08 02:07:59',NULL,''),(2178,'Araojo, Lance Gabriel  S.','San Isidro, Jaro','2009-12-30',15,'M','Single','09462294641','','','','2025-11-08 03:58:43',NULL,''),(2179,'Henarios, Joebert  H.','Balabago, Jaro Iloilo City','1977-07-29',48,'M','Married','09079136940','','','','2025-11-08 05:07:13',NULL,''),(2180,'Fuertes, Alexa Khimdreyn  E.','Sta. Cruz Arevalo Iloilo City','2002-09-19',23,'F','Single','09234040540','','','','2025-11-08 05:37:13',NULL,''),(2181,'Nagar, Heira Joy  D.','Buyu-An, Tigbauan, Iloilo','2003-03-12',22,'F','Single','09157236417','','','','2025-11-08 05:41:11',NULL,''),(2182,'Gumban, Ralphy  S.','San Juan Blvd, Molo','1986-06-18',39,'M','Married','09093017757','','','','2025-11-10 01:02:34',NULL,''),(2183,'Gumban, Ma. Clarrenil  P.','Bakhaw, Mandurriao','1985-09-26',40,'F','Single','09959010457','','','','2025-11-10 01:06:13',NULL,''),(2184,'Gumban, Rene  P.','Bakhaw, Mandurriao','1980-09-15',45,'M','Married','09081602919','','','','2025-11-10 01:08:29',NULL,''),(2185,'Gumban, Reneil Aron  P.','Bakhaw, Mandurriao','2021-04-29',4,'M','Single','09081602919','','','','2025-11-10 01:11:11',NULL,''),(2186,'Gumban, Precious  B.','Bakhaw, Mandurriao','1987-03-27',38,'F','Married','09464129821','','','','2025-11-10 01:13:33',NULL,''),(2187,'Gutierrez, Mearch Vincent  S.','Ungka, Pavia','2002-04-23',23,'M','Single','09296720154','','','','2025-11-10 01:21:15',NULL,''),(2188,'Gustilo, Orly John  S.','Balabag, Dumangas','1988-01-13',37,'M','Married','09105611357','','','','2025-11-10 01:23:22',NULL,''),(2189,'Gupiteo, Ralph  D.','Sambag, Jaro','1991-05-12',34,'M','Married','09686762444','','','','2025-11-10 01:25:57',NULL,''),(2190,'Gumboc, Khaled  G.','Botong, Oton','2021-01-09',4,'M','Single','09997655389','','','','2025-11-10 01:28:41',NULL,'Phsi'),(2191,'Gilapay, Lydia  T.','Alimodian, Iloilo','1953-07-17',72,'F','Married','09506011105','','','','2025-11-10 02:55:03',NULL,''),(2192,'Jangit, Janris  S.','Tacas Jaro','2006-01-29',19,'M','Single','09940466825','','','','2025-11-10 03:43:23',NULL,''),(2193,'Hopilos, Gil  T.','Napnud, Leganes','1942-09-01',83,'M','Married','09093813248','','','','2025-11-10 04:51:54',NULL,''),(2194,'Geraldoy, Miguel Oliver  T.','Pavia, Iloilo','2003-05-29',22,'M','Single','09278314423','','','','2025-11-10 05:35:08',NULL,''),(2195,'Sondon, Akhila Key  S.','Rumbang, Pototan','2019-11-11',6,'F','Single','09493230125','','','','2025-11-11 01:16:41',NULL,''),(2196,'Pendon, Mary Janet  P.','Duenas, Iloilo','1973-10-09',52,'F','Single','09518641836','','','','2025-11-11 01:18:29',NULL,''),(2197,'Geraldoy, Robelyn  T.','E. Lopez St. Jaro','1973-01-11',52,'F','Married','09278314423','','','','2025-11-11 01:19:49',NULL,''),(2198,'Hermocillas, Kylah Faith  L.','Calumpang, Molo Iloilo','2012-09-06',13,'F','Single','09667760867','Hormicillas, Rose  ','','Mother','2025-11-11 01:22:39',NULL,''),(2199,'Tuares, Christian  R.','Parara Sur, Tigbauan, Iloilo','1985-09-20',40,'M','Married','09286302691','','','','2025-11-11 01:24:32',NULL,''),(2200,'Tuando, Mary Ann  M.','Batad, Iloilo','1983-11-19',41,'F','Married','09088103823','','','','2025-11-11 01:27:25',NULL,''),(2201,'Tuala, Divine Grace  C.','Badiangan, Iloilo','1997-01-23',28,'F','Single','09664937232','','','','2025-11-11 01:29:51',NULL,''),(2202,'Tuante, Sidnne Blue  D.','Tigbauan Iloilo','2016-07-15',9,'M','Single','09466388282','','','','2025-11-11 01:31:51',NULL,''),(2203,'Porras, Zachary Jeff  M.','San Matias, Dingle','2024-03-27',1,'M','Single','09072093898','Porras, Divine Grace  ','','Mother','2025-11-11 02:57:43',NULL,''),(2204,'Tiano, Cesar  V.','Bacolod ','1970-06-05',55,'M','Single','09279504108','','','','2025-11-11 03:27:05',NULL,'philcare'),(2205,'Tabuada, Analyn  J.','Tacas Jaro','1973-03-02',52,'F','Married','09202727047','','','','2025-11-11 03:48:04',NULL,''),(2206,'Habawel, Erynn Dominique  G.','Oton, Iloilo','2016-07-18',9,'F','Single','09205253237','','','','2025-11-11 04:09:40',NULL,''),(2207,'Habawel, Chardelle Athena  G.','Oton, Iloilo','2014-05-20',11,'F','Single','09054104130','','','','2025-11-11 04:29:29',NULL,''),(2208,'Naranjilla, Lorenzo  C.','Mandurriao','1946-03-21',79,'M','Married','09086093093','','','','2025-11-11 04:38:34',NULL,''),(2209,'Samaniego, Juana  L.','Talaba, Badiangan','1939-03-29',86,'F','Married','09162781864','','','','2025-11-11 06:07:01',NULL,''),(2210,'Caro, Adeline Joy  H.','Calaparan, Arevalo, Iloilo City','2018-05-16',7,'F','Single','09086028436','Hurtada, Pinky  ','','Mother','2025-11-13 01:16:44',NULL,''),(2211,'Castronuevo, Rex  M.','Pob. Bingawan, Iloilo','1971-09-23',54,'M','Married','09664956521','','','','2025-11-13 01:20:44',NULL,''),(2212,'Belicaria, Virgilio  N.','Brgy. Sambag, Zarraga, Iloilo','1970-11-30',54,'M','Married','09497806199','','','','2025-11-13 01:24:36',NULL,''),(2213,'Caminian, Archie  T.','Brgy. Balabag, Pavia, Iloilo','1980-12-27',44,'M','Married','09776870418','Caminian, Imee Marie  ','','Wife','2025-11-13 01:27:39',NULL,''),(2214,'Cancel, Lv Marie  F.','Oton, Iloilo','1993-08-01',32,'F','Single','09127935854','','','Wife','2025-11-13 01:29:21',NULL,''),(2215,'Carton, Jayson Mark  M.','Aganan, Pavia','1989-12-09',35,'M','Single','09452756524','','','Wife','2025-11-13 01:31:04',NULL,''),(2216,'Bretana, John Philip  S.','Cabugao Norte Sta. Barbara Iloilo','1993-05-07',32,'M','Married','09630426908','','','Wife','2025-11-13 01:38:09',NULL,'Supercare'),(2217,'Bernadas, Marvin Donne  B.','Jaro Iloilo City','1990-12-21',34,'M','Single','09951084297','','','Wife','2025-11-13 01:40:57',NULL,''),(2218,'Basito, Jennifer  E.','Btac. Nuevo, Iloilo','1992-07-15',33,'M','Single','09672987366','','','Wife','2025-11-13 01:43:11',NULL,''),(2219,'Casador, Ma. Jelith  S.','Caranas, Janiuay','1969-08-20',56,'F','Married','09099003744','','','','2025-11-13 05:29:09',NULL,''),(2220,'Camarista, Emmanuel Teodoro  D.','Mina, Iloilo','2014-01-21',11,'M','Single','09165675550','','','','2025-11-13 05:30:48',NULL,''),(2221,'Camarista, Teodoro  C.','Mina, Iloilo','1959-04-17',66,'M','Married','09165675550','','','','2025-11-13 05:32:37',NULL,''),(2222,'Batac, Virgilio  B.','Tabugon, Dingle, Iloilo','1952-04-07',73,'M','Married','09109226608','','','','2025-11-13 05:34:33',NULL,''),(2223,'Basence, Andre Allan  M.','Alta Tierra, Jaro Iloilo','2011-04-06',14,'M','Single','09613076405','','','','2025-11-13 05:36:38',NULL,''),(2224,'Brasileno, Ruth  G.','Mandurriao','1965-12-29',59,'F','Married','09897766543','','','','2025-11-13 05:40:24',NULL,''),(2225,'Huyaban, Arley  P.','Leganes, Iloilo','1984-03-06',41,'M','Married','09437096407','','','','2025-11-14 02:06:30',NULL,''),(2226,'Husmillo, Liza  H.','San Isidro, Jaro','1977-02-08',48,'F','Married','09095228524','','','','2025-11-14 02:08:04',NULL,''),(2227,'Husmillo, Marlon  H.','San Isidro, Jaro','1980-09-17',45,'M','Married','09386575781','','','','2025-11-14 02:09:36',NULL,''),(2228,'Hugo, Beberly  R.','Sta. Barbara, Iloilo','1982-10-12',43,'F','Married','09686655361','','','','2025-11-14 02:12:12',NULL,''),(2229,'Hugo, Mateo Jose  D.','Buhang, Jaro','2011-05-07',14,'M','Single','09171192329','','','','2025-11-14 02:14:01',NULL,''),(2230,'Hugo, Relina  D.','Buhang, Jaro','1976-07-25',49,'F','Married','09278472864','','','','2025-11-14 02:15:19',NULL,''),(2231,'Huenda, Irish Grace  V.','Passi City','1995-10-25',30,'F','Single','09506314927','','','','2025-11-14 02:17:32',NULL,''),(2232,'Huelar, Dorothy Joy  H.','South Fundidor, Molo','1983-10-06',42,'F','Single','09394682277','','','','2025-11-14 02:19:27',NULL,''),(2233,'Hudtohan, Renee  C.','North Fundidor, Molo','1950-07-30',75,'F','Widowed','09156246977','','','','2025-11-14 02:21:33',NULL,''),(2234,'Hubo, Richard  L.','Alta Tierra, Jaro Iloilo','1972-08-19',53,'M','Married','09282777053','','','','2025-11-14 03:14:14',NULL,''),(2235,'Hubero, Joan Kesse  L.','Mandurriao','1993-09-09',32,'F','Married','09175024822','','','','2025-11-14 03:17:15',NULL,''),(2236,'Hubag, Cheryl  B.','Pavia, Iloilo','1979-02-17',46,'F','Married','09217611420','','','','2025-11-14 03:18:40',NULL,''),(2237,'Hortillosa, Dennis  L.','Mansaya, Lapuz, Iloilo','1950-12-30',74,'M','Married','09206554073','','','','2025-11-14 03:21:11',NULL,''),(2238,'Hopillos, Hans Christian  R.','Napnud, Leganes','2005-12-22',19,'M','Single','09093813248','','','','2025-11-14 03:38:24',NULL,''),(2239,'Honorario, Darleen  L.','Igbaras, Iloilo','1985-08-29',40,'F','Single','09614812410','','','','2025-11-14 03:40:31',NULL,''),(2240,'Honorario, Vilma  L.','Igbaras, Iloilo','1953-02-23',72,'F','Widowed','09062257601','','','','2025-11-14 03:42:11',NULL,''),(2241,'Hong, Ziqing  L.','La Paz, Iloilo City','2020-05-11',5,'F','Single','09277711710','','','','2025-11-14 03:44:36',NULL,''),(2242,'Hondrade, Jude Kenneth  L.','Balabag, Pavia','1988-10-28',37,'M','Married','09981983453','','','','2025-11-14 03:47:11',NULL,''),(2243,'Buenaflor, John  B.','Barotac Viejo, Iloilo','1969-06-24',56,'M','Married','09684218616','','','','2025-11-17 01:16:00',NULL,''),(2244,'De La Cruz, Airene  A.','Tacas Jaro','1988-02-09',37,'F','Married','09090311569','','','','2025-11-17 01:19:13',NULL,''),(2245,'Vilonero, Kim John  M.','Batad, Iloilo','1993-03-25',32,'M','Single','09274918347','','','','2025-11-17 01:25:56',NULL,'Supercare'),(2246,'Capaniarihan, Estrella  G.','Desamparados, Jaro Iloilo','1973-05-21',52,'F','Single','09817679548','','','','2025-11-17 02:34:15',NULL,''),(2247,'Cuenca, Kent Ivan  D.','Jaro Iloilo City','2003-12-30',21,'M','Single','09288187180','','','','2025-11-17 03:07:32',NULL,''),(2248,'Calama-An, Adam Macwil  C.','Sarapan, Passi City','2017-02-02',8,'M','Single','09957497985','','','','2025-11-17 03:49:46',NULL,''),(2249,'Bernal, Kezzia  A.','Carles, Iloilo','2010-04-17',15,'F','Single','09707148138','','','','2025-11-17 08:07:36',NULL,''),(2250,'Cuenca, Rodita  D.','Jaro Iloilo City','1973-11-15',52,'F','Married','09255443219','','','','2025-11-17 08:22:00',NULL,''),(2251,'Hojilla, Constancia  M.','Balabago, Jaro Iloilo City','1936-09-14',89,'F','Married','09503255456','','','','2025-11-17 08:23:46',NULL,''),(2252,'Hojilla, Roselle Mae  K.','E. Lopez St. Jaro','1998-04-13',27,'F','Single','09103603440','','','','2025-11-17 08:25:29',NULL,''),(2253,'Hisugan, Perfecto  Jr. H.','Pavia, Iloilo','1972-01-08',53,'M','Married','09198699568','','','','2025-11-17 08:27:32',NULL,''),(2254,'Cuben, Hannah Crislyn  P.','San. Miguel, Iloilo','2006-06-13',19,'F','Single','09212001588','','','','2025-11-18 01:57:46',NULL,''),(2255,'Guycoa, Ram Cedrick  G.','Cabatuan','2015-01-27',10,'M','Single','09452641350','','','','2025-11-18 02:00:45',NULL,''),(2256,'Guzman, Cristina  F.','Balabago, Jaro Iloilo City','1955-09-29',70,'F','Married','09064255927','','','','2025-11-18 02:02:32',NULL,''),(2257,'Palotes, Erica  N.','Rizal, Lapuz Sur, Iloilo City','2002-02-11',23,'F','Single','09083482881','','','','2025-11-18 02:16:17',NULL,''),(2258,'Remegio, Cassey Allana  M.','Passi City','2013-02-14',12,'F','Single','09125473927','','','','2025-11-18 02:24:15',NULL,''),(2259,'Pimentel, Kathrynn  P.','North Metropolis, Jaro Iloilo City','1993-03-04',32,'F','Single','09060112425','','','','2025-11-18 03:30:55',NULL,''),(2260,'Armada, Edwin  A.','Jaro Iloilo City','1969-10-22',56,'M','Married','09625878483','','','','2025-11-18 04:02:25',NULL,''),(2261,'Torres, Philina  D.','Mandurriao','1948-07-04',77,'F','Married','09127747279','','','','2025-11-18 04:33:23',NULL,''),(2262,'Landero, Michelle  M.','Poblacion, Leganes','1990-12-10',34,'F','Single','09127747279','','','','2025-11-18 04:36:19',NULL,''),(2263,'Cubar, Cheny Jen  E.','Barotac Nuevo, Iloilo','1997-11-19',27,'F','Single','09627721142','','','','2025-11-18 04:38:23',NULL,''),(2264,'Serojano, Nita  D.','Cagbang, Oton','1975-06-03',50,'F','Married','09078316728','','','','2025-11-18 04:39:50',NULL,''),(2265,'Borci, Albert John  H.','Compania, Molo','2005-08-24',20,'M','Single','09105053593','','','','2025-11-18 05:30:36',NULL,''),(2266,'Chu, Nannah  T.','La Paz, Iloilo City','1982-06-16',43,'F','Married','09184022625','','','','2025-11-18 05:51:10',NULL,''),(2267,'Barte, Aimee Marie  S.','Jaro Iloilo City','2000-04-21',25,'F','Single','09279534945','','','','2025-11-20 01:38:46',NULL,''),(2268,'Garcia, Prince Joemarie  G.','Pavia, Iloilo','2015-12-12',9,'M','Single','09095269168','','','','2025-11-20 02:02:59',NULL,''),(2269,'Loriega, France Raeven  M.','Cabanga-An, Badiangan','2013-04-01',12,'M','Single','09127575000','','','','2025-11-20 02:21:32',NULL,''),(2270,'Pedrajas, Novie  P.','Pototan, Iloilo','1957-11-28',67,'M','Married','09774178257','','','','2025-11-20 03:10:20',NULL,''),(2271,'Marquez, Genalyn  A.','Ajuy, Iloilo','1976-02-20',49,'F','Married','09707891388','','','','2025-11-20 03:27:34',NULL,''),(2272,'Toriaga, Sweeth Zhel  R.','Mandurriao','1999-10-19',26,'F','Single','09686491000','','','','2025-11-20 04:47:20',NULL,''),(2273,'Pablo, Ana Rose  O.','Brgy. Fatima, Jaro','1988-11-05',37,'F','Single','09156181130','','','','2025-11-20 05:11:33',NULL,''),(2274,'Hermano, April Love  G.','Jayme St. Jaro','1989-04-06',36,'F','Married','09463056154','','','','2025-11-21 01:38:57',NULL,''),(2275,'Hembra, Stella Marie  H.','Jaro Iloilo City','1982-09-10',43,'F','Married','09494246251','','','','2025-11-21 01:40:29',NULL,''),(2276,'Hechanova, Nelda  B.','Jaro Iloilo City','1969-09-17',56,'F','Married','09199777147','','','','2025-11-21 01:44:00',NULL,''),(2277,'Palonpon, Leanard Anthony  J.','Jaro Iloilo City','1998-07-07',27,'M','Single','09565287854','','','','2025-11-21 02:14:19',NULL,''),(2278,'Santuyo, Resty  D.','Ajuy, Iloilo','1995-10-29',30,'M','Single','09955654172','','','','2025-11-21 02:21:34',NULL,''),(2279,'Blance, Reynaldo  B.','Sambag, Jaro','1953-08-23',72,'M','Married','09303658049','','','','2025-11-21 02:28:43',NULL,''),(2280,'Taleon, Mary Veian  T.','Brgy. Amiroy, Mina','2023-11-14',2,'F','Single','09157738093','','','','2025-11-21 02:31:31',NULL,''),(2281,'Sarabia, Rene  Sr. S.','394 E Lopez St Jaro','1954-07-17',71,'M','Widowed','09083088888','','','','2025-11-21 04:53:37',NULL,''),(2282,'Lapidante, Maria Teresa  A.','Simon Ledesma, Jaro','1970-09-19',55,'F','Married','09983520610','','','','2025-11-21 05:47:07',NULL,''),(2283,'Nolasco, Melina  D.','Jaro Iloilo City','1963-11-27',61,'F','Widowed','09175354296','','','','2025-11-21 05:48:28',NULL,''),(2284,'Pagaran, Renz Bryan  T.','San Juaquin, Iloilo','1993-04-24',32,'M','Single','09563922380','','','','2025-11-22 02:13:16',_binary '\\\0JFIF\0\0`\0`\0\0\\0C\0		\n\r\Z\Z $.\' \",#(7),01444\'9=82<.342\\0C			\r\r2!!22222222222222222222222222222222222222222222222222\0\0\0\"\0\\0\0\0\0\0\0\0\0\0\0\0	\n\\0\0\0\0}\0!1AQa\"q2#BR\\$3br	\n\Z%&\'()*456789:CDEFGHIJSTUVWXYZcdefghijstuvwxyz\\\\\\\\\\\\\\\\\\\\\\\\\\\\\\\\\\\\\0\0\0\0\0\0\0\0	\n\\0\0\0w\0!1AQaq\"2B	#3R\br\\n$4\%\\Z&\'()*56789:CDEFGHIJSTUVWXYZcdefghijstuvwxyz\\\\\\\\\\\\\\\\\\\\\\\\\\\\\\\\\\\0\0\0?\0\@ d\R\\	f_\\\c\\I\\:\ZMI\[U\haMr\?/\9\0\Mt\i&+\9Y\n\4\)i6Q@-(T\\"{\\XF\0Um\FY1\2Nj]7Vy_v\\\7OLo\)/K\\oL\O	]s.\\~n\*c`N*\D\U\Z4\r\\%:U\Z9)`\2\rh+dUe\\T+VhNY+56ABq\V\W&\\o.J\rZ2\?Z\\4\ne\\\z\;5\|I$\$uz!4\dq\Ze\Q~\F~FI\ZG_\5CH\4\P\\"P\\\\\\\N\\\<lo\\\wo\\\nN\S\\\Z\a}q\_?\\`\\h\#s\\\m^\'\rtDKI\I7,v\\w\|\'5\0^20\ de=4+&Y/\\Z\"**\\b>\043\s\p$\\L\ZF\T\rIA\S\'4i\F2)\\\!,IT1\\\&Y\^\^\\3\\HN\0PrL\[\XOJ\I&\\0g7\xm7\n\\\M\ny\\\\?\W\\5m\wQ6\ws\:W+.a2\$Tk \<\1vwFk\\i\\\w\\\\01\\-HI\Vgq:P\;:x\\\ce\\\Z\6\#P`c\m>D\ \r\\\\\b\\P;3:\`\sjqd\\5\<3VV\n[m\v\ @\mjk5\\\\2\a\r?w~Kdo\#W\Z3t`Ak\d\_4s-sckE\xPM\\!c=?:\G\\-Rk\\_\\W\\(\\I!h)*\\{$\o\,\n\\gY\'k`eg\\B[e\\A\0d\XBUW+\cD+\ZQL*m\OU\rS\\\2\t\'\j\\\0|\\w\)-\\\v~\iKwPoni\\4O#\\brQG\.\Hv \\9\czVQ=\n\J\\Zm\:V\\\|w\c9u\O\k[\$\l\\8*\?\V:j[|d\1OJQ)e\\\\\ZDd\0\s+\\8\F+5\\nOx\\[x%Y\\cddt\\\O&I;s\\V\#ABI\6\Mf\\1N>\7\\\$R\s\\?\f1\1\0\\\\zp\`}\\\\?$#&\\[^\\-\\n\n\0\|\0\\vg5u\&w\,	W\Z\\\O\k\k\\#\S%c\\y,\&kY`\"\z\*.G\:9p\#1^\\0#\\\\ ?t}kGNM=zU+:\J[-~8jr\jR}%A\"> e\*\d\n9\\q\\\\kp\\a\Wx\d^+a9?\Y\a\1@v0\?#dzU`X!t8H\0^\\\<\Fw0A0i$n225\k\\\d*\%C\~9\\]fo=\vMz1`~t^\ks<gWC\2L/\[\wh\\I\9c2W*\y|@\q\\\0I\0j\n\U\\'+_ \U6A~\|@x\Z\0\=?Yi\r\bC{|\r1\J@:\KF+&\|&\R\\\\\\5yulGy\n\?\\n\g\r\\RW\'\\\\@~aN\\\x_	9\0ic^7Gk\tM-\l\0I\Erd\A\z\\!N\76\\n!\r1evYH s\I\4rgg4\UXFOe\0\SsKg\{\0?\jnOZST-0\'V\j@jjz@ZV\V\yi\*\\\\\$Js2	~c\7\\+\\Yc\\v\O\^\6\\N`n\R1\^M\\emp\\ks9\L/\0+7iX\2\\"\k\W3y\wmPI`\\z_5q\/t\\\Y	\\\\'\5\VMF)}\.\4\\+/ZYdj\"\j5NVFn7!I\\hHx55b\Wz5#c\v\0Zql\`\0\\\*lY\*\Z=j\\0\\V\0\jHA\.leV\s\ee\"4l\cEP\1Yr\,\\\j\Cu\$p	\=|{OHM0\jfnH9==t\^B\ \n\\H\\"\<Wt\<Xi\&iP\@XGoD\)=Odf\hO^V\YvmV-RZw4NV`\\\\.%Hw<\U\E{_\M.H{d\n\J\\\\0Kr\k\\W\-\\lp\n\@_}il\x\\\d\b\`\\\Mlq\\\\\k\V6B/\F@B01A\95\\\r\\Orw\Z\\nFc\0|{\0FE%\RQ\=<q\|K\4\/tn\Tac\?\\=\^\\!e*m\69W\0u}\Ts5\'g\\\	4C\\\\x0\0\\nsld\\\W\\\18TS\eO`jd0HU~3\0M\"9\CT\\\H[l\\\6\\\V5\M2\\p=z\C\Fr[\~K\\"\F\?Fw\\os\\F\R<\H#\<V,\0L\?im$I\auRf\y\Z1J\'?\Z\\l_V\T\U#\:\\pY\\G5\.\\i<sob\n3\\\\A\?>I*}\"R\Q\\;W*\ZF)jr~F\5y>D ?c\=5V]n\H\T\#\V;\\\Sj\.|E\\\4\\p.\\=Gu}r\\F\23m<o;h\,`\M\\.\0\\\rF\!Gioa4,I,\2sM\\\\\"NhI6M\0q\\{E\\\x\\\3(G#\5\\\c&\'=_\?]KH\\\\'\^\AxqP;8\\\Z\5\?\nsy| e\0|r@	\0k\MrU,F\\\\"J*M\'\o:VMK4\\?\}+Dx\<\Z$Mr$\\j\\\\:h\u\r.	\l\\&n\ZF7\0*\Ol\mc\\]\5\\|n7+T\G]\\d\\03(\\"\\\ny|I0\\s\evt\"}4\\\\|\#()\\\Z;\\9G\z&q\\}?\\\\l\\5B\m^xPm?\Z\Kw\s\\\\)\x.\\0X>\sjcvQC\V\\\Z\gp\\0\?T7t=\"Y\\0\jMJ??\\Z=\k%um\?\\\$\5\\*wR9J\\\'x(921%h<,C\\L)\0W\j\\\b)\\BJ\gR?ZOn?\\\\`k=\{#\\?\9lmE\'\Lk\C_,\R0[[d\\W\0N6N*B3E}RdQ:NJj\\r\VjX3\5w\MaO\\&#\\=v\-h(G\\\m\K	?Uh\iV]\\G\\\e\_\\0\\\?k\t3u\\\0di%.\\Z_fyX#~\\VY[\\\\Q&u-\`G\Z\QQK\PMkm\\\P[\D\j\wnX\{\n\'O2\l\slI@U\c\\0?{\HYFk\'KPP\"\bl`\\0\U\0>MnkI\\{&kGr\9G)\r!\\\\r9\r.\D>si+\\n\N\44\\\-fo\q\}Kd\rg\ge%	%\\Z\\'#S\k\\g9B{8\\5V\O+\;q$py\A\0=\gn\5:i#\7|v\\\T\\\\,,	\$qK|g4<\\&0\M1\ZIXmkr-`\\%K[h\G8\7\%c\0\)dQ\\r%\\\\n\\0~F\}\\v.y\\+\2_*\0@{\7\f\'&-3\\)\+\^F1v\\R^1\\\ru.:\Z*5	\9>R?\~B\>mN\	\\\j\Iq9?\\\0k\>YN|\5\2\\\"\i\\\q\'Y\\0I[v\"<<3\~\\0\\\;\L\\I<vD6Z|\\0\\Xc\Z?KC\Uvm\Vj\<$W\\^z\5b2x9\Tc)\'\H\+\Z	\'k>tKh\~JA\'q?\|@\v?\?47\v\\R\ZlJ:*\t\\\Thbp9G\\\\~\qa?7\02	9\~`:\rd \yj\\B?\\0\GG!9\K\\(&sBoQZ9\\ \\\<\5\PyF8\;\<1\Z\\S}\926~,c(\u\r\s\|\M\'\\Tv2Z]\I9Go\k;;\mh\\%\\\`e{\k\H	\\o\\\\YO<w\\Wm\\\C\ \AUT\g_\j^gJ/J\rq[Svf\\5u\\f\5v\7Z\'R\H\v?R\\nlyk\SjHmv0xZ\D_\n\\0U;\\0\5m\(X}9\\?\rd2h\\\'-kQ\U]yhy\\\\P3\\rD\x\mc\0\nxO3]q\U3h@\N\OZr\\4\{Zp\+?Yd\v&Yq\M2- j:\\n\?\\R99v^2g-\Zs\*\j\\\\9;~_s+6WCs \9\xpwF/\^\f\\Nk{4mq\"B\,Zc#I\Z[K\\\\\\RD\Z_w.\)\\A1\0\=\\\ =I\zAO\\5v!\'S\a\C\I>\3\\nF23:.x-g\j1.FB\\]\%\QG&|>\W\\)Tn;\\\\c`r18#\\T&8\u\z~<*E\\R\m\feA\~B\%{k\Z\9\)b>\MW)3\\P$\IeO\\%\&2x#>\\zw\\i\H\V\\\\1?\\g\o#4cUQ@\0\(\\\Ml\zN\>I;<\\\0+dw?\^j=\\_d-#\\0\\bk|gf[/[X\0v\#\#ul\$?W6c%\\\1\\y\Q\)m\\H\\|\'m~\f`\!\0|QZ\7k\r|d\d\y\DF}+]\Gn*I3JQ\\\'\\\`\J\o|cxc\jCu\B\X\5\\'\&\\$Q^n\R!~Q%l\ \],4s\rv\\\X>	%BKd\Xc\==k9I3V\1\\f\ \5\\!\m\T\\Q9\]\8\'A\\Q\08\0\P\\5k\zI\\\\\0B5\~\\0x&lL\\n\\'\\h\\"\*?y\ZR8\\k\fuujCY:\\8\n\cWd\+\W\T\	K\[W)k3HT\\5\:\\Q]yD,,:9by\\dK<$rm;\p\\\0\\\\*R\:3\[\\S>\e*ss]\I\"OEp[\\~u\*\\\b\\xc\0VQ5L\',''),(2285,'Lupo, Jonathan  J.','Lopez Jaena St , Jaro Iloilo City','1972-11-23',52,'M','Married','09183317696','','','','2025-11-22 02:17:48',NULL,''),(2286,'Santuyo, Hepshebah  D.','Ajuy, Iloilo','1999-08-11',26,'F','Single','09271351338','','','','2025-11-22 03:25:32',NULL,''),(2287,'Hautea, Jida  A.','Democracia, Jaro','1976-04-05',49,'F','Married','09983729433','Hautea, Roy  Q.','09298008506','Husband','2025-11-22 03:41:27',NULL,''),(2288,'Habana, Leonila  P.','Burgos, La Paz Iloilo','1929-01-17',96,'F','Widowed','09896754432','','','','2025-11-22 03:43:12',NULL,''),(2289,'Habana, Justin Kyle  B.','E. Lopez St. Jaro','2013-08-02',12,'M','Single','09194066766','','','','2025-11-22 03:44:32',NULL,''),(2290,'Hablado, Vince Caezar  L.','Alimodian, Iloilo','2011-09-04',14,'M','Single','09773347446','','','','2025-11-22 03:46:10',NULL,''),(2291,'Guzman, Elyn  P.','M.H. Del Pilar, Jaro','1991-01-02',34,'F','Married','09454337376','','','','2025-11-22 03:48:34',NULL,''),(2292,'Guzman, Jeru Germain  P.','M.H. Del Pilar, Jaro','1991-02-27',34,'M','Married','09454337376','','','','2025-11-22 03:49:57',NULL,''),(2293,'Guzon, Joy  J.','Paglaum Vill, Bacolod City','1976-05-07',49,'F','Single','09956673576','','','','2025-11-22 03:51:49',NULL,''),(2294,'Habana, Bien Anthony  B.','Jaro Iloilo City','2005-08-02',20,'M','Single','09964532541','','','','2025-11-22 03:53:41',NULL,''),(2295,'Hallares, Samedi Rean Byne  G.','Brgy. Trapiche, Oton Iloilo','2006-10-28',19,'M','Single','09276944952','','','','2025-11-22 05:44:24',NULL,''),(2296,'Hallares, Ethan  F.','Cubay, Jaro Iloilo','2021-01-09',4,'M','Single','09504238438','','','','2025-11-22 05:46:17',NULL,''),(2297,'Habana, Ronald Justice  B.','E. Lopez St. Jaro','1980-11-29',44,'M','Married','09194066766','','','','2025-11-22 05:48:12',NULL,''),(2298,'Hallegado, Lourdes  P.','Tabuc Suba, Jaro','1972-02-11',53,'F','Married','09072273637','','','','2025-11-22 05:50:43',NULL,''),(2299,'Hanada, Tomomi  D.','Jaro Iloilo City','1997-10-16',28,'F','Single','09989617873','','','','2025-11-22 05:52:44',NULL,''),(2300,'Harder, Beberly  L.','Parc Regency, Ungka Iloilo','1980-12-17',44,'F','Married','09295640849','','','','2025-11-22 05:54:39',NULL,''),(2301,'Haresco, Sorpresa  P.','Caingin, La Paz, Iloilo City','1952-04-01',73,'F','Married','09219572940','','','','2025-11-22 05:57:14',NULL,''),(2302,'Haresco, Melquiades  P.','Caingin, La Paz Iloilo City','1949-05-30',76,'M','Married','09219572940','','','','2025-11-22 05:58:57',NULL,''),(2303,'Harder, Ronnie  T.','Brgy. Buhang, Jaro Iloilo City','1953-11-18',72,'M','Married','09297897536','','','','2025-11-22 06:00:47',NULL,''),(2304,'Hautea, Ma. Felicia Nina  A.','Democracia, Jaro','2009-09-18',16,'F','Single','09298008506','','','','2025-11-22 06:02:39',NULL,''),(2305,'Helican, Ben Joseph  P.','Ceminario, Jaro Iloilo City','2003-09-07',22,'M','Single','09993092201','','','','2025-11-22 06:05:02',NULL,''),(2306,'Hechanova, Serafin  Jr. J.','San Dionisio, Iloilo','1966-08-26',59,'M','Married','09687345013','','','','2025-11-22 06:07:13',NULL,'Supercare'),(2307,'Hellares, Daisy Rose  S.','Bakhaw, Mandurriao','1995-12-17',29,'F','Single','09074304295','','','','2025-11-22 06:08:52',NULL,'Supercare'),(2308,'Hechanova, Isabel  S.','San Dionisio, Iloilo','1991-07-17',34,'F','Married','09058779059','','','','2025-11-22 06:11:37',NULL,''),(2309,'Hechanova, Stephanie  C.','Mandurriao, Iloilo City','1993-11-19',32,'F','Single','09163030273','','','','2025-11-22 06:13:25',NULL,''),(2310,'Hermogenes, Crystal  M.','Sara, Iloilo','2002-08-14',23,'F','Single','09065411823','','','','2025-11-22 06:15:32',NULL,''),(2311,'Hermano, Xyzzy Anyth  J.','Leganes, Iloilo','2014-06-06',11,'F','Single','09085672341','','','','2025-11-22 06:17:12',NULL,''),(2312,'Hermano, Zabina Lynne  I G.','Tigbauan Iloilo','2013-10-14',12,'F','Single','09078418535','','','','2025-11-22 06:18:45',NULL,''),(2313,'Betita, Chona  F.','Dumarao, Capiz','1976-11-30',48,'F','Married','09502889329','','','','2025-11-24 01:06:53',NULL,''),(2314,'Grafil, Regie  L.','Brgy Milan Lemery Iloilo','1995-02-04',30,'M','Single','09267072764','','','','2025-11-24 01:15:59',NULL,''),(2315,'Salmorin, Ryan  T.','Poblacion, Malay Aklan','2001-06-16',24,'M','Single','09098691642','','','','2025-11-24 01:17:48',NULL,''),(2316,'Dinson, Allen Rose  O.','Brgy. Katilingban, Molo Iloilo City','1973-11-11',52,'F','Married','09173037607','','','','2025-11-24 03:16:58',NULL,''),(2317,'Patriarca, Lorline  P.','Leganes, Iloilo','1963-12-29',61,'F','Widowed','09399390669','','','','2025-11-24 03:58:39',NULL,''),(2318,'Dator, Luis Julio  B.','Alta Tierra, Jaro Iloilo','2012-12-22',12,'M','Single','09081692080','','','','2025-11-24 04:49:46',NULL,''),(2319,'Herrera, Jonathan  T.','Pandac Pavia','1976-08-28',49,'M','Married','09615276167','','','','2025-11-24 05:37:59',NULL,'Supercare'),(2320,'Hernia, Evelyn  G.','Bakhaw, Mandurriao','1956-01-17',69,'F','Widowed','09284253823','','','','2025-11-24 05:39:22',NULL,''),(2321,'Hernia, Ferdinand  S.','Quintin Salas, Jaro Iloilo City','1976-01-03',49,'M','Married','09171143283','','','','2025-11-24 05:41:05',NULL,''),(2322,'Hernia, Ma. Coleen  S.','Quintin Salas, Jaro Iloilo City','1976-07-29',49,'F','Married','09228440729','','','','2025-11-24 05:42:52',NULL,''),(2323,'Hernando, Zenia  B.','Alta Tierra, Jaro Iloilo','1959-06-07',66,'F','Married','09987257849','','','','2025-11-24 05:44:43',NULL,''),(2324,'Herva, Jonalyn  E.','Brgy. Ingore La Paz, Iloilo City','1979-11-25',45,'F','Married','09454563118','','','','2025-11-24 05:46:41',NULL,''),(2325,'Hervas, Franklin  L.','Passi City','1986-04-23',39,'M','Married','09128003335','','','','2025-11-24 05:47:58',NULL,''),(2326,'Hierro, Annalyn  D.','Westwood Subd, Mandurriao, Iloilocity','1982-02-25',43,'F','Married','09294582559','','','','2025-11-24 05:49:46',NULL,''),(2327,'Hifarva, Arya Marthel  R.','Dumarao, Capiz','2022-04-26',3,'F','Single','09300925031','','','','2025-11-24 05:51:31',NULL,''),(2328,'Fuentes, Patricia  H.','Bacolod City','1996-03-05',29,'F','Married','09335114330','','','','2025-11-24 05:53:10',NULL,''),(2329,'Alejandrino, Clarice  H.','Bacolod City','1994-09-26',31,'F','Married','09089634431','','','','2025-11-24 05:55:03',NULL,''),(2330,'Hilado, John Lloyd  D.','Tabuc Suba, Jaro','2008-07-12',17,'M','Single','09700973930','','','','2025-11-24 05:56:45',NULL,''),(2331,'Hilado, Denise  D.','Bacolod City','2000-05-30',25,'F','Single','09998015228','','','','2025-11-24 05:58:46',NULL,''),(2332,'Segovia, Alexander Paul  D.','Mandurriao, Iloilo City','1989-03-29',36,'M','Single','09153306222','','','','2025-11-25 02:41:24',NULL,''),(2333,'Hilario, Edah Marie  D.','Democracia, Jaro','2004-05-18',21,'F','Single','09158076415','','','','2025-11-25 05:18:09',NULL,''),(2334,'Hilarde, Jhon Mark  S.','Progreso, Ajuy Iloilo','1997-06-12',28,'M','Single','09922860378','','','','2025-11-25 05:21:53',NULL,''),(2335,'Hila-Os, Segundina  P.','Lanit, Jaro Iloilo City','1960-01-15',65,'M','Married','09298866888','','','','2025-11-25 05:23:36',NULL,''),(2336,'Hiponia, Alberto  Iii D.','Pavia, Iloilo','2008-02-24',17,'M','Single','09094086107','','','','2025-11-25 05:25:15',NULL,''),(2337,'Hiponia, Ace Christian  D.','Brgy. Bito-On, Jaro Iloilo City','2009-07-19',16,'M','Single','09988501246','','','','2025-11-25 05:26:51',NULL,''),(2338,'Hipolito, Bianrenz Benedict  F.','Valenzuela, Pasay City','1997-06-06',28,'M','Single','09064095989','','','','2025-11-25 05:30:18',NULL,''),(2339,'Hinayhinay, Joseph  A.','Tagbak Jaro','1961-03-03',64,'M','Married','09394052452','','','','2025-11-25 05:31:55',NULL,''),(2340,'Hisanza, John Michael  H.','Buhang, Jaro','2009-08-28',16,'M','Single','09088752116','','','','2025-11-25 05:34:53',NULL,''),(2341,'Hisanza, John Clarence  H.','Buhang, Jaro','2006-11-12',19,'M','Single','09088752116','','','','2025-11-25 05:36:23',NULL,''),(2342,'Hiponia, Angelino  P.','Brgy. Palaga Miag-Ao, Iloilo','1964-12-15',60,'M','Married','09668274641','','','','2025-11-25 05:38:34',NULL,''),(2343,'Hisanza, April Joy  H.','Buhang, Jaro','1980-04-05',45,'F','Married','09088752116','','','','2025-11-25 05:40:00',NULL,''),(2344,'Hofilena, Avryl Bryce  J.','Bakhaw, Mandurriao','2009-09-20',16,'F','Single','09932801972','','','','2025-11-25 05:41:52',NULL,''),(2345,'Horne, Kenneth  S.','Lapuz, Iloilo','1956-06-04',69,'M','Single','09293184994','','','','2025-11-25 05:43:26',NULL,'');
/*!40000 ALTER TABLE `patients` ENABLE KEYS */;
UNLOCK TABLES;
/*!50003 SET @saved_cs_client      = @@character_set_client */ ;
/*!50003 SET @saved_cs_results     = @@character_set_results */ ;
/*!50003 SET @saved_col_connection = @@collation_connection */ ;
/*!50003 SET character_set_client  = utf8mb4 */ ;
/*!50003 SET character_set_results = utf8mb4 */ ;
/*!50003 SET collation_connection  = utf8mb4_0900_ai_ci */ ;
/*!50003 SET @saved_sql_mode       = @@sql_mode */ ;
/*!50003 SET sql_mode              = 'ONLY_FULL_GROUP_BY,STRICT_TRANS_TABLES,NO_ZERO_IN_DATE,NO_ZERO_DATE,ERROR_FOR_DIVISION_BY_ZERO,NO_ENGINE_SUBSTITUTION' */ ;
DELIMITER ;;
/*!50003 CREATE*/ /*!50017 DEFINER=`root`@`localhost`*/ /*!50003 TRIGGER `patients_before_insert_emergency_name_clean` BEFORE INSERT ON `patients` FOR EACH ROW BEGIN
    -- If emergency_name is NULL or length less than 6 characters, empty it
    IF NEW.emergency_name IS NULL OR CHAR_LENGTH(NEW.emergency_name) < 6 THEN
        SET NEW.emergency_name = '';
    END IF;
END */;;
DELIMITER ;
/*!50003 SET sql_mode              = @saved_sql_mode */ ;
/*!50003 SET character_set_client  = @saved_cs_client */ ;
/*!50003 SET character_set_results = @saved_cs_results */ ;
/*!50003 SET collation_connection  = @saved_col_connection */ ;
/*!50003 SET @saved_cs_client      = @@character_set_client */ ;
/*!50003 SET @saved_cs_results     = @@character_set_results */ ;
/*!50003 SET @saved_col_connection = @@collation_connection */ ;
/*!50003 SET character_set_client  = utf8mb4 */ ;
/*!50003 SET character_set_results = utf8mb4 */ ;
/*!50003 SET collation_connection  = utf8mb4_0900_ai_ci */ ;
/*!50003 SET @saved_sql_mode       = @@sql_mode */ ;
/*!50003 SET sql_mode              = 'ONLY_FULL_GROUP_BY,STRICT_TRANS_TABLES,NO_ZERO_IN_DATE,NO_ZERO_DATE,ERROR_FOR_DIVISION_BY_ZERO,NO_ENGINE_SUBSTITUTION' */ ;
DELIMITER ;;
/*!50003 CREATE*/ /*!50017 DEFINER=`root`@`localhost`*/ /*!50003 TRIGGER `trg_patients_update` BEFORE UPDATE ON `patients` FOR EACH ROW BEGIN
    -- Only update age if birth_date is changed
    IF NEW.birth_date <> OLD.birth_date THEN
        IF NEW.birth_date IS NOT NULL THEN
            SET NEW.age = TIMESTAMPDIFF(YEAR, NEW.birth_date, CURDATE());
        ELSE
            SET NEW.age = NULL;
        END IF;
    END IF;
END */;;
DELIMITER ;
/*!50003 SET sql_mode              = @saved_sql_mode */ ;
/*!50003 SET character_set_client  = @saved_cs_client */ ;
/*!50003 SET character_set_results = @saved_cs_results */ ;
/*!50003 SET collation_connection  = @saved_col_connection */ ;
/*!50003 SET @saved_cs_client      = @@character_set_client */ ;
/*!50003 SET @saved_cs_results     = @@character_set_results */ ;
/*!50003 SET @saved_col_connection = @@collation_connection */ ;
/*!50003 SET character_set_client  = utf8mb4 */ ;
/*!50003 SET character_set_results = utf8mb4 */ ;
/*!50003 SET collation_connection  = utf8mb4_0900_ai_ci */ ;
/*!50003 SET @saved_sql_mode       = @@sql_mode */ ;
/*!50003 SET sql_mode              = 'ONLY_FULL_GROUP_BY,STRICT_TRANS_TABLES,NO_ZERO_IN_DATE,NO_ZERO_DATE,ERROR_FOR_DIVISION_BY_ZERO,NO_ENGINE_SUBSTITUTION' */ ;
DELIMITER ;;
/*!50003 CREATE*/ /*!50017 DEFINER=`root`@`localhost`*/ /*!50003 TRIGGER `before_patient_delete` BEFORE DELETE ON `patients` FOR EACH ROW BEGIN
    INSERT INTO patients_backup 
    (
        patient_id,
        full_name,
        address,
        birth_date,
        age,
        sex,
        civil_status,
        patient_contact_number,
        emergency_name,
        emergency_contact_number,
        emergency_relationship,
        photo
    )
    VALUES
    (
        OLD.patient_id,
        OLD.full_name,
        OLD.address,
        OLD.birth_date,
        OLD.age,
        OLD.sex,
        OLD.civil_status,
        OLD.patient_contact_number,
        OLD.emergency_name,
        OLD.emergency_contact_number,
        OLD.emergency_relationship,
        OLD.photo
    );
END */;;
DELIMITER ;
/*!50003 SET sql_mode              = @saved_sql_mode */ ;
/*!50003 SET character_set_client  = @saved_cs_client */ ;
/*!50003 SET character_set_results = @saved_cs_results */ ;
/*!50003 SET collation_connection  = @saved_col_connection */ ;

--
-- Table structure for table `patients_backup`
--

DROP TABLE IF EXISTS `patients_backup`;
/*!40101 SET @saved_cs_client     = @@character_set_client */;
/*!50503 SET character_set_client = utf8mb4 */;
CREATE TABLE `patients_backup` (
  `backup_id` int NOT NULL AUTO_INCREMENT,
  `patient_id` int DEFAULT NULL,
  `full_name` varchar(255) DEFAULT NULL,
  `address` varchar(255) DEFAULT NULL,
  `birth_date` date DEFAULT NULL,
  `age` int DEFAULT NULL,
  `sex` varchar(50) DEFAULT NULL,
  `civil_status` varchar(50) DEFAULT NULL,
  `patient_contact_number` varchar(20) DEFAULT NULL,
  `emergency_name` varchar(255) DEFAULT NULL,
  `emergency_contact_number` varchar(20) DEFAULT NULL,
  `emergency_relationship` varchar(50) DEFAULT NULL,
  `photo` longblob,
  `deleted_at` timestamp NULL DEFAULT CURRENT_TIMESTAMP,
  PRIMARY KEY (`backup_id`)
) ENGINE=InnoDB AUTO_INCREMENT=3 DEFAULT CHARSET=utf8mb4 COLLATE=utf8mb4_0900_ai_ci;
/*!40101 SET character_set_client = @saved_cs_client */;

--
-- Dumping data for table `patients_backup`
--

LOCK TABLES `patients_backup` WRITE;
/*!40000 ALTER TABLE `patients_backup` DISABLE KEYS */;
INSERT INTO `patients_backup` (`backup_id`, `patient_id`, `full_name`, `address`, `birth_date`, `age`, `sex`, `civil_status`, `patient_contact_number`, `emergency_name`, `emergency_contact_number`, `emergency_relationship`, `photo`, `deleted_at`) VALUES (1,2110,'Test, Test  ','Tabuc Suba, Jaro','2025-10-12',0,'F','Married','09166622622',',   ','','',NULL,'2025-10-27 02:01:17'),(2,2152,'Barron, Vincent  A.','Ortiz Street Iloilo City','1946-11-25',78,'M','Married','09562934548',',   ','','',NULL,'2025-11-06 01:32:59');
/*!40000 ALTER TABLE `patients_backup` ENABLE KEYS */;
UNLOCK TABLES;

--
-- Table structure for table `prescription`
--

DROP TABLE IF EXISTS `prescription`;
/*!40101 SET @saved_cs_client     = @@character_set_client */;
/*!50503 SET character_set_client = utf8mb4 */;
CREATE TABLE `prescription` (
  `prescription_id` int NOT NULL AUTO_INCREMENT,
  `patient_id` int NOT NULL,
  `item_id` int NOT NULL,
  `quantity` int NOT NULL DEFAULT '1',
  `created_at` datetime NOT NULL DEFAULT CURRENT_TIMESTAMP,
  `sig` text,
  `consultation_id` int DEFAULT NULL,
  PRIMARY KEY (`prescription_id`),
  KEY `patient_id` (`patient_id`),
  CONSTRAINT `prescription_ibfk_1` FOREIGN KEY (`patient_id`) REFERENCES `patients` (`patient_id`) ON DELETE CASCADE
) ENGINE=InnoDB AUTO_INCREMENT=346 DEFAULT CHARSET=utf8mb4 COLLATE=utf8mb4_0900_ai_ci;
/*!40101 SET character_set_client = @saved_cs_client */;

--
-- Dumping data for table `prescription`
--

LOCK TABLES `prescription` WRITE;
/*!40000 ALTER TABLE `prescription` DISABLE KEYS */;
INSERT INTO `prescription` (`prescription_id`, `patient_id`, `item_id`, `quantity`, `created_at`, `sig`, `consultation_id`) VALUES (104,2082,27,14,'2025-10-21 14:40:02','1 tablet 2 x a day x 1 week',260),(105,2082,10,6,'2025-10-21 14:40:02','1 tablet 2 x a day as need for pain',260),(107,2084,27,14,'2025-10-21 14:53:13','1 tablet 2x a day 1 week',261),(117,2087,14,1,'2025-10-23 11:43:58','GARGLE 15 CC 2 X A DAY AFTER MEALS',268),(118,2087,11,30,'2025-10-23 11:43:58','1 CAPSULE DAILY',268),(119,2087,23,21,'2025-10-23 11:43:58','1 TABLET 3 X A DAY 30 MINS BEFORE MEALS',268),(130,2093,16,30,'2025-10-24 11:48:01','1 CAPSULE DAILY X 1 MONTH',277),(131,2094,15,1,'2025-10-24 12:01:11','4 DROPS TO RIGHT EAR 3 X A DAY X 1 WEEK',278),(132,2094,27,14,'2025-10-24 12:01:11','1 tablet 2x a day 1 week',278),(140,2098,19,1,'2025-10-25 11:02:43','4 DROPS TO RIGHT EAR ONCE A DAY X 1 WEEK THEN AS NEEDED FOR EAR IRRITATION',282),(144,2100,26,10,'2025-10-25 11:33:54','1 tablet once a day at bedtime x 10 days',285),(145,2044,23,21,'2025-10-25 11:46:27','1 tablet 3 x a day 30 mins before meals X 1 WEEK',286),(147,2101,27,14,'2025-10-25 12:02:15','1 TABLET 2 X  A DAY X 1 WEEK AFTER MEALS',287),(148,2102,15,1,'2025-10-25 12:25:04','4 drops to left ear 3 x a day, 4 drops to right ear once a day x 1 week',288),(155,2108,27,14,'2025-10-27 11:37:31','1 tablet 2 x  a day x 1 week after meals',292),(157,2108,10,6,'2025-10-27 11:37:31','1 tablet 2 x a day as need for pain',292),(161,2111,27,14,'2025-10-27 12:08:50','1 tablet 2 x  a day x 1 week after meals',295),(163,2111,10,6,'2025-10-27 12:08:50','1 tablet 2 x a day as need for pain',295),(164,2046,27,14,'2025-10-27 12:30:04','1 tablet 2 x  a day x 1 week after meals',297),(165,2046,9,1,'2025-10-27 12:30:04','APPLY TO AFFECTED AREA 2 X A DAY X 1 WEEK',297),(166,2046,17,1,'2025-10-27 12:30:04','2 PUFFS TO EACH NOSE 3 X A DAY X 1 WEEK',297),(183,2131,27,14,'2025-10-28 12:29:27','1 tablet 2 x  a day x 1 week after meals',308),(186,2133,19,1,'2025-10-28 13:51:24','4 drops to right ear 3 x a day and 4 drops to left ear once a day x 1 week',312),(187,2134,17,1,'2025-10-28 14:03:35','2 puffs to each nose 3 x a day to consume 1 bottle',313),(188,2134,23,21,'2025-10-28 14:03:35','1 tablet 3 x a day 30 mins before meals x 1 week',313),(189,2139,28,30,'2025-10-30 11:25:55','1 tablet daily x 1 month',314),(194,2145,14,1,'2025-10-30 13:40:00','2 puffs to throat 3 x a day after meals',322),(195,2145,24,10,'2025-10-30 13:40:00','dissolve 1 tablet in 1/2 glass of water take at bedtime x 10 days',322),(197,2148,13,7,'2025-10-30 14:10:51','1 tablet daily x 7 days',325),(198,2148,15,1,'2025-10-30 14:10:51','2-3 drops to right ear 2 x a day x 7 dyas',325),(199,2148,26,7,'2025-10-30 14:10:51','1 tablet once a day at bedtime x 7 days',325),(200,2150,19,1,'2025-11-03 12:57:02','4 drops to right ear 2 x a day, then 4 drops to left ear once a day x 1 week',326),(201,2113,16,30,'2025-11-03 13:07:23','1 capsule daily x 1 month',327),(202,2112,16,30,'2025-11-03 13:16:33','1 capsule daily x 1 month',328),(203,2081,16,30,'2025-11-03 13:28:02','1 capsule daily x 1 month',329),(204,2151,20,1,'2025-11-03 13:37:22','APPLY TO RIGHT EAR CANAL 2 X A DAY X 1 WEEK',330),(205,2151,13,7,'2025-11-03 13:37:22','1 TABLET ONCE A DAY X 1 WEEK',330),(208,2153,15,1,'2025-11-03 14:13:04','4 DROPS TO LEFT ear 3 x a day x 1 week',332),(209,2153,27,14,'2025-11-03 14:13:04','1 tablet 2 x  a day x 1 week after meals',332),(214,2159,16,30,'2025-11-06 12:03:13','1 capsule daily x 1 month',337),(215,2160,13,14,'2025-11-06 12:16:15','1 tablet 2 x a day x 1 week',338),(216,2160,15,1,'2025-11-06 12:16:15','4 drops to left ear 3 x a day x 1 week',338),(217,2160,28,30,'2025-11-06 12:16:15','1 tablet daily x 1 month',338),(233,2169,28,30,'2025-11-07 12:02:14','1 capsule daily x 1 month',349),(238,2172,16,30,'2025-11-07 13:37:01','1 capsule daily x 1 month',353),(247,2009,15,1,'2025-11-08 12:01:45','2-3 drops to right ear once a day as needed for ear irritation',359),(249,2178,16,30,'2025-11-08 12:19:10','1 capsule daily x 1 month',360),(250,2178,32,1,'2025-11-08 12:19:10','2 puffs to each nose 2 x a day to consume 1 bottle',360),(251,2193,23,21,'2025-11-10 13:44:37','1 tablet 3 x a day 30 mins before meals',362),(252,2192,15,1,'2025-11-10 14:22:49','4 drops to left ear 3 x a day x 1 week',366),(254,2204,22,1,'2025-11-11 11:42:51','4 drops to right ear 3 x a day x 1 week, 4 drops to left ear once a day x 1 week',368),(255,2204,13,10,'2025-11-11 11:42:51','1 tablet 2x a day x 3 days then 0nce a day x 4 days more',368),(256,2162,19,1,'2025-11-11 11:54:33','4 drops to each ear once a day x 1 week then as needed for ear irritation',369),(260,2206,19,1,'2025-11-11 13:11:51','4 drops to each ear once a day at bedtime x 1 week then as needed for ear irritation',372),(268,2246,32,1,'2025-11-17 14:41:37','2 puffs to each nose 2 x a day to consume 1 bottle',381),(270,2247,26,10,'2025-11-17 14:50:45','1 tablet once a day at bedtime x 7 days THEN AS NEEDED',382),(274,2248,14,1,'2025-11-17 15:23:24','2 PUFFS TO THROAT 3 X A DAY FOR IRRITATION',385),(276,2257,13,10,'2025-11-18 12:43:39','1 tablet 2x a day x 3 days then 0nce a day x 4 days more',387),(277,2257,26,7,'2025-11-18 12:43:39','1 tablet once a day at bedtime x 7 days',387),(278,2258,27,14,'2025-11-18 12:54:14','1 tablet 2 x  a day x 1 week after meals',388),(281,2259,19,1,'2025-11-18 13:09:43','4 drops to each ear once a day x 1 week then as needed for ear irritation',389),(282,2260,25,21,'2025-11-18 13:43:32','1 capsule 3 x a day x 1 week after meals',390),(284,2262,19,1,'2025-11-18 14:02:36','4 drops to each ear once a day at bedtime x 1 week then as needed for ear irritation',392),(287,2264,19,1,'2025-11-18 14:24:08','4 drops to right ear once a day x 1 week then as needed for ear irritation',394),(288,2265,19,1,'2025-11-18 14:43:53','4 DROPS TO LEFT EAR 2 X A DAY X 7 DAYS',396),(289,2265,27,14,'2025-11-18 14:43:53','1 tablet 2 x  a day x 1 week after meals',396),(299,2270,18,1,'2025-11-20 12:25:59','2 puffs to each nose 3 x a day to consume 1 bottle',402),(302,2272,25,21,'2025-11-20 13:36:00','1 capsule 3 x a day x 1 week after meals',403),(303,2272,12,14,'2025-11-20 13:36:00','1 capsule once a day 30 minutes before breakfast x 2 weeks',403),(304,2272,14,1,'2025-11-20 13:36:00','2 puffs to throat 3 x a day after meals',403),(305,2272,26,7,'2025-11-20 13:36:00','1 tablet once a day at bedtime x 7 days',403),(311,2177,32,1,'2025-11-21 11:56:27','2 puffs to each nose 2 x a day to consume 1 bottle',405),(312,2277,28,30,'2025-11-21 12:07:30','1capsule daily x 1 month',406),(318,2281,24,7,'2025-11-21 13:00:12','dissolve 1 tablet in 1/2 glass of water take at bedtime x 10 days',410),(319,2281,18,1,'2025-11-21 13:00:12','2 puffs to each nose 3 x a day to consume 1 bottle',410),(321,2283,33,21,'2025-11-21 14:28:21','1 CAPSULE 3 X A DAY X 1 WEEK',412),(322,2284,28,30,'2025-11-22 12:14:14','1 capsule daily x 1 month',413),(325,2285,24,7,'2025-11-22 12:23:01','dissolve 1 tablet in 1/2 glass of water take at bedtime x 7 days',414),(330,2315,19,1,'2025-11-24 11:35:47','4 drops to each ear once a day x 1 week then as needed for ear irritation',418),(331,2314,15,1,'2025-11-24 11:50:10','4 drops to right ear 3 x a day x 1 week',419),(338,2009,15,1,'2025-11-25 11:16:17','3-4 drops to right ear once a day x 1 week then as needed for ear irriration',424),(340,2009,32,1,'2025-11-25 11:16:17','2 puffs to each nose 2 x a day to consume 1 bottle',424);
/*!40000 ALTER TABLE `prescription` ENABLE KEYS */;
UNLOCK TABLES;

--
-- Table structure for table `prescription_other`
--

DROP TABLE IF EXISTS `prescription_other`;
/*!40101 SET @saved_cs_client     = @@character_set_client */;
/*!50503 SET character_set_client = utf8mb4 */;
CREATE TABLE `prescription_other` (
  `id` int NOT NULL AUTO_INCREMENT,
  `patient_id` int NOT NULL,
  `consultation_id` int NOT NULL,
  `item_id` int NOT NULL,
  `quantity` int NOT NULL DEFAULT '1',
  `sig` text,
  `created_at` timestamp NULL DEFAULT CURRENT_TIMESTAMP,
  PRIMARY KEY (`id`),
  KEY `fk_prescription_other_patient` (`patient_id`),
  KEY `fk_prescription_other_consultation` (`consultation_id`),
  CONSTRAINT `fk_prescription_other_consultation` FOREIGN KEY (`consultation_id`) REFERENCES `consultation` (`consultation_id`) ON DELETE CASCADE ON UPDATE CASCADE,
  CONSTRAINT `fk_prescription_other_patient` FOREIGN KEY (`patient_id`) REFERENCES `patients` (`patient_id`) ON DELETE CASCADE ON UPDATE CASCADE
) ENGINE=InnoDB AUTO_INCREMENT=87 DEFAULT CHARSET=utf8mb4 COLLATE=utf8mb4_0900_ai_ci;
/*!40101 SET character_set_client = @saved_cs_client */;

--
-- Dumping data for table `prescription_other`
--

LOCK TABLES `prescription_other` WRITE;
/*!40000 ALTER TABLE `prescription_other` DISABLE KEYS */;
INSERT INTO `prescription_other` (`id`, `patient_id`, `consultation_id`, `item_id`, `quantity`, `sig`, `created_at`) VALUES (21,2075,249,6,21,'1 tablet 3 x a day x 1 week after meals','2025-10-20 05:07:18'),(23,2091,271,7,1,'6 ML 3 X A DAY X 1 WEEK','2025-10-23 05:07:12'),(24,2092,272,8,1,'1 TABLET 2 X ADAY X 2 WEEKS','2025-10-23 05:18:08'),(25,2089,273,9,1,'2 PUFFS TO EACH NOSE 2 X DAILY (AM AND PM) TO CONSUME 1 BOTTLE','2025-10-23 05:33:58'),(26,2093,277,8,28,'1 TABLET 2X A DAY X 2 WEEKS','2025-10-24 03:48:01'),(27,2013,279,10,7,'1 TABLET ONCE A DAY AFTER MEALS X 1 WEEK','2025-10-24 04:10:46'),(28,2009,283,9,1,'2 puffs to each nose 2 x daily (am and pm) to consume 1 bottle','2025-10-25 03:14:04'),(29,2100,285,9,1,'2 puffs to each nose 2 x daily (am and pm) to consume 1 bottle','2025-10-25 03:33:54'),(30,2044,286,6,21,'1 tablet 3 x a day x 1 week after meals','2025-10-25 03:46:27'),(31,2044,286,9,1,'2 puffs to each nose 2 x daily (am and pm) to consume 1 bottle','2025-10-25 03:46:27'),(32,2044,286,5,14,'1 TABLET 2 X A DAY X 1 WEEK AFTER MEALS','2025-10-25 03:46:27'),(33,2102,288,11,1,'4 ml 3 x a day x 1 week after meals','2025-10-25 04:25:04'),(35,2046,296,12,1,'apply to affected area in the base of the tongue 2 x a day','2025-10-27 04:21:23'),(36,2049,298,8,10,'1 tablet 2 x a day as needed for vertigo','2025-10-27 05:16:33'),(37,2049,298,13,30,'1 tablet daily','2025-10-27 05:16:33'),(38,2134,313,5,14,'1 tablet 2 x a day x 1 week after meals','2025-10-28 06:03:35'),(39,2139,314,14,14,'1 tablet daily at bedtime x 2 weeks','2025-10-30 03:25:55'),(40,2139,314,15,10,'1 tablet every 8 hours as neded for pain','2025-10-30 03:25:55'),(41,2103,317,16,30,'1 tablet daily 30 mins before breakfast x 1 month','2025-10-30 03:52:02'),(43,2155,333,17,21,'1 tablet 3 x a day x 1 week after meals','2025-11-06 03:15:30'),(44,2157,334,18,100,'1 CAPSULE DAILY','2025-11-06 03:29:40'),(47,2159,337,19,14,'1 tablet2 x a day as needed for vertigo','2025-11-06 04:03:13'),(48,2159,337,20,21,'1 tablet 3x a day x 1week after meals','2025-11-06 04:03:13'),(49,2156,341,21,3,'1 tablet once a day x 3 days','2025-11-06 05:41:21'),(50,2164,346,5,14,'1 tablet 2 x a day x 1 week after meals','2025-11-07 03:23:42'),(51,2164,346,9,1,'2 puffs to each nose 2 x daily (am and pm) to consume 1 bottle','2025-11-07 03:23:42'),(52,2165,347,22,6,'1 capsule every 8 hours as needed for pain','2025-11-07 03:39:21'),(53,2166,350,9,1,'2 puffs to each nose once a daily to consume 1 bottle','2025-11-07 04:16:52'),(54,2170,351,23,10,'1 DAILY AT AM X 10 DAYS','2025-11-07 05:16:30'),(55,2170,351,14,10,'1 TABLET DAIILY AT BEDTIME X 10 DAYS','2025-11-07 05:16:30'),(56,2193,362,23,10,'1 daily at am x 10 days','2025-11-10 05:44:37'),(57,2203,367,24,1,'5 ml 3 x a day x 1 week','2025-11-11 03:28:04'),(58,2206,372,25,1,'5 ml 3 x aday x 1 week','2025-11-11 05:11:51'),(59,2155,374,26,21,'1 TABLET 3 X A DAY X 1 WEEK AFTER MEALS','2025-11-11 05:22:42'),(60,2164,376,27,7,'1 tablet once a day x 1 week more after meals','2025-11-17 05:30:25'),(61,2243,378,28,1,'APPLY TO ORAL CAVITY LESIONS  2 X A DAY','2025-11-17 06:06:34'),(62,2243,378,29,1,'APPLY TO NASAL CAVITY LESION 2 X A DAY','2025-11-17 06:06:34'),(63,2243,378,30,60,'1 CAPSULE 2 X A DAY','2025-11-17 06:06:34'),(64,2168,384,5,14,'1 tablet 2 x a day x 1 week after meals','2025-11-17 07:15:13'),(65,2168,384,6,21,'1 tablet 3 x a day x 1 week after meals','2025-11-17 07:15:13'),(66,2258,388,6,21,'1 tablet 3 x a day x 1 week after meals','2025-11-18 04:54:14'),(67,2260,390,31,1,'gargle 15 cc 2 x a day after meals','2025-11-18 05:43:32'),(68,2263,393,22,5,'1 capsule every 8 hours as needed for pain','2025-11-18 06:12:52'),(69,2265,396,22,6,'1 capsule every 8 hours as needed for pain','2025-11-18 06:43:53'),(70,2266,397,6,21,'1 tablet 3 x a day x 1 week after meals','2025-11-18 06:56:35'),(71,2266,397,14,10,'1 tablet daiily at bedtime x 10 days','2025-11-18 06:56:35'),(72,2267,398,23,10,'1 daily at pm x 10 days','2025-11-20 03:46:38'),(73,2268,399,6,21,'1 tablet 3 x a day x 1 week after meals','2025-11-20 03:54:47'),(74,2268,399,22,6,'1 capsule every 8 hours as needed for pain','2025-11-20 03:54:47'),(75,2269,401,31,1,'gargle 15 cc 2 x a day after meals','2025-11-20 04:11:51'),(76,2277,406,31,1,'gargle 15 cc 2 x a day after meals','2025-11-21 04:07:30'),(77,2281,410,5,14,'1 tablet 2 x a day x 1 week after meals','2025-11-21 05:00:12'),(78,2281,410,6,21,'1 tablet 3 x a day x 1 week after meals','2025-11-21 05:00:12'),(79,2283,412,32,7,'1 TABLET ONCE A DAY X 1 WEEK','2025-11-21 06:28:21'),(80,2284,413,31,1,'gargle 15 cc 2 x a day after meals','2025-11-22 04:14:14'),(81,2285,414,31,1,'gargle 15 cc 2 x a day after meals','2025-11-22 04:23:01'),(82,2285,414,21,3,'1 tablet once a day x 3 days','2025-11-22 04:23:01'),(83,2266,416,23,10,'1 daily at pm x 10 days','2025-11-22 04:39:15'),(84,2266,416,5,14,'1 tablet 2 x a day x 1 week after meals','2025-11-22 04:39:15'),(85,2313,420,33,100,'2 TABLETS DAILY','2025-11-24 04:01:15'),(86,2317,421,19,28,'1 tablet2 x a day X 2 WEEKS','2025-11-24 04:13:46');
/*!40000 ALTER TABLE `prescription_other` ENABLE KEYS */;
UNLOCK TABLES;

--
-- Table structure for table `queue`
--

DROP TABLE IF EXISTS `queue`;
/*!40101 SET @saved_cs_client     = @@character_set_client */;
/*!50503 SET character_set_client = utf8mb4 */;
CREATE TABLE `queue` (
  `queue_id` int NOT NULL AUTO_INCREMENT,
  `patient_id` int NOT NULL,
  `queue_number` int NOT NULL,
  `status` enum('Examining','Waiting','Done','Skipped','Cancelled') DEFAULT 'Waiting',
  `created_at` datetime DEFAULT CURRENT_TIMESTAMP,
  `called_at` datetime DEFAULT NULL,
  `finished_at` datetime DEFAULT NULL,
  `updated_at` datetime DEFAULT CURRENT_TIMESTAMP ON UPDATE CURRENT_TIMESTAMP,
  PRIMARY KEY (`queue_id`),
  KEY `patient_id` (`patient_id`),
  CONSTRAINT `queue_ibfk_1` FOREIGN KEY (`patient_id`) REFERENCES `patients` (`patient_id`)
) ENGINE=InnoDB AUTO_INCREMENT=219 DEFAULT CHARSET=utf8mb4 COLLATE=utf8mb4_0900_ai_ci;
/*!40101 SET character_set_client = @saved_cs_client */;

--
-- Dumping data for table `queue`
--

LOCK TABLES `queue` WRITE;
/*!40000 ALTER TABLE `queue` DISABLE KEYS */;
INSERT INTO `queue` (`queue_id`, `patient_id`, `queue_number`, `status`, `created_at`, `called_at`, `finished_at`, `updated_at`) VALUES (43,2073,1,'Done','2025-10-20 10:32:32','2025-10-20 14:19:02','2025-10-20 14:19:54','2025-10-28 11:58:28'),(44,2074,2,'Done','2025-10-20 10:43:03','2025-10-20 14:19:10','2025-10-20 14:19:58','2025-10-28 11:58:28'),(47,2075,3,'Done','2025-10-20 11:13:16','2025-10-20 14:19:18','2025-10-20 14:19:55','2025-10-28 11:58:28'),(48,2076,4,'Done','2025-10-20 11:27:29','2025-10-20 14:18:59','2025-10-20 14:20:00','2025-10-28 11:58:28'),(49,2077,5,'Done','2025-10-20 11:27:53','2025-10-20 14:19:30','2025-10-20 14:20:02','2025-10-28 11:58:28'),(50,2078,6,'Done','2025-10-20 12:00:56','2025-10-20 14:19:38','2025-10-20 14:20:07','2025-10-28 11:58:28'),(51,2079,1,'Done','2025-10-21 08:47:47','2025-10-21 13:56:48','2025-10-21 14:02:57','2025-10-28 11:58:28'),(52,2080,2,'Done','2025-10-21 09:54:25','2025-10-21 14:03:20','2025-10-21 14:07:40','2025-10-28 11:58:28'),(53,2056,3,'Done','2025-10-21 10:58:17','2025-10-21 14:11:28','2025-10-21 14:24:57','2025-10-28 11:58:28'),(54,2081,4,'Done','2025-10-21 11:00:41','2025-10-21 14:28:29','2025-10-21 14:30:54','2025-10-28 11:58:28'),(55,2082,5,'Done','2025-10-21 11:52:12','2025-10-21 14:32:18','2025-10-21 14:44:17','2025-10-28 11:58:28'),(56,2083,6,'Skipped','2025-10-21 12:08:35',NULL,NULL,'2025-10-28 11:58:28'),(57,2084,7,'Done','2025-10-21 12:08:51','2025-10-21 14:43:43','2025-10-21 14:59:33','2025-10-28 11:58:28'),(58,2085,8,'Examining','2025-10-21 14:24:43','2025-10-21 15:39:00','2025-10-21 15:04:39','2025-10-28 11:58:28'),(59,2009,9,'Skipped','2025-10-21 15:14:28',NULL,NULL,'2025-10-28 11:58:28'),(60,2086,1,'Done','2025-10-23 09:03:22','2025-10-23 11:32:27',NULL,'2025-10-28 11:58:28'),(61,2087,2,'Done','2025-10-23 09:13:24','2025-10-23 11:38:51',NULL,'2025-10-28 11:58:28'),(62,2088,3,'Done','2025-10-23 09:30:16','2025-10-23 11:50:24',NULL,'2025-10-28 11:58:28'),(63,2089,4,'Done','2025-10-23 10:39:41','2025-10-23 13:24:33',NULL,'2025-10-28 11:58:28'),(64,2090,5,'Done','2025-10-23 11:07:53','2025-10-23 12:07:41',NULL,'2025-10-28 11:58:28'),(65,2074,6,'Done','2025-10-23 11:26:10','2025-10-23 13:51:57',NULL,'2025-10-28 11:58:28'),(66,2091,7,'Done','2025-10-23 11:59:53','2025-10-23 13:00:12',NULL,'2025-10-28 11:58:28'),(67,2092,8,'Done','2025-10-23 12:50:02','2025-10-23 13:09:51',NULL,'2025-10-28 11:58:28'),(68,2094,1,'Done','2025-10-24 10:36:02',NULL,'2025-10-24 12:34:21','2025-10-28 11:58:28'),(69,2093,2,'Done','2025-10-24 10:36:48',NULL,'2025-10-24 12:19:53','2025-10-28 11:58:28'),(70,2076,3,'Done','2025-10-24 10:54:48',NULL,'2025-10-24 12:20:03','2025-10-28 11:58:28'),(71,2013,4,'Done','2025-10-24 10:58:18','2025-10-24 12:02:24','2025-10-24 12:34:03','2025-10-28 11:58:28'),(72,2095,5,'Done','2025-10-24 11:59:03','2025-10-24 13:05:15','2025-10-24 13:33:52','2025-10-28 11:58:28'),(73,2096,1,'Done','2025-10-25 09:33:37','2025-10-25 10:46:26','2025-10-25 11:02:53','2025-10-28 11:58:28'),(74,2097,2,'Done','2025-10-25 09:33:57','2025-10-25 12:58:20','2025-10-25 13:07:49','2025-10-28 11:58:28'),(75,2098,3,'Done','2025-10-25 09:42:22','2025-10-25 10:53:39','2025-10-25 11:06:56','2025-10-28 11:58:28'),(76,2009,4,'Done','2025-10-25 10:45:31','2025-10-25 11:04:40','2025-10-25 11:19:43','2025-10-28 11:58:28'),(77,2099,5,'Done','2025-10-25 10:57:13','2025-10-25 11:14:58','2025-10-25 11:28:52','2025-10-28 11:58:28'),(78,2044,6,'Done','2025-10-25 10:57:44','2025-10-25 11:35:04','2025-10-25 11:55:07','2025-10-28 11:58:28'),(79,2100,7,'Done','2025-10-25 11:02:37','2025-10-25 11:28:39','2025-10-25 11:40:35','2025-10-28 11:58:28'),(80,2101,8,'Done','2025-10-25 11:40:15','2025-10-25 11:53:25','2025-10-25 12:11:22','2025-10-28 11:58:28'),(81,2102,9,'Done','2025-10-25 12:11:12','2025-10-25 12:19:30','2025-10-25 12:25:16','2025-10-28 11:58:28'),(82,2108,1,'Done','2025-10-27 09:15:27','2025-10-27 11:28:42','2025-10-27 11:38:17','2025-10-28 11:58:28'),(83,2109,2,'Done','2025-10-27 09:15:56','2025-10-27 11:14:15','2025-10-27 11:33:23','2025-10-28 11:58:28'),(84,2111,3,'Done','2025-10-27 10:02:34','2025-10-27 12:02:20','2025-10-27 12:09:42','2025-10-28 11:58:28'),(85,2049,4,'Done','2025-10-27 10:19:46','2025-10-27 13:08:09','2025-10-27 13:18:18','2025-10-28 11:58:28'),(86,2067,5,'Done','2025-10-27 10:28:40','2025-10-27 13:33:51','2025-10-27 13:35:53','2025-10-28 11:58:28'),(87,2046,6,'Done','2025-10-27 10:34:41','2025-10-27 12:31:03','2025-10-27 12:33:33','2025-10-28 11:58:28'),(88,2073,7,'Done','2025-10-27 10:40:55','2025-10-27 11:38:28','2025-10-27 11:53:13','2025-10-28 11:58:28'),(89,2112,8,'Done','2025-10-27 10:57:39','2025-10-27 11:25:26','2025-10-27 11:33:33','2025-10-28 11:58:28'),(90,2113,9,'Done','2025-10-27 11:06:25','2025-10-27 11:48:56','2025-10-27 12:05:51','2025-10-28 11:58:28'),(91,2114,10,'Done','2025-10-27 11:13:13','2025-10-27 13:40:47','2025-10-27 13:54:06','2025-10-28 11:58:28'),(92,2115,11,'Done','2025-10-27 11:29:32','2025-10-27 13:58:07','2025-10-27 14:08:34','2025-10-28 11:58:28'),(93,2116,12,'Done','2025-10-27 11:57:27','2025-10-27 14:08:58','2025-10-27 14:18:12','2025-10-28 11:58:28'),(94,2117,13,'Done','2025-10-27 11:58:07','2025-10-27 14:17:51','2025-10-27 14:34:29','2025-10-28 11:58:28'),(95,2077,14,'Done','2025-10-27 11:58:54','2025-10-27 14:23:37','2025-10-27 14:34:38','2025-10-28 11:58:28'),(96,2118,15,'Done','2025-10-27 14:34:14','2025-10-27 14:34:49','2025-10-27 14:41:46','2025-10-28 11:58:28'),(97,2129,1,'Done','2025-10-28 10:28:00','2025-10-28 12:00:01','2025-10-28 12:08:54','2025-10-28 12:08:54'),(98,2095,2,'Done','2025-10-28 11:08:18','2025-10-28 12:09:13','2025-10-28 12:24:22','2025-10-28 12:24:22'),(99,2044,3,'Waiting','2025-10-28 11:16:44',NULL,NULL,'2025-10-28 11:58:28'),(100,2080,4,'Done','2025-10-28 11:45:39','2025-10-28 12:44:30','2025-10-28 12:52:36','2025-10-28 12:52:36'),(101,2131,5,'Done','2025-10-28 12:01:55','2025-10-28 12:20:09','2025-10-28 12:30:40','2025-10-28 12:30:40'),(102,2132,6,'Done','2025-10-28 12:24:10','2025-10-28 12:30:27','2025-10-28 12:43:46','2025-10-28 12:43:46'),(103,2054,7,'Done','2025-10-28 13:10:36','2025-10-28 13:26:57','2025-10-28 13:33:39','2025-10-28 13:33:39'),(104,2133,8,'Done','2025-10-28 13:40:22','2025-10-28 13:43:18','2025-10-28 13:52:12','2025-10-28 13:52:12'),(105,2134,9,'Done','2025-10-28 13:45:39','2025-10-28 13:52:19','2025-10-28 14:04:36','2025-10-28 14:04:36'),(106,2139,1,'Done','2025-10-30 09:38:26','2025-10-30 11:55:44','2025-10-30 12:13:05','2025-10-30 12:13:05'),(107,2108,2,'Done','2025-10-30 10:54:37','2025-10-30 11:28:01','2025-10-30 11:36:49','2025-10-30 11:36:49'),(108,2141,3,'Done','2025-10-30 11:06:25','2025-10-30 11:36:55','2025-10-30 11:43:24','2025-10-30 11:43:24'),(109,2103,4,'Done','2025-10-30 11:21:42','2025-10-30 11:43:19','2025-10-30 11:55:41','2025-10-30 11:55:41'),(110,2142,5,'Done','2025-10-30 11:54:36','2025-10-30 11:58:08','2025-10-30 12:16:32','2025-10-30 12:16:32'),(111,2143,6,'Done','2025-10-30 12:12:14','2025-10-30 12:28:43','2025-10-30 12:40:59','2025-10-30 12:40:59'),(112,2144,7,'Done','2025-10-30 12:12:39','2025-10-30 12:37:16','2025-10-30 12:52:16','2025-10-30 12:52:16'),(113,2145,8,'Done','2025-10-30 12:26:20','2025-10-30 13:34:01','2025-10-30 13:41:10','2025-10-30 13:41:10'),(114,2146,9,'Done','2025-10-30 12:39:33','2025-10-30 14:01:38','2025-10-30 14:05:23','2025-10-30 14:05:23'),(115,2147,10,'Done','2025-10-30 12:39:40','2025-10-30 13:41:46','2025-10-30 13:57:34','2025-10-30 13:57:34'),(116,2148,11,'Done','2025-10-30 13:20:49','2025-10-30 14:02:53','2025-10-30 14:11:32','2025-10-30 14:11:32'),(117,2112,1,'Examining','2025-11-03 11:07:26','2025-11-03 13:11:17',NULL,'2025-11-03 13:11:17'),(120,2081,2,'Examining','2025-11-03 11:38:50','2025-11-03 13:18:07',NULL,'2025-11-03 13:18:07'),(121,2113,3,'Waiting','2025-11-03 11:56:04',NULL,NULL,'2025-11-03 11:56:04'),(124,2153,4,'Examining','2025-11-03 14:00:10','2025-11-03 14:04:10',NULL,'2025-11-03 14:04:10'),(125,2155,1,'Done','2025-11-06 09:26:38','2025-11-06 11:09:04','2025-11-06 11:21:37','2025-11-06 11:21:37'),(126,2156,2,'Done','2025-11-06 09:27:14','2025-11-06 13:42:03','2025-11-06 13:45:25','2025-11-06 13:45:25'),(127,2090,3,'Done','2025-11-06 11:01:33','2025-11-06 13:45:40','2025-11-06 13:53:23','2025-11-06 13:53:23'),(128,2157,4,'Done','2025-11-06 11:14:12','2025-11-06 11:17:28','2025-11-06 11:35:09','2025-11-06 11:35:09'),(129,2129,5,'Done','2025-11-06 11:21:22','2025-11-06 11:31:42','2025-11-06 11:41:55','2025-11-06 11:41:55'),(130,2158,6,'Done','2025-11-06 11:27:57','2025-11-06 11:38:08','2025-11-06 11:50:15','2025-11-06 11:50:15'),(131,2159,7,'Done','2025-11-06 11:28:23','2025-11-06 12:00:13','2025-11-06 12:07:43','2025-11-06 12:07:43'),(132,2160,8,'Done','2025-11-06 11:39:59','2025-11-06 12:06:52','2025-11-06 12:25:51','2025-11-06 12:25:51'),(133,2161,9,'Done','2025-11-06 11:55:30','2025-11-06 13:53:42','2025-11-06 14:06:26','2025-11-06 14:06:26'),(134,2162,10,'Done','2025-11-06 12:47:01','2025-11-06 13:09:58','2025-11-06 13:16:52','2025-11-06 13:16:52'),(135,2163,11,'Done','2025-11-06 13:05:23','2025-11-06 13:17:04','2025-11-06 13:27:52','2025-11-06 13:27:52'),(136,2143,12,'Done','2025-11-06 13:27:21','2025-11-06 14:06:55','2025-11-06 14:15:29','2025-11-06 14:15:29'),(137,2164,1,'Done','2025-11-07 10:00:28','2025-11-07 11:12:41','2025-11-07 11:29:59','2025-11-07 11:29:59'),(138,2165,2,'Done','2025-11-07 10:00:50','2025-11-07 11:26:40','2025-11-07 11:38:58','2025-11-07 11:38:58'),(139,2166,3,'Done','2025-11-07 10:40:06','2025-11-07 12:04:11','2025-11-07 12:14:17','2025-11-07 12:14:17'),(140,2167,4,'Examining','2025-11-07 10:51:06','2025-11-07 13:55:39','2025-11-07 13:50:52','2025-11-07 13:55:39'),(141,2168,5,'Done','2025-11-07 10:58:37','2025-11-07 11:40:15','2025-11-07 11:48:08','2025-11-07 11:48:08'),(142,2169,6,'Done','2025-11-07 11:24:55','2025-11-07 11:48:25','2025-11-07 12:02:52','2025-11-07 12:02:52'),(143,2170,7,'Done','2025-11-07 11:35:10','2025-11-07 13:10:20','2025-11-07 13:17:33','2025-11-07 13:17:33'),(144,2171,8,'Done','2025-11-07 11:46:50','2025-11-07 13:17:41','2025-11-07 13:25:20','2025-11-07 13:25:20'),(145,2172,9,'Done','2025-11-07 12:57:32','2025-11-07 13:25:56','2025-11-07 13:36:41','2025-11-07 13:36:41'),(146,2159,10,'Done','2025-11-07 13:10:57','2025-11-07 13:40:29','2025-11-07 13:45:55','2025-11-07 13:45:55'),(147,2173,1,'Done','2025-11-08 09:04:04','2025-11-08 11:31:00','2025-11-08 11:46:13','2025-11-08 11:46:13'),(148,2176,2,'Done','2025-11-08 09:56:49','2025-11-08 11:45:07','2025-11-08 11:59:28','2025-11-08 11:59:28'),(149,2177,3,'Done','2025-11-08 10:08:31','2025-11-08 11:11:53','2025-11-08 11:37:52','2025-11-08 11:37:52'),(150,2009,4,'Done','2025-11-08 11:22:51','2025-11-08 11:54:03','2025-11-08 12:11:24','2025-11-08 12:11:24'),(151,2178,5,'Examining','2025-11-08 11:59:14','2025-11-08 12:11:53',NULL,'2025-11-08 12:11:53'),(152,2191,1,'Done','2025-11-10 11:00:40','2025-11-10 13:05:25','2025-11-10 13:32:07','2025-11-10 13:32:07'),(153,2192,2,'Done','2025-11-10 11:44:26','2025-11-10 14:18:25','2025-11-10 14:23:43','2025-11-10 14:23:43'),(154,2193,3,'Done','2025-11-10 12:52:54','2025-11-10 13:31:49','2025-11-10 13:51:41','2025-11-10 13:51:41'),(155,2150,4,'Done','2025-11-10 13:00:27','2025-11-10 13:51:13','2025-11-10 13:55:26','2025-11-10 13:55:26'),(156,2143,5,'Done','2025-11-10 13:07:26','2025-11-10 13:56:51','2025-11-10 14:00:59','2025-11-10 14:00:59'),(157,2194,6,'Done','2025-11-10 13:35:32','2025-11-10 14:01:48','2025-11-10 14:23:48','2025-11-10 14:23:48'),(158,2203,1,'Done','2025-11-11 10:58:08','2025-11-11 11:19:09','2025-11-11 11:29:39','2025-11-11 11:29:39'),(159,2204,2,'Done','2025-11-11 11:27:34','2025-11-11 11:31:15','2025-11-11 11:43:45','2025-11-11 11:43:45'),(160,2162,3,'Done','2025-11-11 11:27:50','2025-11-11 11:43:52','2025-11-11 11:55:32','2025-11-11 11:55:32'),(161,2205,4,'Done','2025-11-11 11:48:32','2025-11-11 11:55:59','2025-11-11 12:04:43','2025-11-11 12:04:43'),(162,2206,5,'Done','2025-11-11 12:30:06','2025-11-11 13:02:03','2025-11-11 13:23:06','2025-11-11 13:23:06'),(163,2207,6,'Done','2025-11-11 12:30:09','2025-11-11 12:55:24','2025-11-11 13:02:15','2025-11-11 13:02:15'),(164,2208,7,'Done','2025-11-11 12:39:16','2025-11-11 13:13:54','2025-11-11 13:23:17','2025-11-11 13:23:17'),(165,2155,8,'Done','2025-11-11 12:39:34','2025-11-11 13:19:00','2025-11-11 13:24:25','2025-11-11 13:24:25'),(166,2161,9,'Done','2025-11-11 13:09:22','2025-11-11 13:24:41','2025-11-11 13:31:45','2025-11-11 13:31:45'),(167,2164,1,'Done','2025-11-17 09:12:59','2025-11-17 13:24:25','2025-11-17 13:33:56','2025-11-17 13:33:56'),(168,2243,2,'Done','2025-11-17 09:19:58','2025-11-17 13:42:25','2025-11-17 14:12:15','2025-11-17 14:12:15'),(169,2244,3,'Done','2025-11-17 09:23:11','2025-11-17 13:32:40','2025-11-17 13:44:46','2025-11-17 13:44:46'),(170,2245,4,'Done','2025-11-17 09:26:23','2025-11-17 14:11:20','2025-11-17 14:28:50','2025-11-17 14:28:50'),(171,2165,5,'Done','2025-11-17 10:17:36','2025-11-17 14:26:21','2025-11-17 14:39:07','2025-11-17 14:39:07'),(172,2246,6,'Done','2025-11-17 10:34:37','2025-11-17 14:37:58','2025-11-17 14:44:22','2025-11-17 14:44:22'),(173,2247,7,'Done','2025-11-17 11:08:06','2025-11-17 14:44:54','2025-11-17 14:52:34','2025-11-17 14:52:34'),(174,2054,8,'Done','2025-11-17 11:20:12','2025-11-17 15:02:44','2025-11-17 15:04:40','2025-11-17 15:04:40'),(175,2248,9,'Done','2025-11-17 11:50:57','2025-11-17 15:16:28','2025-11-17 15:48:58','2025-11-17 15:48:58'),(176,2168,10,'Done','2025-11-17 13:08:52','2025-11-17 15:37:03','2025-11-17 15:48:51','2025-11-17 15:48:51'),(177,2099,1,'Done','2025-11-18 10:10:16',NULL,'2025-11-24 09:30:29','2025-11-24 09:30:29'),(178,2257,2,'Done','2025-11-18 10:16:54',NULL,'2025-11-24 09:30:29','2025-11-24 09:30:29'),(179,2258,3,'Done','2025-11-18 10:24:47',NULL,'2025-11-24 09:30:29','2025-11-24 09:30:29'),(180,2259,4,'Done','2025-11-18 11:31:20',NULL,'2025-11-24 09:30:29','2025-11-24 09:30:29'),(181,2260,5,'Done','2025-11-18 12:03:17',NULL,'2025-11-24 09:30:29','2025-11-24 09:30:29'),(182,2261,6,'Done','2025-11-18 12:40:33',NULL,'2025-11-24 09:30:29','2025-11-24 09:30:29'),(183,2262,7,'Done','2025-11-18 12:40:52',NULL,'2025-11-24 09:30:29','2025-11-24 09:30:29'),(184,2263,8,'Done','2025-11-18 12:41:11',NULL,'2025-11-24 09:30:29','2025-11-24 09:30:29'),(185,2264,9,'Done','2025-11-18 12:41:24',NULL,'2025-11-24 09:30:29','2025-11-24 09:30:29'),(186,2265,10,'Done','2025-11-18 13:30:58',NULL,'2025-11-24 09:30:29','2025-11-24 09:30:29'),(187,2133,11,'Done','2025-11-18 13:31:35',NULL,'2025-11-24 09:30:29','2025-11-24 09:30:29'),(188,2266,12,'Done','2025-11-18 13:51:39',NULL,'2025-11-24 09:30:29','2025-11-24 09:30:29'),(189,2267,1,'Done','2025-11-20 09:39:14',NULL,'2025-11-24 09:30:29','2025-11-24 09:30:29'),(190,2268,2,'Done','2025-11-20 10:04:41',NULL,'2025-11-24 09:30:29','2025-11-24 09:30:29'),(191,2269,3,'Done','2025-11-20 10:22:41',NULL,'2025-11-24 09:30:29','2025-11-24 09:30:29'),(192,2270,4,'Done','2025-11-20 11:10:53',NULL,'2025-11-24 09:30:29','2025-11-24 09:30:29'),(193,2271,5,'Done','2025-11-20 11:28:08',NULL,'2025-11-24 09:30:29','2025-11-24 09:30:29'),(194,2272,6,'Done','2025-11-20 12:48:59',NULL,'2025-11-24 09:30:29','2025-11-24 09:30:29'),(195,2273,7,'Done','2025-11-20 13:11:53',NULL,'2025-11-24 09:30:29','2025-11-24 09:30:29'),(196,2177,1,'Done','2025-11-21 10:21:58',NULL,'2025-11-24 09:30:29','2025-11-24 09:30:29'),(197,2277,2,'Done','2025-11-21 10:22:14',NULL,'2025-11-24 09:30:29','2025-11-24 09:30:29'),(198,2278,3,'Done','2025-11-21 10:23:08',NULL,'2025-11-24 09:30:29','2025-11-24 09:30:29'),(199,2279,4,'Done','2025-11-21 10:32:31',NULL,'2025-11-24 09:30:29','2025-11-24 09:30:29'),(200,2280,5,'Done','2025-11-21 10:32:53',NULL,'2025-11-24 09:30:29','2025-11-24 09:30:29'),(201,2282,6,'Done','2025-11-21 14:03:55',NULL,'2025-11-24 09:30:29','2025-11-24 09:30:29'),(202,2283,7,'Done','2025-11-21 14:04:14',NULL,'2025-11-24 09:30:29','2025-11-24 09:30:29'),(203,2284,1,'Done','2025-11-22 11:08:00',NULL,'2025-11-24 09:30:29','2025-11-24 09:30:29'),(204,2285,2,'Done','2025-11-22 11:08:12',NULL,'2025-11-24 09:30:29','2025-11-24 09:30:29'),(205,2266,3,'Done','2025-11-22 12:15:07',NULL,'2025-11-24 09:30:29','2025-11-24 09:30:29'),(206,2203,4,'Done','2025-11-22 12:20:10',NULL,'2025-11-24 09:30:29','2025-11-24 09:30:29'),(207,2313,1,'Done','2025-11-24 09:07:18','2025-11-24 11:52:50','2025-11-24 11:59:36','2025-11-24 11:59:36'),(208,2314,2,'Done','2025-11-24 09:18:10','2025-11-24 11:50:55','2025-11-24 11:59:08','2025-11-24 11:59:08'),(209,2315,3,'Done','2025-11-24 09:18:26','2025-11-24 11:36:26','2025-11-24 11:37:56','2025-11-24 11:37:56'),(210,2099,4,'Done','2025-11-24 10:51:07','2025-11-24 11:24:06','2025-11-24 11:26:25','2025-11-24 11:26:25'),(211,2317,5,'Done','2025-11-24 11:58:59','2025-11-24 12:05:41','2025-11-24 12:12:12','2025-11-24 12:12:12'),(212,2318,6,'Done','2025-11-24 12:50:26','2025-11-24 13:04:01','2025-11-24 13:23:04','2025-11-24 13:23:04'),(213,2246,7,'Done','2025-11-24 13:17:27','2025-11-24 13:24:27','2025-11-24 13:28:47','2025-11-24 13:28:47'),(214,2316,1,'Done','2025-11-25 09:10:19','2025-11-25 11:28:40','2025-11-25 11:40:03','2025-11-25 11:40:03'),(215,2009,2,'Done','2025-11-25 10:32:14','2025-11-25 11:07:31','2025-11-25 11:15:02','2025-11-25 11:15:02'),(216,2332,3,'Done','2025-11-25 10:42:06','2025-11-25 11:18:05','2025-11-25 11:26:03','2025-11-25 11:26:03'),(217,2013,4,'Done','2025-11-25 11:30:58','2025-11-25 11:41:08','2025-11-25 11:53:38','2025-11-25 11:53:38'),(218,2191,1,'Waiting','2025-11-27 08:37:50',NULL,NULL,'2025-11-27 08:37:50');
/*!40000 ALTER TABLE `queue` ENABLE KEYS */;
UNLOCK TABLES;
/*!50003 SET @saved_cs_client      = @@character_set_client */ ;
/*!50003 SET @saved_cs_results     = @@character_set_results */ ;
/*!50003 SET @saved_col_connection = @@collation_connection */ ;
/*!50003 SET character_set_client  = utf8mb4 */ ;
/*!50003 SET character_set_results = utf8mb4 */ ;
/*!50003 SET collation_connection  = utf8mb4_0900_ai_ci */ ;
/*!50003 SET @saved_sql_mode       = @@sql_mode */ ;
/*!50003 SET sql_mode              = 'ONLY_FULL_GROUP_BY,STRICT_TRANS_TABLES,NO_ZERO_IN_DATE,NO_ZERO_DATE,ERROR_FOR_DIVISION_BY_ZERO,NO_ENGINE_SUBSTITUTION' */ ;
DELIMITER ;;
/*!50003 CREATE*/ /*!50017 DEFINER=`root`@`localhost`*/ /*!50003 TRIGGER `trg_queue_status_update` BEFORE UPDATE ON `queue` FOR EACH ROW BEGIN
    -- When status is changed to "Done", set finished_at to current timestamp
    IF NEW.status = 'Done' THEN
        SET NEW.finished_at = NOW();
        SET NEW.called_at = NEW.called_at; -- preserve previous value

    -- When status is changed to "Examining", set called_at to current timestamp
    ELSEIF NEW.status = 'Examining' THEN
        SET NEW.called_at = NOW();
        SET NEW.finished_at = NEW.finished_at; -- preserve previous value

    -- Otherwise (Waiting, Skipped, Cancelled), clear both timestamps
    ELSE
        SET NEW.called_at = NULL;
        SET NEW.finished_at = NULL;
    END IF;
END */;;
DELIMITER ;
/*!50003 SET sql_mode              = @saved_sql_mode */ ;
/*!50003 SET character_set_client  = @saved_cs_client */ ;
/*!50003 SET character_set_results = @saved_cs_results */ ;
/*!50003 SET collation_connection  = @saved_col_connection */ ;

--
-- Table structure for table `referrals`
--

DROP TABLE IF EXISTS `referrals`;
/*!40101 SET @saved_cs_client     = @@character_set_client */;
/*!50503 SET character_set_client = utf8mb4 */;
CREATE TABLE `referrals` (
  `referral_id` int NOT NULL AUTO_INCREMENT,
  `patient_id` int NOT NULL,
  `referring_doctor` varchar(255) DEFAULT NULL,
  `referral_type` text,
  `present_working_impression` text,
  `plan` text,
  `additional_info` text,
  `created_at` datetime DEFAULT CURRENT_TIMESTAMP,
  PRIMARY KEY (`referral_id`),
  KEY `patient_id` (`patient_id`),
  CONSTRAINT `referrals_ibfk_1` FOREIGN KEY (`patient_id`) REFERENCES `patients` (`patient_id`) ON DELETE CASCADE
) ENGINE=InnoDB AUTO_INCREMENT=3 DEFAULT CHARSET=utf8mb4 COLLATE=utf8mb4_0900_ai_ci;
/*!40101 SET character_set_client = @saved_cs_client */;

--
-- Dumping data for table `referrals`
--

LOCK TABLES `referrals` WRITE;
/*!40000 ALTER TABLE `referrals` DISABLE KEYS */;
INSERT INTO `referrals` (`referral_id`, `patient_id`, `referring_doctor`, `referral_type`, `present_working_impression`, `plan`, `additional_info`, `created_at`) VALUES (2,2281,'Jonas Ortigas','Evaluation & Management','Pneumonia','for admission','patient started with antibiotics: cefuroxime 500mg capsule x 1 week but no relief.\r\nNoted with rales on both lung fields.','2025-11-21 13:24:56');
/*!40000 ALTER TABLE `referrals` ENABLE KEYS */;
UNLOCK TABLES;

--
-- Table structure for table `sales`
--

DROP TABLE IF EXISTS `sales`;
/*!40101 SET @saved_cs_client     = @@character_set_client */;
/*!50503 SET character_set_client = utf8mb4 */;
CREATE TABLE `sales` (
  `sale_id` int NOT NULL AUTO_INCREMENT,
  `item_id` int NOT NULL,
  `quantity` int NOT NULL,
  `unit_price` decimal(10,2) NOT NULL,
  `discount_amount` decimal(10,2) DEFAULT '0.00',
  `tax_amount` decimal(10,2) DEFAULT '0.00',
  `total_price` decimal(10,2) NOT NULL,
  `sale_date` datetime DEFAULT CURRENT_TIMESTAMP,
  PRIMARY KEY (`sale_id`)
) ENGINE=InnoDB AUTO_INCREMENT=265 DEFAULT CHARSET=utf8mb4 COLLATE=utf8mb4_0900_ai_ci;
/*!40101 SET character_set_client = @saved_cs_client */;

--
-- Dumping data for table `sales`
--

LOCK TABLES `sales` WRITE;
/*!40000 ALTER TABLE `sales` DISABLE KEYS */;
/*!40000 ALTER TABLE `sales` ENABLE KEYS */;
UNLOCK TABLES;

--
-- Table structure for table `stock_movements`
--

DROP TABLE IF EXISTS `stock_movements`;
/*!40101 SET @saved_cs_client     = @@character_set_client */;
/*!50503 SET character_set_client = utf8mb4 */;
CREATE TABLE `stock_movements` (
  `movement_id` int NOT NULL AUTO_INCREMENT,
  `item_id` int NOT NULL,
  `movement_type` varchar(40) NOT NULL,
  `quantity` int NOT NULL,
  `movement_date` timestamp NULL DEFAULT CURRENT_TIMESTAMP,
  `expiration_date` datetime DEFAULT NULL,
  `unit_price` decimal(10,2) DEFAULT '0.00',
  `user_id` int DEFAULT NULL,
  `cost_price` decimal(10,2) DEFAULT '0.00',
  PRIMARY KEY (`movement_id`)
) ENGINE=InnoDB AUTO_INCREMENT=512 DEFAULT CHARSET=utf8mb4 COLLATE=utf8mb4_0900_ai_ci;
/*!40101 SET character_set_client = @saved_cs_client */;

--
-- Dumping data for table `stock_movements`
--

LOCK TABLES `stock_movements` WRITE;
/*!40000 ALTER TABLE `stock_movements` DISABLE KEYS */;
INSERT INTO `stock_movements` (`movement_id`, `item_id`, `movement_type`, `quantity`, `movement_date`, `expiration_date`, `unit_price`, `user_id`, `cost_price`) VALUES (231,2,'IN',120,'2025-10-16 23:50:54','2025-10-17 07:50:47',2.50,NULL,0.00),(233,1,'IN',120,'2025-10-17 00:41:24','2025-10-17 08:41:06',5.00,NULL,0.00),(237,3,'IN',200,'2025-10-17 01:09:49','2025-10-17 09:06:52',0.00,NULL,0.00),(238,4,'OUT',1,'2025-10-17 06:07:25',NULL,0.00,NULL,0.00),(239,5,'OUT',2,'2025-10-17 06:07:25',NULL,0.00,NULL,0.00),(240,6,'OUT',1,'2025-10-17 06:07:25',NULL,0.00,NULL,0.00),(241,3,'OUT',3,'2025-10-17 06:07:25',NULL,0.00,NULL,0.00),(242,4,'OUT',1,'2025-10-17 06:08:55',NULL,0.00,NULL,0.00),(243,6,'OUT',1,'2025-10-17 06:08:55',NULL,0.00,NULL,0.00),(244,6,'OUT',1,'2025-10-17 06:10:52',NULL,0.00,NULL,0.00),(245,1,'OUT',1,'2025-10-17 06:10:52',NULL,5.00,NULL,0.00),(246,3,'OUT',1,'2025-10-17 06:11:09',NULL,0.00,NULL,0.00),(247,4,'OUT',1,'2025-10-17 06:12:01',NULL,0.00,NULL,0.00),(248,4,'OUT',1,'2025-10-17 06:12:24',NULL,0.00,NULL,0.00),(249,3,'OUT',1,'2025-10-17 06:25:03',NULL,0.00,NULL,0.00),(250,1,'OUT',1,'2025-10-17 06:25:03',NULL,5.00,NULL,0.00),(251,7,'OUT',1,'2025-10-17 06:25:35',NULL,0.00,NULL,0.00),(252,3,'OUT',1,'2025-10-17 06:37:19',NULL,0.00,NULL,0.00),(253,1,'OUT',1,'2025-10-17 06:37:19',NULL,5.00,NULL,0.00),(254,6,'OUT',1,'2025-10-17 06:37:19',NULL,0.00,NULL,0.00),(255,6,'OUT',1,'2025-10-17 07:17:03',NULL,0.00,NULL,0.00),(256,7,'OUT',1,'2025-10-17 07:17:03',NULL,0.00,NULL,0.00),(257,1,'OUT',4,'2025-10-17 07:17:03',NULL,5.00,NULL,0.00),(258,3,'OUT',1,'2025-10-17 07:36:41',NULL,0.00,NULL,0.00),(259,1,'OUT',2,'2025-10-17 07:36:41',NULL,5.00,NULL,0.00),(260,5,'OUT',1,'2025-10-17 07:55:45',NULL,0.00,NULL,0.00),(261,5,'OUT',1,'2025-10-17 07:55:47',NULL,0.00,NULL,0.00),(262,1,'OUT',1,'2025-10-17 23:22:23',NULL,5.00,NULL,0.00),(263,1,'OUT',2,'2025-10-17 23:37:07',NULL,5.00,NULL,0.00),(264,6,'OUT',1,'2025-10-17 23:42:52',NULL,0.00,NULL,0.00),(265,6,'OUT',1,'2025-10-17 23:42:54',NULL,0.00,NULL,0.00),(266,6,'OUT',1,'2025-10-17 23:42:55',NULL,0.00,NULL,0.00),(267,6,'OUT',1,'2025-10-17 23:42:56',NULL,0.00,NULL,0.00),(268,6,'OUT',1,'2025-10-17 23:42:56',NULL,0.00,NULL,0.00),(269,6,'OUT',1,'2025-10-17 23:42:57',NULL,0.00,NULL,0.00),(270,6,'OUT',1,'2025-10-17 23:42:57',NULL,0.00,NULL,0.00),(271,6,'OUT',1,'2025-10-17 23:42:58',NULL,0.00,NULL,0.00),(272,6,'OUT',1,'2025-10-17 23:42:58',NULL,0.00,NULL,0.00),(273,3,'OUT',1,'2025-10-17 23:45:50',NULL,0.00,NULL,0.00),(274,7,'OUT',1,'2025-10-17 23:45:50',NULL,0.00,NULL,0.00),(275,1,'OUT',2,'2025-10-17 23:45:50',NULL,5.00,NULL,0.00),(276,1,'OUT',1,'2025-10-17 23:47:39',NULL,5.00,NULL,0.00),(277,7,'OUT',1,'2025-10-17 23:47:39',NULL,0.00,NULL,0.00),(278,1,'OUT',1,'2025-10-17 23:51:02',NULL,5.00,NULL,0.00),(279,1,'OUT',2,'2025-10-17 23:51:44',NULL,5.00,NULL,0.00),(280,1,'OUT',1,'2025-10-17 23:56:33',NULL,5.00,NULL,0.00),(281,1,'OUT',1,'2025-10-17 23:58:51',NULL,5.00,NULL,0.00),(282,1,'OUT',1,'2025-10-18 00:00:18',NULL,5.00,NULL,0.00),(283,1,'OUT',2,'2025-10-18 00:02:07',NULL,5.00,NULL,0.00),(284,1,'OUT',1,'2025-10-18 00:02:28',NULL,5.00,NULL,0.00),(285,1,'OUT',1,'2025-10-18 00:18:35',NULL,5.00,NULL,0.00),(286,1,'OUT',1,'2025-10-18 00:19:14',NULL,5.00,NULL,0.00),(287,4,'IN',4,'2025-10-18 00:21:56','2025-10-18 08:21:28',300.00,NULL,0.00),(288,4,'IN',4,'2025-10-18 00:22:03','2025-10-18 08:21:28',300.00,NULL,0.00),(289,6,'OUT',1,'2025-10-18 00:39:29',NULL,0.00,NULL,0.00),(290,7,'OUT',2,'2025-10-18 00:40:15',NULL,0.00,NULL,0.00),(291,50,'IN',465,'2025-10-18 04:28:09','2027-02-27 12:06:30',0.00,NULL,0.00),(298,19,'IN',5,'2025-10-20 03:44:48','2026-09-30 11:43:14',550.00,NULL,0.00),(299,16,'IN',870,'2025-10-20 03:47:36','2026-12-31 11:43:14',40.00,NULL,35.66),(300,27,'IN',280,'2025-10-20 03:49:41','2028-04-30 11:43:14',55.00,NULL,0.00),(301,15,'IN',90,'2025-10-20 03:51:07','2028-02-28 11:43:14',400.00,NULL,215.00),(302,22,'IN',55,'2025-10-20 03:53:54','2028-02-28 11:43:14',550.00,NULL,0.00),(303,24,'IN',50,'2025-10-20 04:17:27','2026-09-30 12:16:33',35.00,NULL,0.00),(304,26,'IN',327,'2025-10-20 04:19:24','2027-04-30 12:16:33',35.00,NULL,0.00),(305,19,'OUT',1,'2025-10-20 05:01:12',NULL,550.00,NULL,0.00),(306,23,'OUT',21,'2025-10-20 05:17:40',NULL,25.00,NULL,0.00),(307,15,'OUT',1,'2025-10-20 05:24:08',NULL,400.00,NULL,215.00),(308,16,'OUT',10,'2025-10-20 05:24:09',NULL,40.00,NULL,35.66),(309,16,'OUT',5,'2025-10-20 05:47:11',NULL,40.00,NULL,35.66),(310,17,'OUT',1,'2025-10-20 05:52:41',NULL,450.00,NULL,299.00),(311,19,'OUT',1,'2025-10-20 05:53:45',NULL,550.00,NULL,0.00),(312,20,'IN',27,'2025-10-20 06:05:03','2027-02-27 14:01:40',780.00,NULL,0.00),(313,25,'IN',200,'2025-10-20 06:06:58','2027-05-30 14:01:40',45.00,NULL,0.00),(314,13,'IN',290,'2025-10-20 06:12:19','2026-05-26 14:01:40',75.00,NULL,0.00),(315,12,'IN',574,'2025-10-20 06:16:14','2026-07-30 14:01:40',65.00,NULL,0.00),(316,17,'IN',10,'2025-10-20 06:18:41','2027-06-30 14:01:40',450.00,NULL,299.00),(317,14,'IN',23,'2025-10-20 06:20:20','2027-04-30 14:01:40',550.00,NULL,0.00),(318,10,'IN',180,'2025-10-20 06:23:02','2027-06-30 14:01:40',35.00,NULL,0.00),(319,18,'IN',1,'2025-10-20 06:38:12','2027-02-28 14:01:40',450.00,NULL,299.00),(320,11,'IN',165,'2025-10-20 06:40:32','2026-04-30 14:01:40',25.00,NULL,0.00),(321,21,'IN',12,'2025-10-20 06:42:39','2027-06-30 14:01:40',1000.00,NULL,0.00),(322,9,'IN',75,'2025-10-20 06:44:33','2027-03-30 14:01:40',350.00,NULL,0.00),(323,28,'IN',750,'2025-10-21 02:33:03','2026-08-31 10:26:22',25.00,NULL,0.00),(324,13,'OUT',7,'2025-10-21 06:26:39',NULL,75.00,NULL,0.00),(325,10,'OUT',6,'2025-10-21 06:26:39',NULL,35.00,NULL,0.00),(326,22,'OUT',1,'2025-10-21 06:26:39',NULL,550.00,NULL,0.00),(327,22,'OUT',1,'2025-10-21 06:36:45',NULL,550.00,NULL,0.00),(328,13,'OUT',14,'2025-10-21 06:36:45',NULL,75.00,NULL,0.00),(329,26,'OUT',10,'2025-10-21 06:36:45',NULL,35.00,NULL,0.00),(330,22,'OUT',1,'2025-10-21 06:46:24',NULL,550.00,NULL,0.00),(331,15,'OUT',1,'2025-10-21 06:58:47',NULL,400.00,NULL,215.00),(332,13,'OUT',10,'2025-10-21 07:12:10',NULL,75.00,NULL,0.00),(333,15,'OUT',1,'2025-10-21 07:12:10',NULL,400.00,NULL,215.00),(334,10,'OUT',1,'2025-10-21 07:12:11',NULL,35.00,NULL,0.00),(335,23,'IN',387,'2025-10-21 07:26:15','2027-08-01 15:23:35',25.00,NULL,0.00),(336,29,'IN',12,'2025-10-21 07:29:01','2030-06-30 15:23:35',550.00,NULL,380.00),(337,30,'IN',200,'2025-10-21 07:29:54','2030-06-30 15:23:35',20.00,NULL,10.40),(338,12,'OUT',14,'2025-10-23 03:41:33',NULL,65.00,NULL,0.00),(339,14,'OUT',1,'2025-10-23 03:41:33',NULL,550.00,NULL,0.00),(340,27,'OUT',14,'2025-10-23 04:10:04',NULL,55.00,NULL,0.00),(341,15,'OUT',1,'2025-10-23 04:10:04',NULL,400.00,NULL,215.00),(342,19,'OUT',1,'2025-10-23 05:11:12',NULL,550.00,NULL,0.00),(343,15,'OUT',3,'2025-10-23 05:12:06',NULL,400.00,NULL,215.00),(344,26,'OUT',10,'2025-10-23 05:12:06',NULL,35.00,NULL,0.00),(345,13,'OUT',14,'2025-10-23 05:12:06',NULL,75.00,NULL,0.00),(346,16,'OUT',5,'2025-10-23 05:27:01',NULL,40.00,NULL,35.66),(347,19,'OUT',1,'2025-10-23 05:27:02',NULL,550.00,NULL,0.00),(348,23,'OUT',21,'2025-10-23 05:41:26',NULL,25.00,NULL,0.00),(349,26,'OUT',10,'2025-10-23 05:41:26',NULL,35.00,NULL,0.00),(351,15,'OUT',1,'2025-10-24 04:04:21',NULL,400.00,NULL,215.00),(352,23,'OUT',21,'2025-10-24 04:13:41',NULL,25.00,NULL,0.00),(353,27,'OUT',14,'2025-10-24 05:25:06',NULL,55.00,NULL,0.00),(354,22,'OUT',1,'2025-10-24 05:25:06',NULL,550.00,NULL,0.00),(355,10,'OUT',6,'2025-10-24 05:25:06',NULL,35.00,NULL,0.00),(356,19,'IN',36,'2025-10-24 05:28:56','2026-10-31 13:26:45',550.00,NULL,0.00),(357,19,'OUT',1,'2025-10-25 02:56:08',NULL,550.00,NULL,0.00),(358,27,'OUT',14,'2025-10-25 02:56:09',NULL,55.00,NULL,0.00),(359,10,'OUT',6,'2025-10-25 02:56:09',NULL,35.00,NULL,0.00),(360,23,'OUT',21,'2025-10-25 03:17:35',NULL,25.00,NULL,0.00),(361,26,'OUT',10,'2025-10-25 03:36:33',NULL,35.00,NULL,0.00),(362,15,'OUT',1,'2025-10-25 04:23:21',NULL,400.00,NULL,215.00),(363,27,'OUT',14,'2025-10-25 05:11:26',NULL,55.00,NULL,0.00),(364,15,'OUT',1,'2025-10-25 05:11:27',NULL,400.00,NULL,215.00),(365,19,'OUT',1,'2025-10-27 03:27:41',NULL,550.00,NULL,0.00),(366,22,'OUT',1,'2025-10-27 03:40:17',NULL,550.00,NULL,0.00),(367,27,'OUT',14,'2025-10-27 03:45:18',NULL,55.00,NULL,0.00),(368,15,'OUT',1,'2025-10-27 03:45:18',NULL,400.00,NULL,215.00),(369,26,'OUT',10,'2025-10-27 03:45:18',NULL,35.00,NULL,0.00),(370,28,'OUT',30,'2025-10-27 03:52:47',NULL,25.00,NULL,0.00),(371,22,'OUT',1,'2025-10-27 04:05:07',NULL,550.00,NULL,0.00),(372,27,'OUT',14,'2025-10-27 04:05:07',NULL,55.00,NULL,0.00),(373,22,'OUT',1,'2025-10-27 04:11:29',NULL,550.00,NULL,0.00),(374,16,'OUT',30,'2025-10-27 05:20:49',NULL,40.00,NULL,35.66),(375,22,'OUT',1,'2025-10-27 05:42:17',NULL,550.00,NULL,0.00),(376,28,'OUT',30,'2025-10-27 05:42:17',NULL,25.00,NULL,0.00),(377,22,'OUT',1,'2025-10-27 05:57:27',NULL,550.00,NULL,0.00),(378,27,'OUT',14,'2025-10-27 05:57:28',NULL,55.00,NULL,0.00),(379,15,'OUT',1,'2025-10-27 06:09:58',NULL,400.00,NULL,215.00),(380,26,'OUT',5,'2025-10-27 06:29:08',NULL,35.00,NULL,0.00),(381,23,'OUT',15,'2025-10-27 06:29:08',NULL,25.00,NULL,0.00),(382,19,'OUT',1,'2025-10-27 06:30:03',NULL,550.00,NULL,0.00),(383,15,'OUT',1,'2025-10-27 06:37:24',NULL,400.00,NULL,215.00),(384,19,'OUT',1,'2025-10-27 06:45:24',NULL,550.00,NULL,0.00),(385,28,'OUT',30,'2025-10-27 06:45:24',NULL,25.00,NULL,0.00),(386,10,'OUT',10,'2025-10-27 06:45:24',NULL,35.00,NULL,0.00),(387,16,'OUT',30,'2025-10-28 02:50:38',NULL,40.00,NULL,35.66),(388,19,'OUT',1,'2025-10-28 04:12:03',NULL,550.00,NULL,0.00),(389,27,'OUT',14,'2025-10-28 04:12:03',NULL,55.00,NULL,0.00),(390,19,'OUT',1,'2025-10-28 04:32:16',NULL,550.00,NULL,0.00),(391,19,'OUT',1,'2025-10-28 04:47:17',NULL,550.00,NULL,0.00),(392,16,'OUT',30,'2025-10-28 04:47:17',NULL,40.00,NULL,35.66),(393,16,'OUT',5,'2025-10-30 03:45:55',NULL,40.00,NULL,35.66),(394,19,'OUT',1,'2025-10-30 04:19:02',NULL,550.00,NULL,0.00),(395,19,'OUT',1,'2025-10-30 04:55:07',NULL,550.00,NULL,0.00),(396,12,'OUT',14,'2025-10-30 05:43:20',NULL,65.00,NULL,0.00),(397,19,'OUT',1,'2025-10-30 06:04:11',NULL,550.00,NULL,0.00),(398,16,'OUT',30,'2025-11-06 03:21:00',NULL,40.00,NULL,35.66),(399,17,'OUT',1,'2025-11-06 03:49:57',NULL,450.00,NULL,299.00),(400,26,'OUT',10,'2025-11-06 03:49:57',NULL,35.00,NULL,0.00),(401,22,'OUT',1,'2025-11-06 05:18:39',NULL,550.00,NULL,0.00),(402,28,'OUT',30,'2025-11-06 05:33:00',NULL,25.00,NULL,0.00),(403,13,'OUT',14,'2025-11-06 05:40:01',NULL,75.00,NULL,0.00),(404,15,'OUT',1,'2025-11-06 05:40:37',NULL,400.00,NULL,215.00),(405,15,'OUT',1,'2025-11-06 05:58:29',NULL,400.00,NULL,215.00),(406,16,'OUT',20,'2025-11-06 05:58:29',NULL,40.00,NULL,35.66),(407,27,'OUT',14,'2025-11-06 06:09:59',NULL,55.00,NULL,0.00),(408,15,'OUT',1,'2025-11-06 06:09:59',NULL,400.00,NULL,215.00),(409,31,'IN',3,'2025-11-07 00:41:06','2025-11-07 08:39:52',550.00,NULL,0.00),(410,23,'OUT',21,'2025-11-07 03:28:48',NULL,25.00,NULL,0.00),(411,24,'OUT',10,'2025-11-07 03:28:48',NULL,35.00,NULL,0.00),(412,18,'OUT',1,'2025-11-07 03:28:48',NULL,450.00,NULL,299.00),(413,15,'OUT',1,'2025-11-07 03:43:32',NULL,400.00,NULL,215.00),(414,27,'OUT',14,'2025-11-07 03:43:32',NULL,55.00,NULL,0.00),(415,17,'OUT',1,'2025-11-07 03:53:07',NULL,450.00,NULL,299.00),(416,27,'OUT',14,'2025-11-07 03:53:07',NULL,55.00,NULL,0.00),(417,23,'OUT',21,'2025-11-07 03:53:07',NULL,25.00,NULL,0.00),(418,26,'OUT',10,'2025-11-07 03:53:07',NULL,35.00,NULL,0.00),(419,19,'OUT',1,'2025-11-07 04:22:03',NULL,550.00,NULL,0.00),(420,14,'OUT',1,'2025-11-07 05:30:35',NULL,550.00,NULL,0.00),(421,23,'OUT',21,'2025-11-07 05:30:35',NULL,25.00,NULL,0.00),(422,19,'OUT',1,'2025-11-07 05:42:39',NULL,550.00,NULL,0.00),(423,16,'OUT',30,'2025-11-07 06:01:57',NULL,40.00,NULL,35.66),(424,29,'OUT',1,'2025-11-08 03:34:24',NULL,550.00,NULL,380.00),(425,24,'OUT',10,'2025-11-08 03:34:24',NULL,35.00,NULL,0.00),(426,23,'OUT',21,'2025-11-08 03:34:24',NULL,25.00,NULL,0.00),(427,19,'OUT',1,'2025-11-08 03:45:48',NULL,550.00,NULL,0.00),(428,32,'OUT',1,'2025-11-08 04:03:25',NULL,600.00,NULL,0.00),(429,23,'OUT',6,'2025-11-08 04:03:26',NULL,25.00,NULL,0.00),(430,26,'OUT',7,'2025-11-08 04:03:26',NULL,35.00,NULL,0.00),(431,26,'OUT',7,'2025-11-08 04:05:42',NULL,35.00,NULL,0.00),(432,13,'OUT',7,'2025-11-08 04:56:00',NULL,75.00,NULL,0.00),(433,32,'IN',20,'2025-11-10 03:07:01','2028-05-31 11:05:04',600.00,NULL,0.00),(434,16,'OUT',30,'2025-11-10 03:08:37',NULL,40.00,NULL,35.66),(435,19,'OUT',1,'2025-11-11 03:31:25',NULL,550.00,NULL,0.00),(436,22,'OUT',1,'2025-11-11 04:05:37',NULL,550.00,NULL,0.00),(437,15,'OUT',1,'2025-11-11 05:08:45',NULL,400.00,NULL,215.00),(438,19,'OUT',1,'2025-11-11 05:17:38',NULL,550.00,NULL,0.00),(439,32,'OUT',1,'2025-11-11 05:17:43',NULL,600.00,NULL,0.00),(440,16,'OUT',30,'2025-11-11 05:22:10',NULL,40.00,NULL,35.66),(441,17,'OUT',1,'2025-11-11 05:22:48',NULL,450.00,NULL,299.00),(442,15,'OUT',1,'2025-11-11 05:33:46',NULL,400.00,NULL,215.00),(443,22,'OUT',1,'2025-11-13 04:45:46',NULL,550.00,NULL,0.00),(444,16,'OUT',30,'2025-11-14 03:34:24',NULL,40.00,NULL,35.66),(445,17,'OUT',6,'2025-11-14 05:31:45',NULL,450.00,NULL,299.00),(446,23,'OUT',21,'2025-11-17 05:33:35',NULL,25.00,NULL,0.00),(447,20,'OUT',1,'2025-11-17 05:43:44',NULL,780.00,NULL,0.00),(448,16,'OUT',30,'2025-11-17 06:28:27',NULL,40.00,NULL,35.66),(449,15,'OUT',1,'2025-11-17 06:37:11',NULL,400.00,NULL,215.00),(450,32,'OUT',1,'2025-11-17 06:55:13',NULL,600.00,NULL,0.00),(451,14,'OUT',1,'2025-11-17 06:55:13',NULL,550.00,NULL,0.00),(452,23,'OUT',21,'2025-11-17 07:16:03',NULL,25.00,NULL,0.00),(453,29,'OUT',1,'2025-11-17 07:19:12',NULL,550.00,NULL,380.00),(454,22,'OUT',1,'2025-11-18 04:45:40',NULL,550.00,NULL,0.00),(455,19,'OUT',1,'2025-11-18 04:58:22',NULL,550.00,NULL,0.00),(456,32,'OUT',1,'2025-11-18 04:58:22',NULL,600.00,NULL,0.00),(457,19,'OUT',1,'2025-11-18 06:08:14',NULL,550.00,NULL,0.00),(458,20,'OUT',1,'2025-11-18 06:22:12',NULL,780.00,NULL,0.00),(459,27,'OUT',14,'2025-11-18 06:22:12',NULL,55.00,NULL,0.00),(460,19,'OUT',1,'2025-11-18 06:56:42',NULL,550.00,NULL,0.00),(461,23,'OUT',8,'2025-11-18 07:01:03',NULL,25.00,NULL,0.00),(462,19,'OUT',1,'2025-11-20 04:54:12',NULL,550.00,NULL,0.00),(463,27,'OUT',14,'2025-11-20 04:54:53',NULL,55.00,NULL,0.00),(464,19,'OUT',1,'2025-11-20 04:54:53',NULL,550.00,NULL,0.00),(465,14,'OUT',1,'2025-11-20 04:55:15',NULL,550.00,NULL,0.00),(466,23,'OUT',21,'2025-11-20 04:55:15',NULL,25.00,NULL,0.00),(467,16,'OUT',10,'2025-11-20 04:55:41',NULL,40.00,NULL,35.66),(468,23,'OUT',21,'2025-11-20 04:56:18',NULL,25.00,NULL,0.00),(469,24,'OUT',10,'2025-11-20 04:56:18',NULL,35.00,NULL,0.00),(470,32,'OUT',1,'2025-11-20 04:56:18',NULL,600.00,NULL,0.00),(471,26,'OUT',14,'2025-11-20 04:56:18',NULL,35.00,NULL,0.00),(472,9,'OUT',1,'2025-11-20 06:06:57',NULL,350.00,NULL,0.00),(473,27,'OUT',10,'2025-11-20 06:06:57',NULL,55.00,NULL,0.00),(474,13,'OUT',10,'2025-11-21 00:39:00',NULL,75.00,NULL,0.00),(475,17,'IN',13,'2025-11-21 02:34:58','2025-11-21 10:34:05',450.00,NULL,299.00),(476,18,'IN',13,'2025-11-21 02:35:27','2025-11-21 10:34:05',450.00,NULL,299.00),(478,33,'IN',80,'2025-11-21 03:57:57','2027-06-30 11:55:27',20.00,NULL,0.00),(479,24,'OUT',7,'2025-11-21 04:02:47',NULL,35.00,NULL,0.00),(480,26,'OUT',14,'2025-11-21 04:02:47',NULL,35.00,NULL,0.00),(481,23,'OUT',21,'2025-11-21 04:02:47',NULL,25.00,NULL,0.00),(482,9,'WRITE-OFF',1,'2025-11-21 05:06:12',NULL,NULL,NULL,0.00),(483,22,'OUT',1,'2025-11-21 06:06:23',NULL,550.00,NULL,0.00),(484,27,'OUT',14,'2025-11-21 06:06:23',NULL,55.00,NULL,0.00),(485,27,'OUT',14,'2025-11-21 06:07:12',NULL,55.00,NULL,0.00),(486,22,'OUT',1,'2025-11-21 06:07:12',NULL,550.00,NULL,0.00),(487,19,'OUT',1,'2025-11-21 06:08:03',NULL,550.00,NULL,0.00),(488,19,'OUT',1,'2025-11-21 06:24:58',NULL,550.00,NULL,0.00),(489,16,'OUT',30,'2025-11-21 06:41:18',NULL,40.00,NULL,35.66),(490,15,'OUT',1,'2025-11-22 04:30:52',NULL,400.00,NULL,215.00),(491,12,'OUT',14,'2025-11-22 04:30:52',NULL,65.00,NULL,0.00),(492,26,'OUT',10,'2025-11-22 04:30:52',NULL,35.00,NULL,0.00),(493,14,'OUT',1,'2025-11-22 04:30:52',NULL,550.00,NULL,0.00),(494,9,'OUT',1,'2025-11-22 04:39:12',NULL,350.00,NULL,0.00),(495,24,'OUT',10,'2025-11-22 04:45:00',NULL,35.00,NULL,0.00),(496,19,'OUT',1,'2025-11-24 03:31:01',NULL,550.00,NULL,0.00),(497,27,'OUT',4,'2025-11-24 03:56:57',NULL,55.00,NULL,0.00),(498,28,'OUT',8,'2025-11-24 04:07:03',NULL,25.00,NULL,0.00),(499,12,'OUT',14,'2025-11-24 04:23:45',NULL,65.00,NULL,0.00),(500,14,'OUT',1,'2025-11-24 04:23:45',NULL,550.00,NULL,0.00),(501,19,'OUT',1,'2025-11-24 05:25:12',NULL,550.00,NULL,0.00),(502,16,'OUT',30,'2025-11-24 05:28:07',NULL,40.00,NULL,35.66),(503,16,'OUT',30,'2025-11-24 05:31:39',NULL,40.00,NULL,35.66),(504,26,'OUT',5,'2025-11-25 03:19:41',NULL,35.00,NULL,0.00),(505,15,'OUT',1,'2025-11-25 03:19:41',NULL,400.00,NULL,215.00),(506,15,'OUT',2,'2025-11-25 03:32:06',NULL,400.00,NULL,215.00),(507,26,'OUT',10,'2025-11-25 03:32:11',NULL,35.00,NULL,0.00),(508,23,'OUT',21,'2025-11-25 04:01:00',NULL,25.00,NULL,0.00),(509,26,'OUT',20,'2025-11-25 04:01:00',NULL,35.00,NULL,0.00),(510,32,'OUT',1,'2025-11-25 04:01:00',NULL,600.00,NULL,0.00),(511,15,'OUT',1,'2025-11-25 06:11:46',NULL,400.00,NULL,215.00);
/*!40000 ALTER TABLE `stock_movements` ENABLE KEYS */;
UNLOCK TABLES;
/*!50003 SET @saved_cs_client      = @@character_set_client */ ;
/*!50003 SET @saved_cs_results     = @@character_set_results */ ;
/*!50003 SET @saved_col_connection = @@collation_connection */ ;
/*!50003 SET character_set_client  = utf8mb4 */ ;
/*!50003 SET character_set_results = utf8mb4 */ ;
/*!50003 SET collation_connection  = utf8mb4_0900_ai_ci */ ;
/*!50003 SET @saved_sql_mode       = @@sql_mode */ ;
/*!50003 SET sql_mode              = 'ONLY_FULL_GROUP_BY,STRICT_TRANS_TABLES,NO_ZERO_IN_DATE,NO_ZERO_DATE,ERROR_FOR_DIVISION_BY_ZERO,NO_ENGINE_SUBSTITUTION' */ ;
DELIMITER ;;
/*!50003 CREATE*/ /*!50017 DEFINER=`root`@`localhost`*/ /*!50003 TRIGGER `trg_stock_movements_insert` AFTER INSERT ON `stock_movements` FOR EACH ROW BEGIN
    -- 1. Adjust stock quantity based on movement type
    IF NEW.movement_type = 'IN' THEN
        -- Incoming stock increases quantity
        UPDATE items
        SET quantity = quantity + NEW.quantity
        WHERE item_id = NEW.item_id;
    ELSEIF NEW.movement_type = 'OUT' OR NEW.movement_type = 'WRITE-OFF' THEN
        -- Outgoing or written-off items decrease stock
        UPDATE items
        SET quantity = quantity - NEW.quantity
        WHERE item_id = NEW.item_id;
    END IF;

    -- 2. Insert into history log
    INSERT INTO stock_movements_history (
        movement_id, item_id, movement_type, quantity, expiration_date, 
        action_type, old_quantity, new_quantity
    )
    VALUES (
        NEW.movement_id, NEW.item_id, NEW.movement_type, NEW.quantity, NEW.expiration_date, 
        'INSERT', NULL, NEW.quantity
    );
END */;;
DELIMITER ;
/*!50003 SET sql_mode              = @saved_sql_mode */ ;
/*!50003 SET character_set_client  = @saved_cs_client */ ;
/*!50003 SET character_set_results = @saved_cs_results */ ;
/*!50003 SET collation_connection  = @saved_col_connection */ ;
/*!50003 SET @saved_cs_client      = @@character_set_client */ ;
/*!50003 SET @saved_cs_results     = @@character_set_results */ ;
/*!50003 SET @saved_col_connection = @@collation_connection */ ;
/*!50003 SET character_set_client  = utf8mb4 */ ;
/*!50003 SET character_set_results = utf8mb4 */ ;
/*!50003 SET collation_connection  = utf8mb4_0900_ai_ci */ ;
/*!50003 SET @saved_sql_mode       = @@sql_mode */ ;
/*!50003 SET sql_mode              = 'ONLY_FULL_GROUP_BY,STRICT_TRANS_TABLES,NO_ZERO_IN_DATE,NO_ZERO_DATE,ERROR_FOR_DIVISION_BY_ZERO,NO_ENGINE_SUBSTITUTION' */ ;
DELIMITER ;;
/*!50003 CREATE*/ /*!50017 DEFINER=`root`@`localhost`*/ /*!50003 TRIGGER `trg_stock_movements_after_delete` AFTER DELETE ON `stock_movements` FOR EACH ROW BEGIN
    -- 1. Insert into history log
    INSERT INTO stock_movements_history (
        movement_id,
        item_id,
        movement_type,
        quantity,
        expiration_date,
        action_type,
        old_quantity,
        new_quantity
    )
    VALUES (
        OLD.movement_id,
        OLD.item_id,
        OLD.movement_type,
        OLD.quantity,
        OLD.expiration_date,
        'DELETE',
        OLD.quantity,
        NULL
    );

    -- 2. Adjust stock quantity
    IF OLD.movement_type = 'IN' THEN
        UPDATE items
        SET quantity = quantity - OLD.quantity
        WHERE item_id = OLD.item_id;
    ELSEIF OLD.movement_type = 'OUT' THEN
        UPDATE items
        SET quantity = quantity + OLD.quantity
        WHERE item_id = OLD.item_id;
    END IF;
END */;;
DELIMITER ;
/*!50003 SET sql_mode              = @saved_sql_mode */ ;
/*!50003 SET character_set_client  = @saved_cs_client */ ;
/*!50003 SET character_set_results = @saved_cs_results */ ;
/*!50003 SET collation_connection  = @saved_col_connection */ ;

--
-- Table structure for table `stock_movements_history`
--

DROP TABLE IF EXISTS `stock_movements_history`;
/*!40101 SET @saved_cs_client     = @@character_set_client */;
/*!50503 SET character_set_client = utf8mb4 */;
CREATE TABLE `stock_movements_history` (
  `history_id` int NOT NULL AUTO_INCREMENT,
  `movement_id` int NOT NULL,
  `item_id` int NOT NULL,
  `movement_type` varchar(40) NOT NULL,
  `quantity` int NOT NULL,
  `expiration_date` date DEFAULT NULL,
  `action_type` enum('INSERT','UPDATE','DELETE') NOT NULL,
  `action_time` timestamp NULL DEFAULT CURRENT_TIMESTAMP,
  `old_quantity` int DEFAULT NULL,
  `new_quantity` int DEFAULT NULL,
  PRIMARY KEY (`history_id`)
) ENGINE=InnoDB AUTO_INCREMENT=731 DEFAULT CHARSET=utf8mb4 COLLATE=utf8mb4_0900_ai_ci;
/*!40101 SET character_set_client = @saved_cs_client */;

--
-- Dumping data for table `stock_movements_history`
--

LOCK TABLES `stock_movements_history` WRITE;
/*!40000 ALTER TABLE `stock_movements_history` DISABLE KEYS */;
INSERT INTO `stock_movements_history` (`history_id`, `movement_id`, `item_id`, `movement_type`, `quantity`, `expiration_date`, `action_type`, `action_time`, `old_quantity`, `new_quantity`) VALUES (498,291,50,'IN',465,'2027-02-27','INSERT','2025-10-18 04:28:09',NULL,465),(499,292,18,'OUT',2,NULL,'INSERT','2025-10-18 05:41:14',NULL,2),(500,293,10,'OUT',6,NULL,'INSERT','2025-10-18 05:41:14',NULL,6),(501,294,16,'OUT',1,NULL,'INSERT','2025-10-18 05:41:14',NULL,1),(502,295,27,'OUT',14,NULL,'INSERT','2025-10-18 05:46:52',NULL,14),(503,296,22,'OUT',1,NULL,'INSERT','2025-10-18 05:51:27',NULL,1),(504,297,12,'OUT',10,NULL,'INSERT','2025-10-18 05:51:27',NULL,10),(505,297,12,'OUT',10,NULL,'DELETE','2025-10-18 05:56:53',10,NULL),(506,295,27,'OUT',14,NULL,'DELETE','2025-10-18 05:57:34',14,NULL),(507,294,16,'OUT',1,NULL,'DELETE','2025-10-18 05:58:00',1,NULL),(508,296,22,'OUT',1,NULL,'DELETE','2025-10-18 05:58:18',1,NULL),(509,292,18,'OUT',2,NULL,'DELETE','2025-10-18 05:58:33',2,NULL),(510,293,10,'OUT',6,NULL,'DELETE','2025-10-18 05:58:48',6,NULL),(511,298,19,'IN',5,'2026-09-30','INSERT','2025-10-20 03:44:48',NULL,5),(512,299,16,'IN',870,'2026-12-31','INSERT','2025-10-20 03:47:36',NULL,870),(513,300,27,'IN',280,'2028-04-30','INSERT','2025-10-20 03:49:41',NULL,280),(514,301,15,'IN',90,'2028-02-28','INSERT','2025-10-20 03:51:07',NULL,90),(515,302,22,'IN',55,'2028-02-28','INSERT','2025-10-20 03:53:54',NULL,55),(516,303,24,'IN',50,'2026-09-30','INSERT','2025-10-20 04:17:27',NULL,50),(517,304,26,'IN',327,'2027-04-30','INSERT','2025-10-20 04:19:24',NULL,327),(518,305,19,'OUT',1,NULL,'INSERT','2025-10-20 05:01:12',NULL,1),(519,306,23,'OUT',21,NULL,'INSERT','2025-10-20 05:17:40',NULL,21),(520,307,15,'OUT',1,NULL,'INSERT','2025-10-20 05:24:08',NULL,1),(521,308,16,'OUT',10,NULL,'INSERT','2025-10-20 05:24:09',NULL,10),(522,309,16,'OUT',5,NULL,'INSERT','2025-10-20 05:47:11',NULL,5),(523,310,17,'OUT',1,NULL,'INSERT','2025-10-20 05:52:41',NULL,1),(524,311,19,'OUT',1,NULL,'INSERT','2025-10-20 05:53:45',NULL,1),(525,312,20,'IN',27,'2027-02-27','INSERT','2025-10-20 06:05:03',NULL,27),(526,313,25,'IN',200,'2027-05-30','INSERT','2025-10-20 06:06:58',NULL,200),(527,314,13,'IN',290,'2026-05-26','INSERT','2025-10-20 06:12:19',NULL,290),(528,315,12,'IN',574,'2026-07-30','INSERT','2025-10-20 06:16:14',NULL,574),(529,316,17,'IN',10,'2027-06-30','INSERT','2025-10-20 06:18:41',NULL,10),(530,317,14,'IN',23,'2027-04-30','INSERT','2025-10-20 06:20:20',NULL,23),(531,318,10,'IN',180,'2027-06-30','INSERT','2025-10-20 06:23:02',NULL,180),(532,319,18,'IN',1,'2027-02-28','INSERT','2025-10-20 06:38:12',NULL,1),(533,320,11,'IN',165,'2026-04-30','INSERT','2025-10-20 06:40:32',NULL,165),(534,321,21,'IN',12,'2027-06-30','INSERT','2025-10-20 06:42:39',NULL,12),(535,322,9,'IN',75,'2027-03-30','INSERT','2025-10-20 06:44:33',NULL,75),(536,323,28,'IN',750,'2026-08-31','INSERT','2025-10-21 02:33:03',NULL,750),(537,232,2,'WRITE-OFF',20,NULL,'DELETE','2025-10-21 05:44:42',20,NULL),(538,234,1,'WRITE-OFF',1,NULL,'DELETE','2025-10-21 05:44:42',1,NULL),(539,235,1,'WRITE-OFF',19,NULL,'DELETE','2025-10-21 05:44:42',19,NULL),(540,236,1,'WRITE-OFF',20,NULL,'DELETE','2025-10-21 05:44:42',20,NULL),(541,324,13,'OUT',7,NULL,'INSERT','2025-10-21 06:26:39',NULL,7),(542,325,10,'OUT',6,NULL,'INSERT','2025-10-21 06:26:39',NULL,6),(543,326,22,'OUT',1,NULL,'INSERT','2025-10-21 06:26:39',NULL,1),(544,327,22,'OUT',1,NULL,'INSERT','2025-10-21 06:36:45',NULL,1),(545,328,13,'OUT',14,NULL,'INSERT','2025-10-21 06:36:45',NULL,14),(546,329,26,'OUT',10,NULL,'INSERT','2025-10-21 06:36:45',NULL,10),(547,330,22,'OUT',1,NULL,'INSERT','2025-10-21 06:46:24',NULL,1),(548,331,15,'OUT',1,NULL,'INSERT','2025-10-21 06:58:47',NULL,1),(549,332,13,'OUT',10,NULL,'INSERT','2025-10-21 07:12:10',NULL,10),(550,333,15,'OUT',1,NULL,'INSERT','2025-10-21 07:12:10',NULL,1),(551,334,10,'OUT',1,NULL,'INSERT','2025-10-21 07:12:11',NULL,1),(552,335,23,'IN',387,'2027-08-01','INSERT','2025-10-21 07:26:15',NULL,387),(553,336,29,'IN',12,'2030-06-30','INSERT','2025-10-21 07:29:01',NULL,12),(554,337,30,'IN',200,'2030-06-30','INSERT','2025-10-21 07:29:54',NULL,200),(555,338,12,'OUT',14,NULL,'INSERT','2025-10-23 03:41:33',NULL,14),(556,339,14,'OUT',1,NULL,'INSERT','2025-10-23 03:41:33',NULL,1),(557,340,27,'OUT',14,NULL,'INSERT','2025-10-23 04:10:04',NULL,14),(558,341,15,'OUT',1,NULL,'INSERT','2025-10-23 04:10:04',NULL,1),(559,342,19,'OUT',1,NULL,'INSERT','2025-10-23 05:11:12',NULL,1),(560,343,15,'OUT',3,NULL,'INSERT','2025-10-23 05:12:06',NULL,3),(561,344,26,'OUT',10,NULL,'INSERT','2025-10-23 05:12:06',NULL,10),(562,345,13,'OUT',14,NULL,'INSERT','2025-10-23 05:12:06',NULL,14),(563,346,16,'OUT',5,NULL,'INSERT','2025-10-23 05:27:01',NULL,5),(564,347,19,'OUT',1,NULL,'INSERT','2025-10-23 05:27:02',NULL,1),(565,348,23,'OUT',21,NULL,'INSERT','2025-10-23 05:41:26',NULL,21),(566,349,26,'OUT',10,NULL,'INSERT','2025-10-23 05:41:26',NULL,10),(567,350,11,'WRITE-OFF',1,NULL,'INSERT','2025-10-24 02:36:40',NULL,1),(568,350,11,'WRITE-OFF',1,NULL,'DELETE','2025-10-24 02:36:51',1,NULL),(569,351,15,'OUT',1,NULL,'INSERT','2025-10-24 04:04:21',NULL,1),(570,352,23,'OUT',21,NULL,'INSERT','2025-10-24 04:13:41',NULL,21),(571,353,27,'OUT',14,NULL,'INSERT','2025-10-24 05:25:06',NULL,14),(572,354,22,'OUT',1,NULL,'INSERT','2025-10-24 05:25:06',NULL,1),(573,355,10,'OUT',6,NULL,'INSERT','2025-10-24 05:25:06',NULL,6),(574,356,19,'IN',36,'2026-10-31','INSERT','2025-10-24 05:28:56',NULL,36),(575,357,19,'OUT',1,NULL,'INSERT','2025-10-25 02:56:08',NULL,1),(576,358,27,'OUT',14,NULL,'INSERT','2025-10-25 02:56:09',NULL,14),(577,359,10,'OUT',6,NULL,'INSERT','2025-10-25 02:56:09',NULL,6),(578,360,23,'OUT',21,NULL,'INSERT','2025-10-25 03:17:35',NULL,21),(579,361,26,'OUT',10,NULL,'INSERT','2025-10-25 03:36:33',NULL,10),(580,362,15,'OUT',1,NULL,'INSERT','2025-10-25 04:23:21',NULL,1),(581,363,27,'OUT',14,NULL,'INSERT','2025-10-25 05:11:26',NULL,14),(582,364,15,'OUT',1,NULL,'INSERT','2025-10-25 05:11:27',NULL,1),(583,365,19,'OUT',1,NULL,'INSERT','2025-10-27 03:27:41',NULL,1),(584,366,22,'OUT',1,NULL,'INSERT','2025-10-27 03:40:17',NULL,1),(585,367,27,'OUT',14,NULL,'INSERT','2025-10-27 03:45:18',NULL,14),(586,368,15,'OUT',1,NULL,'INSERT','2025-10-27 03:45:18',NULL,1),(587,369,26,'OUT',10,NULL,'INSERT','2025-10-27 03:45:18',NULL,10),(588,370,28,'OUT',30,NULL,'INSERT','2025-10-27 03:52:47',NULL,30),(589,371,22,'OUT',1,NULL,'INSERT','2025-10-27 04:05:07',NULL,1),(590,372,27,'OUT',14,NULL,'INSERT','2025-10-27 04:05:07',NULL,14),(591,373,22,'OUT',1,NULL,'INSERT','2025-10-27 04:11:29',NULL,1),(592,374,16,'OUT',30,NULL,'INSERT','2025-10-27 05:20:49',NULL,30),(593,375,22,'OUT',1,NULL,'INSERT','2025-10-27 05:42:17',NULL,1),(594,376,28,'OUT',30,NULL,'INSERT','2025-10-27 05:42:17',NULL,30),(595,377,22,'OUT',1,NULL,'INSERT','2025-10-27 05:57:27',NULL,1),(596,378,27,'OUT',14,NULL,'INSERT','2025-10-27 05:57:28',NULL,14),(597,379,15,'OUT',1,NULL,'INSERT','2025-10-27 06:09:58',NULL,1),(598,380,26,'OUT',5,NULL,'INSERT','2025-10-27 06:29:08',NULL,5),(599,381,23,'OUT',15,NULL,'INSERT','2025-10-27 06:29:08',NULL,15),(600,382,19,'OUT',1,NULL,'INSERT','2025-10-27 06:30:03',NULL,1),(601,383,15,'OUT',1,NULL,'INSERT','2025-10-27 06:37:24',NULL,1),(602,384,19,'OUT',1,NULL,'INSERT','2025-10-27 06:45:24',NULL,1),(603,385,28,'OUT',30,NULL,'INSERT','2025-10-27 06:45:24',NULL,30),(604,386,10,'OUT',10,NULL,'INSERT','2025-10-27 06:45:24',NULL,10),(605,387,16,'OUT',30,NULL,'INSERT','2025-10-28 02:50:38',NULL,30),(606,388,19,'OUT',1,NULL,'INSERT','2025-10-28 04:12:03',NULL,1),(607,389,27,'OUT',14,NULL,'INSERT','2025-10-28 04:12:03',NULL,14),(608,390,19,'OUT',1,NULL,'INSERT','2025-10-28 04:32:16',NULL,1),(609,391,19,'OUT',1,NULL,'INSERT','2025-10-28 04:47:17',NULL,1),(610,392,16,'OUT',30,NULL,'INSERT','2025-10-28 04:47:17',NULL,30),(611,393,16,'OUT',5,NULL,'INSERT','2025-10-30 03:45:55',NULL,5),(612,394,19,'OUT',1,NULL,'INSERT','2025-10-30 04:19:02',NULL,1),(613,395,19,'OUT',1,NULL,'INSERT','2025-10-30 04:55:07',NULL,1),(614,396,12,'OUT',14,NULL,'INSERT','2025-10-30 05:43:20',NULL,14),(615,397,19,'OUT',1,NULL,'INSERT','2025-10-30 06:04:11',NULL,1),(616,398,16,'OUT',30,NULL,'INSERT','2025-11-06 03:21:00',NULL,30),(617,399,17,'OUT',1,NULL,'INSERT','2025-11-06 03:49:57',NULL,1),(618,400,26,'OUT',10,NULL,'INSERT','2025-11-06 03:49:57',NULL,10),(619,401,22,'OUT',1,NULL,'INSERT','2025-11-06 05:18:39',NULL,1),(620,402,28,'OUT',30,NULL,'INSERT','2025-11-06 05:33:00',NULL,30),(621,403,13,'OUT',14,NULL,'INSERT','2025-11-06 05:40:01',NULL,14),(622,404,15,'OUT',1,NULL,'INSERT','2025-11-06 05:40:37',NULL,1),(623,405,15,'OUT',1,NULL,'INSERT','2025-11-06 05:58:29',NULL,1),(624,406,16,'OUT',20,NULL,'INSERT','2025-11-06 05:58:29',NULL,20),(625,407,27,'OUT',14,NULL,'INSERT','2025-11-06 06:09:59',NULL,14),(626,408,15,'OUT',1,NULL,'INSERT','2025-11-06 06:09:59',NULL,1),(627,409,31,'IN',3,'2025-11-07','INSERT','2025-11-07 00:41:06',NULL,3),(628,410,23,'OUT',21,NULL,'INSERT','2025-11-07 03:28:48',NULL,21),(629,411,24,'OUT',10,NULL,'INSERT','2025-11-07 03:28:48',NULL,10),(630,412,18,'OUT',1,NULL,'INSERT','2025-11-07 03:28:48',NULL,1),(631,413,15,'OUT',1,NULL,'INSERT','2025-11-07 03:43:32',NULL,1),(632,414,27,'OUT',14,NULL,'INSERT','2025-11-07 03:43:32',NULL,14),(633,415,17,'OUT',1,NULL,'INSERT','2025-11-07 03:53:07',NULL,1),(634,416,27,'OUT',14,NULL,'INSERT','2025-11-07 03:53:07',NULL,14),(635,417,23,'OUT',21,NULL,'INSERT','2025-11-07 03:53:07',NULL,21),(636,418,26,'OUT',10,NULL,'INSERT','2025-11-07 03:53:07',NULL,10),(637,419,19,'OUT',1,NULL,'INSERT','2025-11-07 04:22:03',NULL,1),(638,420,14,'OUT',1,NULL,'INSERT','2025-11-07 05:30:35',NULL,1),(639,421,23,'OUT',21,NULL,'INSERT','2025-11-07 05:30:35',NULL,21),(640,422,19,'OUT',1,NULL,'INSERT','2025-11-07 05:42:39',NULL,1),(641,423,16,'OUT',30,NULL,'INSERT','2025-11-07 06:01:57',NULL,30),(642,424,29,'OUT',1,NULL,'INSERT','2025-11-08 03:34:24',NULL,1),(643,425,24,'OUT',10,NULL,'INSERT','2025-11-08 03:34:24',NULL,10),(644,426,23,'OUT',21,NULL,'INSERT','2025-11-08 03:34:24',NULL,21),(645,427,19,'OUT',1,NULL,'INSERT','2025-11-08 03:45:48',NULL,1),(646,428,32,'OUT',1,NULL,'INSERT','2025-11-08 04:03:25',NULL,1),(647,429,23,'OUT',6,NULL,'INSERT','2025-11-08 04:03:26',NULL,6),(648,430,26,'OUT',7,NULL,'INSERT','2025-11-08 04:03:26',NULL,7),(649,431,26,'OUT',7,NULL,'INSERT','2025-11-08 04:05:42',NULL,7),(650,432,13,'OUT',7,NULL,'INSERT','2025-11-08 04:56:00',NULL,7),(651,433,32,'IN',20,'2028-05-31','INSERT','2025-11-10 03:07:01',NULL,20),(652,434,16,'OUT',30,NULL,'INSERT','2025-11-10 03:08:37',NULL,30),(653,435,19,'OUT',1,NULL,'INSERT','2025-11-11 03:31:25',NULL,1),(654,436,22,'OUT',1,NULL,'INSERT','2025-11-11 04:05:37',NULL,1),(655,437,15,'OUT',1,NULL,'INSERT','2025-11-11 05:08:45',NULL,1),(656,438,19,'OUT',1,NULL,'INSERT','2025-11-11 05:17:38',NULL,1),(657,439,32,'OUT',1,NULL,'INSERT','2025-11-11 05:17:43',NULL,1),(658,440,16,'OUT',30,NULL,'INSERT','2025-11-11 05:22:10',NULL,30),(659,441,17,'OUT',1,NULL,'INSERT','2025-11-11 05:22:48',NULL,1),(660,442,15,'OUT',1,NULL,'INSERT','2025-11-11 05:33:46',NULL,1),(661,443,22,'OUT',1,NULL,'INSERT','2025-11-13 04:45:46',NULL,1),(662,444,16,'OUT',30,NULL,'INSERT','2025-11-14 03:34:24',NULL,30),(663,445,17,'OUT',6,NULL,'INSERT','2025-11-14 05:31:45',NULL,6),(664,446,23,'OUT',21,NULL,'INSERT','2025-11-17 05:33:35',NULL,21),(665,447,20,'OUT',1,NULL,'INSERT','2025-11-17 05:43:44',NULL,1),(666,448,16,'OUT',30,NULL,'INSERT','2025-11-17 06:28:27',NULL,30),(667,449,15,'OUT',1,NULL,'INSERT','2025-11-17 06:37:11',NULL,1),(668,450,32,'OUT',1,NULL,'INSERT','2025-11-17 06:55:13',NULL,1),(669,451,14,'OUT',1,NULL,'INSERT','2025-11-17 06:55:13',NULL,1),(670,452,23,'OUT',21,NULL,'INSERT','2025-11-17 07:16:03',NULL,21),(671,453,29,'OUT',1,NULL,'INSERT','2025-11-17 07:19:12',NULL,1),(672,454,22,'OUT',1,NULL,'INSERT','2025-11-18 04:45:40',NULL,1),(673,455,19,'OUT',1,NULL,'INSERT','2025-11-18 04:58:22',NULL,1),(674,456,32,'OUT',1,NULL,'INSERT','2025-11-18 04:58:22',NULL,1),(675,457,19,'OUT',1,NULL,'INSERT','2025-11-18 06:08:14',NULL,1),(676,458,20,'OUT',1,NULL,'INSERT','2025-11-18 06:22:12',NULL,1),(677,459,27,'OUT',14,NULL,'INSERT','2025-11-18 06:22:12',NULL,14),(678,460,19,'OUT',1,NULL,'INSERT','2025-11-18 06:56:42',NULL,1),(679,461,23,'OUT',8,NULL,'INSERT','2025-11-18 07:01:03',NULL,8),(680,462,19,'OUT',1,NULL,'INSERT','2025-11-20 04:54:12',NULL,1),(681,463,27,'OUT',14,NULL,'INSERT','2025-11-20 04:54:53',NULL,14),(682,464,19,'OUT',1,NULL,'INSERT','2025-11-20 04:54:53',NULL,1),(683,465,14,'OUT',1,NULL,'INSERT','2025-11-20 04:55:15',NULL,1),(684,466,23,'OUT',21,NULL,'INSERT','2025-11-20 04:55:15',NULL,21),(685,467,16,'OUT',10,NULL,'INSERT','2025-11-20 04:55:41',NULL,10),(686,468,23,'OUT',21,NULL,'INSERT','2025-11-20 04:56:18',NULL,21),(687,469,24,'OUT',10,NULL,'INSERT','2025-11-20 04:56:18',NULL,10),(688,470,32,'OUT',1,NULL,'INSERT','2025-11-20 04:56:18',NULL,1),(689,471,26,'OUT',14,NULL,'INSERT','2025-11-20 04:56:18',NULL,14),(690,472,9,'OUT',1,NULL,'INSERT','2025-11-20 06:06:57',NULL,1),(691,473,27,'OUT',10,NULL,'INSERT','2025-11-20 06:06:57',NULL,10),(692,474,13,'OUT',10,NULL,'INSERT','2025-11-21 00:39:00',NULL,10),(693,475,17,'IN',13,'2025-11-21','INSERT','2025-11-21 02:34:58',NULL,13),(694,476,18,'IN',13,'2025-11-21','INSERT','2025-11-21 02:35:27',NULL,13),(695,477,33,'IN',80,'2025-11-21','INSERT','2025-11-21 03:55:54',NULL,80),(696,477,33,'IN',80,'2025-11-21','DELETE','2025-11-21 03:56:52',80,NULL),(697,478,33,'IN',80,'2027-06-30','INSERT','2025-11-21 03:57:57',NULL,80),(698,479,24,'OUT',7,NULL,'INSERT','2025-11-21 04:02:47',NULL,7),(699,480,26,'OUT',14,NULL,'INSERT','2025-11-21 04:02:47',NULL,14),(700,481,23,'OUT',21,NULL,'INSERT','2025-11-21 04:02:47',NULL,21),(701,482,9,'WRITE-OFF',1,NULL,'INSERT','2025-11-21 05:06:12',NULL,1),(702,483,22,'OUT',1,NULL,'INSERT','2025-11-21 06:06:23',NULL,1),(703,484,27,'OUT',14,NULL,'INSERT','2025-11-21 06:06:23',NULL,14),(704,485,27,'OUT',14,NULL,'INSERT','2025-11-21 06:07:12',NULL,14),(705,486,22,'OUT',1,NULL,'INSERT','2025-11-21 06:07:12',NULL,1),(706,487,19,'OUT',1,NULL,'INSERT','2025-11-21 06:08:03',NULL,1),(707,488,19,'OUT',1,NULL,'INSERT','2025-11-21 06:24:58',NULL,1),(708,489,16,'OUT',30,NULL,'INSERT','2025-11-21 06:41:18',NULL,30),(709,490,15,'OUT',1,NULL,'INSERT','2025-11-22 04:30:52',NULL,1),(710,491,12,'OUT',14,NULL,'INSERT','2025-11-22 04:30:52',NULL,14),(711,492,26,'OUT',10,NULL,'INSERT','2025-11-22 04:30:52',NULL,10),(712,493,14,'OUT',1,NULL,'INSERT','2025-11-22 04:30:52',NULL,1),(713,494,9,'OUT',1,NULL,'INSERT','2025-11-22 04:39:12',NULL,1),(714,495,24,'OUT',10,NULL,'INSERT','2025-11-22 04:45:00',NULL,10),(715,496,19,'OUT',1,NULL,'INSERT','2025-11-24 03:31:01',NULL,1),(716,497,27,'OUT',4,NULL,'INSERT','2025-11-24 03:56:57',NULL,4),(717,498,28,'OUT',8,NULL,'INSERT','2025-11-24 04:07:03',NULL,8),(718,499,12,'OUT',14,NULL,'INSERT','2025-11-24 04:23:45',NULL,14),(719,500,14,'OUT',1,NULL,'INSERT','2025-11-24 04:23:45',NULL,1),(720,501,19,'OUT',1,NULL,'INSERT','2025-11-24 05:25:12',NULL,1),(721,502,16,'OUT',30,NULL,'INSERT','2025-11-24 05:28:07',NULL,30),(722,503,16,'OUT',30,NULL,'INSERT','2025-11-24 05:31:39',NULL,30),(723,504,26,'OUT',5,NULL,'INSERT','2025-11-25 03:19:41',NULL,5),(724,505,15,'OUT',1,NULL,'INSERT','2025-11-25 03:19:41',NULL,1),(725,506,15,'OUT',2,NULL,'INSERT','2025-11-25 03:32:06',NULL,2),(726,507,26,'OUT',10,NULL,'INSERT','2025-11-25 03:32:11',NULL,10),(727,508,23,'OUT',21,NULL,'INSERT','2025-11-25 04:01:00',NULL,21),(728,509,26,'OUT',20,NULL,'INSERT','2025-11-25 04:01:00',NULL,20),(729,510,32,'OUT',1,NULL,'INSERT','2025-11-25 04:01:00',NULL,1),(730,511,15,'OUT',1,NULL,'INSERT','2025-11-25 06:11:46',NULL,1);
/*!40000 ALTER TABLE `stock_movements_history` ENABLE KEYS */;
UNLOCK TABLES;

--
-- Table structure for table `stock_movements_log`
--

DROP TABLE IF EXISTS `stock_movements_log`;
/*!40101 SET @saved_cs_client     = @@character_set_client */;
/*!50503 SET character_set_client = utf8mb4 */;
CREATE TABLE `stock_movements_log` (
  `log_id` int NOT NULL AUTO_INCREMENT,
  `movement_id` int NOT NULL,
  `item_id` int DEFAULT NULL,
  `movement_type` varchar(50) DEFAULT NULL,
  `quantity` int DEFAULT NULL,
  `movement_date` date DEFAULT NULL,
  `expiration_date` date DEFAULT NULL,
  `unit_price` decimal(10,2) DEFAULT NULL,
  `deleted_by_user_id` int NOT NULL,
  `deleted_at` timestamp NULL DEFAULT CURRENT_TIMESTAMP,
  PRIMARY KEY (`log_id`)
) ENGINE=InnoDB AUTO_INCREMENT=9 DEFAULT CHARSET=utf8mb4 COLLATE=utf8mb4_0900_ai_ci;
/*!40101 SET character_set_client = @saved_cs_client */;

--
-- Dumping data for table `stock_movements_log`
--

LOCK TABLES `stock_movements_log` WRITE;
/*!40000 ALTER TABLE `stock_movements_log` DISABLE KEYS */;
INSERT INTO `stock_movements_log` (`log_id`, `movement_id`, `item_id`, `movement_type`, `quantity`, `movement_date`, `expiration_date`, `unit_price`, `deleted_by_user_id`, `deleted_at`) VALUES (7,350,11,'WRITE-OFF',1,'2025-10-24',NULL,NULL,2,'2025-10-24 02:36:51'),(8,477,33,'IN',80,'2025-11-21','2025-11-21',20.00,4,'2025-11-21 03:56:52');
/*!40000 ALTER TABLE `stock_movements_log` ENABLE KEYS */;
UNLOCK TABLES;

--
-- Table structure for table `system_settings`
--

DROP TABLE IF EXISTS `system_settings`;
/*!40101 SET @saved_cs_client     = @@character_set_client */;
/*!50503 SET character_set_client = utf8mb4 */;
CREATE TABLE `system_settings` (
  `setting_id` int NOT NULL AUTO_INCREMENT,
  `setting_key` varchar(100) DEFAULT NULL,
  `setting_value` text,
  `description` text,
  `created_at` timestamp NULL DEFAULT CURRENT_TIMESTAMP,
  `updated_at` timestamp NULL DEFAULT CURRENT_TIMESTAMP ON UPDATE CURRENT_TIMESTAMP,
  PRIMARY KEY (`setting_id`),
  UNIQUE KEY `setting_key` (`setting_key`)
) ENGINE=InnoDB AUTO_INCREMENT=90 DEFAULT CHARSET=utf8mb4 COLLATE=utf8mb4_0900_ai_ci;
/*!40101 SET character_set_client = @saved_cs_client */;

--
-- Dumping data for table `system_settings`
--

LOCK TABLES `system_settings` WRITE;
/*!40000 ALTER TABLE `system_settings` DISABLE KEYS */;
INSERT INTO `system_settings` (`setting_id`, `setting_key`, `setting_value`, `description`, `created_at`, `updated_at`) VALUES (21,'default_currency','PHP','Default currency of the system','2025-09-12 17:11:00','2025-09-12 17:11:00'),(22,'currency_symbol','P','Currency symbol for displaying prices','2025-09-12 17:11:00','2025-10-18 04:26:37'),(23,'invoice_prefix','INV','Prefix used when generating invoice numbers','2025-09-12 17:11:00','2025-09-12 17:11:00'),(52,'allow_negative_stock','0',NULL,'2025-09-24 08:17:22','2025-09-24 08:17:22'),(53,'low_stock_threshold','10',NULL,'2025-09-24 08:17:22','2025-09-24 08:17:22'),(54,'clinic_name','MA. CANDIE PEARL O. BASCOS-VILLENA, MD. FPSO-HNS',NULL,'2025-09-24 08:17:22','2025-09-24 08:17:22'),(55,'clinic_address','388 E. Lopez St., Jaro, Iloilo City',NULL,'2025-09-24 08:17:22','2025-10-17 03:21:19'),(56,'clinic_tel','329-1796',NULL,'2025-09-24 08:17:22','2025-09-24 08:17:22'),(57,'clinic_mobile','0925-5000149',NULL,'2025-09-24 08:17:22','2025-09-24 08:17:22'),(58,'clinic_hours','Monday, Tuesday, Thursday, Friday, Saturday, 11:00 AM - 2:00 PM',NULL,'2025-09-24 08:17:22','2025-10-23 01:22:06'),(59,'clinic_affiliations','St. Paul\'s Hospital, Iloilo Doctor\'s Hospital, Iloilo Mission Hospital, Western Visayas Medical Center, West Visayas State Uni. Med Center, Medicus Ambulatory, Metro Iloilo Hospital & Med. Center Inc.',NULL,'2025-09-24 08:17:22','2025-10-17 04:52:11'),(60,'report_header','ENT CLINIC ',NULL,'2025-09-24 08:17:22','2025-10-01 12:03:16'),(61,'report_footer','','MA. CANDIE PEARL O. BASCOS-VILLENA, MD. FPSO-HNS','2025-09-24 08:17:22','2025-10-08 22:41:18'),(62,'date_format','yyyy-MM-dd',NULL,'2025-09-24 08:17:22','2025-09-24 08:17:22'),(63,'time_format','hh:mm tt',NULL,'2025-09-24 08:17:22','2025-09-24 08:17:22'),(64,'printer_name	','XP-58',NULL,'2025-09-24 08:17:22','2025-10-08 13:47:14'),(65,'markup_percentage','50',NULL,'2025-09-24 08:17:22','2025-09-24 08:17:22'),(66,'clinic_subtitle','Fellow, Phil. Society of Otolaryngology, Head & Neck Surgery',NULL,'2025-09-24 08:28:15','2025-09-24 08:53:37'),(67,'clinic_email','cpbascosmd@yahoo.com',NULL,'2025-09-24 08:42:52','2025-10-08 23:26:47'),(68,'license_number','99566','LIC. NO. 99566','2025-09-25 06:27:50','2025-10-08 13:47:14'),(82,'ptr',' ',NULL,'2025-10-08 13:47:14','2025-10-18 04:26:01'),(83,'stwo',' ',NULL,'2025-10-08 13:47:14','2025-10-18 04:26:01'),(84,'land_mark','(Front of Robinsons Jaro)',NULL,'2025-10-17 03:21:44','2025-10-17 03:23:13'),(85,'printer_name','XP-58 (copy 1)',NULL,'2025-10-17 06:09:04','2025-10-17 07:17:12'),(88,'base_path','//Clinic/ENT_CLINIC_Attachments',NULL,'2025-10-27 01:43:40','2025-11-27 01:03:15');
/*!40000 ALTER TABLE `system_settings` ENABLE KEYS */;
UNLOCK TABLES;

--
-- Table structure for table `user`
--

DROP TABLE IF EXISTS `user`;
/*!40101 SET @saved_cs_client     = @@character_set_client */;
/*!50503 SET character_set_client = utf8mb4 */;
CREATE TABLE `user` (
  `user_id` int NOT NULL AUTO_INCREMENT,
  `username` varchar(50) NOT NULL,
  `password` varchar(255) NOT NULL,
  `full_name` varchar(100) NOT NULL,
  `role` varchar(45) NOT NULL,
  PRIMARY KEY (`user_id`),
  UNIQUE KEY `username` (`username`)
) ENGINE=InnoDB AUTO_INCREMENT=5 DEFAULT CHARSET=utf8mb4 COLLATE=utf8mb4_0900_ai_ci;
/*!40101 SET character_set_client = @saved_cs_client */;

--
-- Dumping data for table `user`
--

LOCK TABLES `user` WRITE;
/*!40000 ALTER TABLE `user` DISABLE KEYS */;
INSERT INTO `user` (`user_id`, `username`, `password`, `full_name`, `role`) VALUES (1,'a','a','Receptionistssss','Receptionist'),(2,'d','d','BASCOS','Doctor'),(3,'admin','admin','Admin','Admin'),(4,'janet','janet','Janet','Receptionist');
/*!40000 ALTER TABLE `user` ENABLE KEYS */;
UNLOCK TABLES;

--
-- Temporary view structure for view `v_admitting_orders_with_patient`
--

DROP TABLE IF EXISTS `v_admitting_orders_with_patient`;
/*!50001 DROP VIEW IF EXISTS `v_admitting_orders_with_patient`*/;
SET @saved_cs_client     = @@character_set_client;
/*!50503 SET character_set_client = utf8mb4 */;
/*!50001 CREATE VIEW `v_admitting_orders_with_patient` AS SELECT 
 1 AS `admitting_order_id`,
 1 AS `patient_id`,
 1 AS `patient_name`,
 1 AS `diagnosis`,
 1 AS `chief_complaints`,
 1 AS `vital_signs`,
 1 AS `diet`,
 1 AS `activity`,
 1 AS `medications`,
 1 AS `iv_fluids`,
 1 AS `laboratory`,
 1 AS `imaging`,
 1 AS `nursing_instructions`,
 1 AS `special_instructions`,
 1 AS `created_at`*/;
SET character_set_client = @saved_cs_client;

--
-- Temporary view structure for view `v_autocomplete_entries`
--

DROP TABLE IF EXISTS `v_autocomplete_entries`;
/*!50001 DROP VIEW IF EXISTS `v_autocomplete_entries`*/;
SET @saved_cs_client     = @@character_set_client;
/*!50503 SET character_set_client = utf8mb4 */;
/*!50001 CREATE VIEW `v_autocomplete_entries` AS SELECT 
 1 AS `column_name`,
 1 AS `value`,
 1 AS `count`*/;
SET character_set_client = @saved_cs_client;

--
-- Temporary view structure for view `v_billing_with_patient_report`
--

DROP TABLE IF EXISTS `v_billing_with_patient_report`;
/*!50001 DROP VIEW IF EXISTS `v_billing_with_patient_report`*/;
SET @saved_cs_client     = @@character_set_client;
/*!50503 SET character_set_client = utf8mb4 */;
/*!50001 CREATE VIEW `v_billing_with_patient_report` AS SELECT 
 1 AS `Billing_ID`,
 1 AS `Consultation_ID`,
 1 AS `Patient_ID`,
 1 AS `Patient_Name`,
 1 AS `Fee`,
 1 AS `Discount_Percent`,
 1 AS `Discount_Amount`,
 1 AS `Total_Amount`,
 1 AS `Amount_Paid`,
 1 AS `Balance`,
 1 AS `Payment_Status`,
 1 AS `Note`,
 1 AS `Date_Billed`,
 1 AS `Updated_At`*/;
SET character_set_client = @saved_cs_client;

--
-- Temporary view structure for view `v_consultation_details`
--

DROP TABLE IF EXISTS `v_consultation_details`;
/*!50001 DROP VIEW IF EXISTS `v_consultation_details`*/;
SET @saved_cs_client     = @@character_set_client;
/*!50503 SET character_set_client = utf8mb4 */;
/*!50001 CREATE VIEW `v_consultation_details` AS SELECT 
 1 AS `consultation_id`,
 1 AS `patient_id`,
 1 AS `full_name`,
 1 AS `address`,
 1 AS `age`,
 1 AS `sex`,
 1 AS `civil_status`,
 1 AS `referred_by`,
 1 AS `consultation_date`,
 1 AS `chief_complaint`,
 1 AS `history`,
 1 AS `ear_exam`,
 1 AS `nose_exam`,
 1 AS `throat_exam`,
 1 AS `maxillofacial_exam`,
 1 AS `head_and_neck_exam`,
 1 AS `others_exam`,
 1 AS `diagnosis`,
 1 AS `recommendations`,
 1 AS `procedures`,
 1 AS `notes`,
 1 AS `follow_up_date`,
 1 AS `follow_up_notes`,
 1 AS `history_id`,
 1 AS `past_medical_history`,
 1 AS `family_history`,
 1 AS `personal_social_history`,
 1 AS `bp`,
 1 AS `temperature`,
 1 AS `pr`,
 1 AS `rr`,
 1 AS `ht`,
 1 AS `wt`,
 1 AS `general_appearance`,
 1 AS `skin`,
 1 AS `head_and_face`,
 1 AS `eyes`,
 1 AS `neck`,
 1 AS `chest_lungs`,
 1 AS `heart`,
 1 AS `abdomen`,
 1 AS `extremities`,
 1 AS `neurologic`,
 1 AS `allergies`,
 1 AS `recorded_at`,
 1 AS `history_created_at`,
 1 AS `history_updated_at`*/;
SET character_set_client = @saved_cs_client;

--
-- Temporary view structure for view `v_detailed_dispensing_report`
--

DROP TABLE IF EXISTS `v_detailed_dispensing_report`;
/*!50001 DROP VIEW IF EXISTS `v_detailed_dispensing_report`*/;
SET @saved_cs_client     = @@character_set_client;
/*!50503 SET character_set_client = utf8mb4 */;
/*!50001 CREATE VIEW `v_detailed_dispensing_report` AS SELECT 
 1 AS `Invoice_ID`,
 1 AS `Invoice_Date`,
 1 AS `Customer_Name`,
 1 AS `Prescription_ID`,
 1 AS `Item_ID`,
 1 AS `Generic_Name`,
 1 AS `Brand_Name`,
 1 AS `Strength`,
 1 AS `Dosage`,
 1 AS `Category`,
 1 AS `Quantity`,
 1 AS `Cost_Price`,
 1 AS `Unit_Price`,
 1 AS `Total`*/;
SET character_set_client = @saved_cs_client;

--
-- Temporary view structure for view `v_exam_distribution`
--

DROP TABLE IF EXISTS `v_exam_distribution`;
/*!50001 DROP VIEW IF EXISTS `v_exam_distribution`*/;
SET @saved_cs_client     = @@character_set_client;
/*!50503 SET character_set_client = utf8mb4 */;
/*!50001 CREATE VIEW `v_exam_distribution` AS SELECT 
 1 AS `MonthNumber`,
 1 AS `MonthName`,
 1 AS `Year`,
 1 AS `EarCount`,
 1 AS `NoseCount`,
 1 AS `ThroatCount`,
 1 AS `OthersCount`,
 1 AS `DiagnosisCount`,
 1 AS `RecommendationsCount`,
 1 AS `MaxillofacialCount`,
 1 AS `HeadNeckCount`,
 1 AS `TotalConsults`*/;
SET character_set_client = @saved_cs_client;

--
-- Temporary view structure for view `v_lab_requests_with_tests`
--

DROP TABLE IF EXISTS `v_lab_requests_with_tests`;
/*!50001 DROP VIEW IF EXISTS `v_lab_requests_with_tests`*/;
SET @saved_cs_client     = @@character_set_client;
/*!50503 SET character_set_client = utf8mb4 */;
/*!50001 CREATE VIEW `v_lab_requests_with_tests` AS SELECT 
 1 AS `request_id`,
 1 AS `patient_id`,
 1 AS `consultation_id`,
 1 AS `test_ids`,
 1 AS `request_date`,
 1 AS `test_list`*/;
SET character_set_client = @saved_cs_client;

--
-- Temporary view structure for view `v_low_stock_report`
--

DROP TABLE IF EXISTS `v_low_stock_report`;
/*!50001 DROP VIEW IF EXISTS `v_low_stock_report`*/;
SET @saved_cs_client     = @@character_set_client;
/*!50503 SET character_set_client = utf8mb4 */;
/*!50001 CREATE VIEW `v_low_stock_report` AS SELECT 
 1 AS `Item_ID`,
 1 AS `Generic_Name`,
 1 AS `Brand_Name`,
 1 AS `Strength`,
 1 AS `Dosage`,
 1 AS `Category`,
 1 AS `Current_Stock`,
 1 AS `Cost_Price`,
 1 AS `Selling_Price`,
 1 AS `Description`*/;
SET character_set_client = @saved_cs_client;

--
-- Temporary view structure for view `v_medical_certificate_details`
--

DROP TABLE IF EXISTS `v_medical_certificate_details`;
/*!50001 DROP VIEW IF EXISTS `v_medical_certificate_details`*/;
SET @saved_cs_client     = @@character_set_client;
/*!50503 SET character_set_client = utf8mb4 */;
/*!50001 CREATE VIEW `v_medical_certificate_details` AS SELECT 
 1 AS `medical_certificate_id`,
 1 AS `patient_name`,
 1 AS `patient_id`,
 1 AS `consultation_id`,
 1 AS `diagnosis`,
 1 AS `recommendations`,
 1 AS `chief_complaint`,
 1 AS `requester`,
 1 AS `created_at`*/;
SET character_set_client = @saved_cs_client;

--
-- Temporary view structure for view `v_prescription_other_with_items`
--

DROP TABLE IF EXISTS `v_prescription_other_with_items`;
/*!50001 DROP VIEW IF EXISTS `v_prescription_other_with_items`*/;
SET @saved_cs_client     = @@character_set_client;
/*!50503 SET character_set_client = utf8mb4 */;
/*!50001 CREATE VIEW `v_prescription_other_with_items` AS SELECT 
 1 AS `id`,
 1 AS `patient_id`,
 1 AS `consultation_id`,
 1 AS `item_id`,
 1 AS `quantity`,
 1 AS `sig`,
 1 AS `prescription_created_at`,
 1 AS `generic_name`,
 1 AS `brand_name`,
 1 AS `strength`,
 1 AS `dosage`,
 1 AS `category`*/;
SET character_set_client = @saved_cs_client;

--
-- Temporary view structure for view `v_prescription_with_items`
--

DROP TABLE IF EXISTS `v_prescription_with_items`;
/*!50001 DROP VIEW IF EXISTS `v_prescription_with_items`*/;
SET @saved_cs_client     = @@character_set_client;
/*!50503 SET character_set_client = utf8mb4 */;
/*!50001 CREATE VIEW `v_prescription_with_items` AS SELECT 
 1 AS `prescription_id`,
 1 AS `patient_id`,
 1 AS `item_id`,
 1 AS `quantity`,
 1 AS `sig`,
 1 AS `consultation_id`,
 1 AS `prescription_created_at`,
 1 AS `generic_name`,
 1 AS `brand_name`,
 1 AS `strength`,
 1 AS `dosage`,
 1 AS `category`*/;
SET character_set_client = @saved_cs_client;

--
-- Temporary view structure for view `v_referrals_with_patient_name`
--

DROP TABLE IF EXISTS `v_referrals_with_patient_name`;
/*!50001 DROP VIEW IF EXISTS `v_referrals_with_patient_name`*/;
SET @saved_cs_client     = @@character_set_client;
/*!50503 SET character_set_client = utf8mb4 */;
/*!50001 CREATE VIEW `v_referrals_with_patient_name` AS SELECT 
 1 AS `referral_id`,
 1 AS `patient_id`,
 1 AS `patient_name`,
 1 AS `referring_doctor`,
 1 AS `referral_type`,
 1 AS `present_working_impression`,
 1 AS `plan`,
 1 AS `additional_info`,
 1 AS `created_at`*/;
SET character_set_client = @saved_cs_client;

--
-- Temporary view structure for view `v_sig_suggestions`
--

DROP TABLE IF EXISTS `v_sig_suggestions`;
/*!50001 DROP VIEW IF EXISTS `v_sig_suggestions`*/;
SET @saved_cs_client     = @@character_set_client;
/*!50503 SET character_set_client = utf8mb4 */;
/*!50001 CREATE VIEW `v_sig_suggestions` AS SELECT 
 1 AS `item_id`,
 1 AS `sig`,
 1 AS `last_used`,
 1 AS `use_count`*/;
SET character_set_client = @saved_cs_client;

--
-- Temporary view structure for view `v_stock_near_expiry_report`
--

DROP TABLE IF EXISTS `v_stock_near_expiry_report`;
/*!50001 DROP VIEW IF EXISTS `v_stock_near_expiry_report`*/;
SET @saved_cs_client     = @@character_set_client;
/*!50503 SET character_set_client = utf8mb4 */;
/*!50001 CREATE VIEW `v_stock_near_expiry_report` AS SELECT 
 1 AS `Movement_ID`,
 1 AS `Item_ID`,
 1 AS `Generic_Name`,
 1 AS `Brand_Name`,
 1 AS `Strength`,
 1 AS `Dosage`,
 1 AS `Movement_Type`,
 1 AS `Quantity`,
 1 AS `Movement_Date`,
 1 AS `Expiration_Date`,
 1 AS `User_ID`*/;
SET character_set_client = @saved_cs_client;

--
-- Temporary view structure for view `v_stock_on_hand_report`
--

DROP TABLE IF EXISTS `v_stock_on_hand_report`;
/*!50001 DROP VIEW IF EXISTS `v_stock_on_hand_report`*/;
SET @saved_cs_client     = @@character_set_client;
/*!50503 SET character_set_client = utf8mb4 */;
/*!50001 CREATE VIEW `v_stock_on_hand_report` AS SELECT 
 1 AS `Item_ID`,
 1 AS `Generic_Name`,
 1 AS `Brand_Name`,
 1 AS `Strength`,
 1 AS `Dosage`,
 1 AS `Category`,
 1 AS `Current_Stock`,
 1 AS `Cost_Price`,
 1 AS `Selling_Price`,
 1 AS `Status`,
 1 AS `Description`,
 1 AS `Created_At`,
 1 AS `Updated_At`*/;
SET character_set_client = @saved_cs_client;

--
-- Temporary view structure for view `v_write_off_report`
--

DROP TABLE IF EXISTS `v_write_off_report`;
/*!50001 DROP VIEW IF EXISTS `v_write_off_report`*/;
SET @saved_cs_client     = @@character_set_client;
/*!50503 SET character_set_client = utf8mb4 */;
/*!50001 CREATE VIEW `v_write_off_report` AS SELECT 
 1 AS `Write_Off_ID`,
 1 AS `Item_ID`,
 1 AS `Generic_Name`,
 1 AS `Brand_Name`,
 1 AS `Strength`,
 1 AS `Dosage`,
 1 AS `Quantity`,
 1 AS `Reason`,
 1 AS `Expiration_Date`,
 1 AS `Created_At`,
 1 AS `Updated_At`*/;
SET character_set_client = @saved_cs_client;

--
-- Temporary view structure for view `view_patients_with_documents`
--

DROP TABLE IF EXISTS `view_patients_with_documents`;
/*!50001 DROP VIEW IF EXISTS `view_patients_with_documents`*/;
SET @saved_cs_client     = @@character_set_client;
/*!50503 SET character_set_client = utf8mb4 */;
/*!50001 CREATE VIEW `view_patients_with_documents` AS SELECT 
 1 AS `patient_id`,
 1 AS `full_name`,
 1 AS `has_documents`*/;
SET character_set_client = @saved_cs_client;

--
-- Temporary view structure for view `view_queue_with_patients`
--

DROP TABLE IF EXISTS `view_queue_with_patients`;
/*!50001 DROP VIEW IF EXISTS `view_queue_with_patients`*/;
SET @saved_cs_client     = @@character_set_client;
/*!50503 SET character_set_client = utf8mb4 */;
/*!50001 CREATE VIEW `view_queue_with_patients` AS SELECT 
 1 AS `Queue_ID`,
 1 AS `Patient_ID`,
 1 AS `Patient_Name`,
 1 AS `Address`,
 1 AS `Age`,
 1 AS `Sex`,
 1 AS `Civil_Status`,
 1 AS `Patient_Contact_Number`,
 1 AS `Emergency_Contact_Number`,
 1 AS `Queue_Number`,
 1 AS `Status`,
 1 AS `Queued_At`,
 1 AS `Finished_Time`,
 1 AS `Referred_By`*/;
SET character_set_client = @saved_cs_client;

--
-- Temporary view structure for view `view_queue_with_patients_original`
--

DROP TABLE IF EXISTS `view_queue_with_patients_original`;
/*!50001 DROP VIEW IF EXISTS `view_queue_with_patients_original`*/;
SET @saved_cs_client     = @@character_set_client;
/*!50503 SET character_set_client = utf8mb4 */;
/*!50001 CREATE VIEW `view_queue_with_patients_original` AS SELECT 
 1 AS `queue_id`,
 1 AS `patient_id`,
 1 AS `full_name`,
 1 AS `address`,
 1 AS `age`,
 1 AS `sex`,
 1 AS `civil_status`,
 1 AS `patient_contact_number`,
 1 AS `emergency_contact_number`,
 1 AS `queue_number`,
 1 AS `status`,
 1 AS `created_at`,
 1 AS `finished_at`,
 1 AS `referred_by`*/;
SET character_set_client = @saved_cs_client;

--
-- Table structure for table `write_off_movements`
--

DROP TABLE IF EXISTS `write_off_movements`;
/*!40101 SET @saved_cs_client     = @@character_set_client */;
/*!50503 SET character_set_client = utf8mb4 */;
CREATE TABLE `write_off_movements` (
  `write_off_id` int NOT NULL AUTO_INCREMENT,
  `item_id` int NOT NULL,
  `quantity` int NOT NULL,
  `reason` varchar(255) NOT NULL,
  `expiration_date` date DEFAULT NULL,
  `created_at` timestamp NULL DEFAULT CURRENT_TIMESTAMP,
  `updated_at` timestamp NULL DEFAULT CURRENT_TIMESTAMP ON UPDATE CURRENT_TIMESTAMP,
  PRIMARY KEY (`write_off_id`)
) ENGINE=InnoDB AUTO_INCREMENT=8 DEFAULT CHARSET=utf8mb4 COLLATE=utf8mb4_0900_ai_ci;
/*!40101 SET character_set_client = @saved_cs_client */;

--
-- Dumping data for table `write_off_movements`
--

LOCK TABLES `write_off_movements` WRITE;
/*!40000 ALTER TABLE `write_off_movements` DISABLE KEYS */;
INSERT INTO `write_off_movements` (`write_off_id`, `item_id`, `quantity`, `reason`, `expiration_date`, `created_at`, `updated_at`) VALUES (6,11,1,'DAMAGE',NULL,'2025-10-24 02:36:40','2025-10-24 02:36:40'),(7,9,1,'TO NELYN',NULL,'2025-11-21 05:06:12','2025-11-21 05:06:12');
/*!40000 ALTER TABLE `write_off_movements` ENABLE KEYS */;
UNLOCK TABLES;

--
-- Dumping events for database 'ent_clinic_db'
--
/*!50106 SET @save_time_zone= @@TIME_ZONE */ ;
/*!50106 DROP EVENT IF EXISTS `cancel_old_waiting_queues` */;
DELIMITER ;;
/*!50003 SET @saved_cs_client      = @@character_set_client */ ;;
/*!50003 SET @saved_cs_results     = @@character_set_results */ ;;
/*!50003 SET @saved_col_connection = @@collation_connection */ ;;
/*!50003 SET character_set_client  = utf8mb4 */ ;;
/*!50003 SET character_set_results = utf8mb4 */ ;;
/*!50003 SET collation_connection  = utf8mb4_0900_ai_ci */ ;;
/*!50003 SET @saved_sql_mode       = @@sql_mode */ ;;
/*!50003 SET sql_mode              = 'ONLY_FULL_GROUP_BY,STRICT_TRANS_TABLES,NO_ZERO_IN_DATE,NO_ZERO_DATE,ERROR_FOR_DIVISION_BY_ZERO,NO_ENGINE_SUBSTITUTION' */ ;;
/*!50003 SET @saved_time_zone      = @@time_zone */ ;;
/*!50003 SET time_zone             = 'SYSTEM' */ ;;
/*!50106 CREATE*/ /*!50117 DEFINER=`root`@`localhost`*/ /*!50106 EVENT `cancel_old_waiting_queues` ON SCHEDULE EVERY 1 DAY STARTS '2025-11-25 10:00:00' ON COMPLETION NOT PRESERVE ENABLE DO BEGIN
    UPDATE ent_clinic_db.queue
    SET status = 'Cancelled',
        updated_at = NOW()
    WHERE status = 'Waiting'
      AND DATE(created_at) < CURDATE()
      AND (finished_at IS NULL OR finished_at = '');
END */ ;;
/*!50003 SET time_zone             = @saved_time_zone */ ;;
/*!50003 SET sql_mode              = @saved_sql_mode */ ;;
/*!50003 SET character_set_client  = @saved_cs_client */ ;;
/*!50003 SET character_set_results = @saved_cs_results */ ;;
/*!50003 SET collation_connection  = @saved_col_connection */ ;;
DELIMITER ;
/*!50106 SET TIME_ZONE= @save_time_zone */ ;

--
-- Dumping routines for database 'ent_clinic_db'
--
/*!50003 DROP PROCEDURE IF EXISTS `add_billing_payment` */;
/*!50003 SET @saved_cs_client      = @@character_set_client */ ;
/*!50003 SET @saved_cs_results     = @@character_set_results */ ;
/*!50003 SET @saved_col_connection = @@collation_connection */ ;
/*!50003 SET character_set_client  = utf8mb4 */ ;
/*!50003 SET character_set_results = utf8mb4 */ ;
/*!50003 SET collation_connection  = utf8mb4_0900_ai_ci */ ;
/*!50003 SET @saved_sql_mode       = @@sql_mode */ ;
/*!50003 SET sql_mode              = 'ONLY_FULL_GROUP_BY,STRICT_TRANS_TABLES,NO_ZERO_IN_DATE,NO_ZERO_DATE,ERROR_FOR_DIVISION_BY_ZERO,NO_ENGINE_SUBSTITUTION' */ ;
DELIMITER ;;
CREATE DEFINER=`root`@`localhost` PROCEDURE `add_billing_payment`(
    IN p_billing_id INT,
    IN p_amount DECIMAL(10,2),
    IN p_note VARCHAR(255)
)
BEGIN
    DECLARE v_total_paid DECIMAL(10,2) DEFAULT 0.00;
    DECLARE v_total_amount DECIMAL(10,2) DEFAULT 0.00;
    DECLARE v_balance DECIMAL(10,2) DEFAULT 0.00;
    DECLARE v_status VARCHAR(20) DEFAULT 'UNPAID';
    DECLARE v_change_due DECIMAL(10,2) DEFAULT 0.00;

    -- Handle any SQL exceptions by rolling back
    DECLARE EXIT HANDLER FOR SQLEXCEPTION
    BEGIN
        ROLLBACK;
        SIGNAL SQLSTATE '45000' SET MESSAGE_TEXT = 'Error in add_billing_payment. Transaction rolled back.';
    END;

    -- Validate payment amount
    IF p_amount IS NULL OR p_amount <= 0 THEN
        SIGNAL SQLSTATE '45000' SET MESSAGE_TEXT = 'Payment amount must be greater than 0';
    END IF;

    START TRANSACTION;

    -- Get billing total (lock row to avoid race conditions)
    SELECT total_amount
    INTO v_total_amount
    FROM ent_clinic_db.billing
    WHERE billing_id = p_billing_id
    FOR UPDATE;

    IF v_total_amount IS NULL THEN
        ROLLBACK;
        SIGNAL SQLSTATE '45000' SET MESSAGE_TEXT = 'Billing record not found';
    END IF;

    -- Get total paid so far
    SELECT COALESCE(SUM(amount), 0.00)
    INTO v_total_paid
    FROM ent_clinic_db.billing_payments
    WHERE billing_id = p_billing_id;

    -- Calculate current balance before new payment
    SET v_balance = v_total_amount - v_total_paid;

    -- Calculate change_due for this payment
    IF p_amount > v_balance THEN
        SET v_change_due = p_amount - v_balance; -- excess payment
        SET v_balance = 0.00; -- after this payment, no balance left
    ELSE
        SET v_change_due = 0.00;
        SET v_balance = v_balance - p_amount;
    END IF;

    -- Insert into billing_payments (store balance & change_due here)
    INSERT INTO ent_clinic_db.billing_payments (
        billing_id,
        payment_date,
        amount,
        note,
        balance,
        change_due
    )
    VALUES (
        p_billing_id,
        NOW(),
        p_amount,
        p_note,
        v_balance,
        v_change_due
    );

    -- Update total paid (exclude change_due, since that's returned to patient)
    SET v_total_paid = v_total_paid + p_amount - v_change_due;

    -- Decide payment status
    IF v_total_paid = 0 THEN
        SET v_status = 'UNPAID';
    ELSEIF v_total_paid >= v_total_amount THEN
        SET v_status = 'FULLY PAID';
    ELSE
        SET v_status = 'PARTIALLY PAID';
    END IF;

    -- Update billing table
    UPDATE ent_clinic_db.billing
    SET amount_paid = v_total_paid,
        balance = v_balance,
        payment_status = v_status,
        updated_at = NOW()
    WHERE billing_id = p_billing_id;

    COMMIT;
END ;;
DELIMITER ;
/*!50003 SET sql_mode              = @saved_sql_mode */ ;
/*!50003 SET character_set_client  = @saved_cs_client */ ;
/*!50003 SET character_set_results = @saved_cs_results */ ;
/*!50003 SET collation_connection  = @saved_col_connection */ ;
/*!50003 DROP PROCEDURE IF EXISTS `DeleteStockMovement` */;
/*!50003 SET @saved_cs_client      = @@character_set_client */ ;
/*!50003 SET @saved_cs_results     = @@character_set_results */ ;
/*!50003 SET @saved_col_connection = @@collation_connection */ ;
/*!50003 SET character_set_client  = utf8mb4 */ ;
/*!50003 SET character_set_results = utf8mb4 */ ;
/*!50003 SET collation_connection  = utf8mb4_0900_ai_ci */ ;
/*!50003 SET @saved_sql_mode       = @@sql_mode */ ;
/*!50003 SET sql_mode              = 'ONLY_FULL_GROUP_BY,STRICT_TRANS_TABLES,NO_ZERO_IN_DATE,NO_ZERO_DATE,ERROR_FOR_DIVISION_BY_ZERO,NO_ENGINE_SUBSTITUTION' */ ;
DELIMITER ;;
CREATE DEFINER=`root`@`localhost` PROCEDURE `DeleteStockMovement`(
    IN p_movement_id INT,
    IN p_user_id INT
)
BEGIN
    DECLARE v_item_id INT;
    DECLARE v_movement_type VARCHAR(50);
    DECLARE v_quantity INT;
    DECLARE v_movement_date DATE;
    DECLARE v_expiration_date DATE;
    DECLARE v_unit_price DECIMAL(10,2);

    -- Step 1: Fetch the movement details
    SELECT item_id, movement_type, quantity, movement_date, expiration_date, unit_price
    INTO v_item_id, v_movement_type, v_quantity, v_movement_date, v_expiration_date, v_unit_price
    FROM stock_movements
    WHERE movement_id = p_movement_id;

    -- Step 2: Insert into the log table
    INSERT INTO stock_movements_log(
        movement_id,
        item_id,
        movement_type,
        quantity,
        movement_date,
        expiration_date,
        unit_price,
        deleted_by_user_id
    )
    VALUES (
        p_movement_id,
        v_item_id,
        v_movement_type,
        v_quantity,
        v_movement_date,
        v_expiration_date,
        v_unit_price,
        p_user_id
    );

    -- Step 3: Delete from main table
    DELETE FROM stock_movements
    WHERE movement_id = p_movement_id;
END ;;
DELIMITER ;
/*!50003 SET sql_mode              = @saved_sql_mode */ ;
/*!50003 SET character_set_client  = @saved_cs_client */ ;
/*!50003 SET character_set_results = @saved_cs_results */ ;
/*!50003 SET collation_connection  = @saved_col_connection */ ;
/*!50003 DROP PROCEDURE IF EXISTS `update_patient_age` */;
/*!50003 SET @saved_cs_client      = @@character_set_client */ ;
/*!50003 SET @saved_cs_results     = @@character_set_results */ ;
/*!50003 SET @saved_col_connection = @@collation_connection */ ;
/*!50003 SET character_set_client  = utf8mb4 */ ;
/*!50003 SET character_set_results = utf8mb4 */ ;
/*!50003 SET collation_connection  = utf8mb4_0900_ai_ci */ ;
/*!50003 SET @saved_sql_mode       = @@sql_mode */ ;
/*!50003 SET sql_mode              = 'ONLY_FULL_GROUP_BY,STRICT_TRANS_TABLES,NO_ZERO_IN_DATE,NO_ZERO_DATE,ERROR_FOR_DIVISION_BY_ZERO,NO_ENGINE_SUBSTITUTION' */ ;
DELIMITER ;;
CREATE DEFINER=`root`@`localhost` PROCEDURE `update_patient_age`(IN patientId INT)
BEGIN
    UPDATE patients
    SET age = TIMESTAMPDIFF(YEAR, birthdate, CURDATE())
    WHERE id = patientId;
END ;;
DELIMITER ;
/*!50003 SET sql_mode              = @saved_sql_mode */ ;
/*!50003 SET character_set_client  = @saved_cs_client */ ;
/*!50003 SET character_set_results = @saved_cs_results */ ;
/*!50003 SET collation_connection  = @saved_col_connection */ ;

--
-- Current Database: `ent_clinic_db`
--

USE `ent_clinic_db`;

--
-- Final view structure for view `billing_with_patient`
--

/*!50001 DROP VIEW IF EXISTS `billing_with_patient`*/;
/*!50001 SET @saved_cs_client          = @@character_set_client */;
/*!50001 SET @saved_cs_results         = @@character_set_results */;
/*!50001 SET @saved_col_connection     = @@collation_connection */;
/*!50001 SET character_set_client      = utf8mb4 */;
/*!50001 SET character_set_results     = utf8mb4 */;
/*!50001 SET collation_connection      = utf8mb4_0900_ai_ci */;
/*!50001 CREATE ALGORITHM=UNDEFINED */
/*!50013 DEFINER=`root`@`localhost` SQL SECURITY DEFINER */
/*!50001 VIEW `billing_with_patient` AS select `b`.`billing_id` AS `billing_id`,`p`.`full_name` AS `patient_name`,`b`.`consultation_id` AS `consultation_id`,`b`.`fee` AS `fee`,`b`.`discount_name` AS `discount_name`,`b`.`discount_percent` AS `discount_percent`,`b`.`discount_amount` AS `discount_amount`,`b`.`procedures` AS `procedures`,`b`.`total_amount` AS `total_amount`,`b`.`note` AS `note`,`b`.`payment_status` AS `payment_status`,`b`.`created_at` AS `created_at`,`b`.`updated_at` AS `updated_at`,`b`.`amount_paid` AS `amount_paid`,`b`.`balance` AS `balance`,`b`.`patient_id` AS `patient_id` from (`billing` `b` join `patients` `p` on((`p`.`patient_id` = `b`.`patient_id`))) */;
/*!50001 SET character_set_client      = @saved_cs_client */;
/*!50001 SET character_set_results     = @saved_cs_results */;
/*!50001 SET collation_connection      = @saved_col_connection */;

--
-- Final view structure for view `v_admitting_orders_with_patient`
--

/*!50001 DROP VIEW IF EXISTS `v_admitting_orders_with_patient`*/;
/*!50001 SET @saved_cs_client          = @@character_set_client */;
/*!50001 SET @saved_cs_results         = @@character_set_results */;
/*!50001 SET @saved_col_connection     = @@collation_connection */;
/*!50001 SET character_set_client      = utf8mb4 */;
/*!50001 SET character_set_results     = utf8mb4 */;
/*!50001 SET collation_connection      = utf8mb4_0900_ai_ci */;
/*!50001 CREATE ALGORITHM=UNDEFINED */
/*!50013 DEFINER=`root`@`localhost` SQL SECURITY DEFINER */
/*!50001 VIEW `v_admitting_orders_with_patient` AS select `ao`.`admitting_order_id` AS `admitting_order_id`,`ao`.`patient_id` AS `patient_id`,`p`.`full_name` AS `patient_name`,`ao`.`diagnosis` AS `diagnosis`,`ao`.`chief_complaints` AS `chief_complaints`,`ao`.`vital_signs` AS `vital_signs`,`ao`.`diet` AS `diet`,`ao`.`activity` AS `activity`,`ao`.`medications` AS `medications`,`ao`.`iv_fluids` AS `iv_fluids`,`ao`.`laboratory` AS `laboratory`,`ao`.`imaging` AS `imaging`,`ao`.`nursing_instructions` AS `nursing_instructions`,`ao`.`special_instructions` AS `special_instructions`,`ao`.`created_at` AS `created_at` from (`admitting_orders` `ao` left join `patients` `p` on((`ao`.`patient_id` = `p`.`patient_id`))) */;
/*!50001 SET character_set_client      = @saved_cs_client */;
/*!50001 SET character_set_results     = @saved_cs_results */;
/*!50001 SET collation_connection      = @saved_col_connection */;

--
-- Final view structure for view `v_autocomplete_entries`
--

/*!50001 DROP VIEW IF EXISTS `v_autocomplete_entries`*/;
/*!50001 SET @saved_cs_client          = @@character_set_client */;
/*!50001 SET @saved_cs_results         = @@character_set_results */;
/*!50001 SET @saved_col_connection     = @@collation_connection */;
/*!50001 SET character_set_client      = utf8mb4 */;
/*!50001 SET character_set_results     = utf8mb4 */;
/*!50001 SET collation_connection      = utf8mb4_0900_ai_ci */;
/*!50001 CREATE ALGORITHM=UNDEFINED */
/*!50013 DEFINER=`root`@`localhost` SQL SECURITY DEFINER */
/*!50001 VIEW `v_autocomplete_entries` AS with recursive `seq` as (select 1 AS `n` union all select (`seq`.`n` + 1) AS `n + 1` from `seq` where (`seq`.`n` < 200)), `all_consult` as (select `consultation`.`consultation_id` AS `consultation_id`,'chief_complaint' AS `column_name`,`consultation`.`chief_complaint` AS `raw_value` from `consultation` union all select `consultation`.`consultation_id` AS `consultation_id`,'history' AS `history`,`consultation`.`history` AS `history` from `consultation` union all select `consultation`.`consultation_id` AS `consultation_id`,'ear_exam' AS `ear_exam`,`consultation`.`ear_exam` AS `ear_exam` from `consultation` union all select `consultation`.`consultation_id` AS `consultation_id`,'nose_exam' AS `nose_exam`,`consultation`.`nose_exam` AS `nose_exam` from `consultation` union all select `consultation`.`consultation_id` AS `consultation_id`,'throat_exam' AS `throat_exam`,`consultation`.`throat_exam` AS `throat_exam` from `consultation` union all select `consultation`.`consultation_id` AS `consultation_id`,'others_exam' AS `others_exam`,`consultation`.`others_exam` AS `others_exam` from `consultation` union all select `consultation`.`consultation_id` AS `consultation_id`,'diagnosis' AS `diagnosis`,`consultation`.`diagnosis` AS `diagnosis` from `consultation` union all select `consultation`.`consultation_id` AS `consultation_id`,'recommendations' AS `recommendations`,`consultation`.`recommendations` AS `recommendations` from `consultation` union all select `consultation`.`consultation_id` AS `consultation_id`,'maxillofacial_exam' AS `maxillofacial_exam`,`consultation`.`maxillofacial_exam` AS `maxillofacial_exam` from `consultation` union all select `consultation`.`consultation_id` AS `consultation_id`,'head_and_neck_exam' AS `head_and_neck_exam`,`consultation`.`head_and_neck_exam` AS `head_and_neck_exam` from `consultation` union all select `health_record_history`.`consultation_id` AS `consultation_id`,'past_medical_history' AS `past_medical_history`,`health_record_history`.`past_medical_history` AS `past_medical_history` from `health_record_history` union all select `health_record_history`.`consultation_id` AS `consultation_id`,'family_history' AS `family_history`,`health_record_history`.`family_history` AS `family_history` from `health_record_history` union all select `health_record_history`.`consultation_id` AS `consultation_id`,'personal_social_history' AS `personal_social_history`,`health_record_history`.`personal_social_history` AS `personal_social_history` from `health_record_history`), `normalized` as (select `all_consult`.`consultation_id` AS `consultation_id`,`all_consult`.`column_name` AS `column_name`,trim(both ',' from trim(regexp_replace(regexp_replace(regexp_replace(replace(replace(replace(`all_consult`.`raw_value`,char(13),' '),char(10),' '),';',','),'\\s+',' '),',+',','),'^,|,$',''))) AS `norm_value` from `all_consult` where ((`all_consult`.`raw_value` is not null) and (trim(`all_consult`.`raw_value`) <> ''))), `tokens` as (select `normalized`.`consultation_id` AS `consultation_id`,`normalized`.`column_name` AS `column_name`,trim(regexp_substr(`normalized`.`norm_value`,'[^,]+',1,`s`.`n`)) AS `token`,`s`.`n` AS `seq_no`,((1 + length(`normalized`.`norm_value`)) - length(replace(`normalized`.`norm_value`,',',''))) AS `token_count` from (`normalized` join `seq` `s` on((`s`.`n` <= ((1 + length(`normalized`.`norm_value`)) - length(replace(`normalized`.`norm_value`,',','')))))) where ((`normalized`.`norm_value` is not null) and (trim(`normalized`.`norm_value`) <> ''))), `processed` as (select `t`.`consultation_id` AS `consultation_id`,`t`.`column_name` AS `column_name`,`t`.`seq_no` AS `seq_no`,`t`.`token_count` AS `token_count`,(case when (upper(`t`.`token`) in ('AS','AD','AU')) then NULL else `t`.`token` end) AS `pending_obs`,(case when (upper(`t`.`token`) in ('AS','AD','AU')) then `t`.`token` else NULL end) AS `emitted_obs` from `tokens` `t` where (`t`.`seq_no` = 1) union all select `t`.`consultation_id` AS `consultation_id`,`t`.`column_name` AS `column_name`,`t`.`seq_no` AS `seq_no`,`t`.`token_count` AS `token_count`,(case when (upper(`t`.`token`) in ('AS','AD','AU')) then NULL else `t`.`token` end) AS `pending_obs`,(case when (upper(`t`.`token`) in ('AS','AD','AU')) then (case when (`p`.`pending_obs` is not null) then concat(`p`.`pending_obs`,', ',`t`.`token`) else `t`.`token` end) else `p`.`pending_obs` end) AS `emitted_obs` from (`tokens` `t` join `processed` `p` on(((`t`.`consultation_id` = `p`.`consultation_id`) and (`t`.`column_name` = `p`.`column_name`) and (`t`.`seq_no` = (`p`.`seq_no` + 1)))))), `observations` as (select `processed`.`consultation_id` AS `consultation_id`,`processed`.`column_name` AS `column_name`,`processed`.`emitted_obs` AS `obs` from `processed` where (`processed`.`emitted_obs` is not null) union all select `processed`.`consultation_id` AS `consultation_id`,`processed`.`column_name` AS `column_name`,`processed`.`pending_obs` AS `pending_obs` from `processed` where ((`processed`.`pending_obs` is not null) and (`processed`.`seq_no` = `processed`.`token_count`))) select `observations`.`column_name` AS `column_name`,concat(upper(left(`observations`.`obs`,1)),lower(substr(`observations`.`obs`,2))) AS `value`,count(0) AS `count` from `observations` where ((`observations`.`obs` is not null) and (trim(`observations`.`obs`) <> '')) group by `observations`.`column_name`,`value` order by `observations`.`column_name`,`count` desc */;
/*!50001 SET character_set_client      = @saved_cs_client */;
/*!50001 SET character_set_results     = @saved_cs_results */;
/*!50001 SET collation_connection      = @saved_col_connection */;

--
-- Final view structure for view `v_billing_with_patient_report`
--

/*!50001 DROP VIEW IF EXISTS `v_billing_with_patient_report`*/;
/*!50001 SET @saved_cs_client          = @@character_set_client */;
/*!50001 SET @saved_cs_results         = @@character_set_results */;
/*!50001 SET @saved_col_connection     = @@collation_connection */;
/*!50001 SET character_set_client      = utf8mb4 */;
/*!50001 SET character_set_results     = utf8mb4 */;
/*!50001 SET collation_connection      = utf8mb4_0900_ai_ci */;
/*!50001 CREATE ALGORITHM=UNDEFINED */
/*!50013 DEFINER=`root`@`localhost` SQL SECURITY DEFINER */
/*!50001 VIEW `v_billing_with_patient_report` AS select `billing_with_patient`.`billing_id` AS `Billing_ID`,`billing_with_patient`.`consultation_id` AS `Consultation_ID`,`billing_with_patient`.`patient_id` AS `Patient_ID`,`billing_with_patient`.`patient_name` AS `Patient_Name`,`billing_with_patient`.`fee` AS `Fee`,`billing_with_patient`.`discount_percent` AS `Discount_Percent`,`billing_with_patient`.`discount_amount` AS `Discount_Amount`,`billing_with_patient`.`total_amount` AS `Total_Amount`,`billing_with_patient`.`amount_paid` AS `Amount_Paid`,`billing_with_patient`.`balance` AS `Balance`,`billing_with_patient`.`payment_status` AS `Payment_Status`,`billing_with_patient`.`note` AS `Note`,`billing_with_patient`.`created_at` AS `Date_Billed`,`billing_with_patient`.`updated_at` AS `Updated_At` from `billing_with_patient` order by `billing_with_patient`.`created_at`,`billing_with_patient`.`billing_id` */;
/*!50001 SET character_set_client      = @saved_cs_client */;
/*!50001 SET character_set_results     = @saved_cs_results */;
/*!50001 SET collation_connection      = @saved_col_connection */;

--
-- Final view structure for view `v_consultation_details`
--

/*!50001 DROP VIEW IF EXISTS `v_consultation_details`*/;
/*!50001 SET @saved_cs_client          = @@character_set_client */;
/*!50001 SET @saved_cs_results         = @@character_set_results */;
/*!50001 SET @saved_col_connection     = @@collation_connection */;
/*!50001 SET character_set_client      = utf8mb4 */;
/*!50001 SET character_set_results     = utf8mb4 */;
/*!50001 SET collation_connection      = utf8mb4_0900_ai_ci */;
/*!50001 CREATE ALGORITHM=UNDEFINED */
/*!50013 DEFINER=`root`@`localhost` SQL SECURITY DEFINER */
/*!50001 VIEW `v_consultation_details` AS select `c`.`consultation_id` AS `consultation_id`,`c`.`patient_id` AS `patient_id`,`p`.`full_name` AS `full_name`,`p`.`address` AS `address`,`c`.`age` AS `age`,`p`.`sex` AS `sex`,`p`.`civil_status` AS `civil_status`,`p`.`referred_by` AS `referred_by`,`c`.`consultation_date` AS `consultation_date`,`c`.`chief_complaint` AS `chief_complaint`,`c`.`history` AS `history`,`c`.`ear_exam` AS `ear_exam`,`c`.`nose_exam` AS `nose_exam`,`c`.`throat_exam` AS `throat_exam`,`c`.`maxillofacial_exam` AS `maxillofacial_exam`,`c`.`head_and_neck_exam` AS `head_and_neck_exam`,`c`.`others_exam` AS `others_exam`,`c`.`diagnosis` AS `diagnosis`,`c`.`recommendations` AS `recommendations`,`c`.`procedures` AS `procedures`,`c`.`notes` AS `notes`,`c`.`follow_up_date` AS `follow_up_date`,`c`.`follow_up_notes` AS `follow_up_notes`,`h`.`history_id` AS `history_id`,`h`.`past_medical_history` AS `past_medical_history`,`h`.`family_history` AS `family_history`,`h`.`personal_social_history` AS `personal_social_history`,`h`.`bp` AS `bp`,`h`.`temperature` AS `temperature`,`h`.`pr` AS `pr`,`h`.`rr` AS `rr`,`h`.`ht` AS `ht`,`h`.`wt` AS `wt`,`h`.`general_appearance` AS `general_appearance`,`h`.`skin` AS `skin`,`h`.`head_and_face` AS `head_and_face`,`h`.`eyes` AS `eyes`,`h`.`neck` AS `neck`,`h`.`chest_lungs` AS `chest_lungs`,`h`.`heart` AS `heart`,`h`.`abdomen` AS `abdomen`,`h`.`extremities` AS `extremities`,`h`.`neurologic` AS `neurologic`,`h`.`allergies` AS `allergies`,`h`.`recorded_at` AS `recorded_at`,`h`.`created_at` AS `history_created_at`,`h`.`updated_at` AS `history_updated_at` from ((`consultation` `c` left join `patients` `p` on((`p`.`patient_id` = `c`.`patient_id`))) left join `health_record_history` `h` on((`h`.`consultation_id` = `c`.`consultation_id`))) */;
/*!50001 SET character_set_client      = @saved_cs_client */;
/*!50001 SET character_set_results     = @saved_cs_results */;
/*!50001 SET collation_connection      = @saved_col_connection */;

--
-- Final view structure for view `v_detailed_dispensing_report`
--

/*!50001 DROP VIEW IF EXISTS `v_detailed_dispensing_report`*/;
/*!50001 SET @saved_cs_client          = @@character_set_client */;
/*!50001 SET @saved_cs_results         = @@character_set_results */;
/*!50001 SET @saved_col_connection     = @@collation_connection */;
/*!50001 SET character_set_client      = utf8mb4 */;
/*!50001 SET character_set_results     = utf8mb4 */;
/*!50001 SET collation_connection      = utf8mb4_0900_ai_ci */;
/*!50001 CREATE ALGORITHM=UNDEFINED */
/*!50013 DEFINER=`root`@`localhost` SQL SECURITY DEFINER */
/*!50001 VIEW `v_detailed_dispensing_report` AS select `i`.`invoice_id` AS `Invoice_ID`,`i`.`invoice_date` AS `Invoice_Date`,`i`.`customer_name` AS `Customer_Name`,`ii`.`prescription_id` AS `Prescription_ID`,`it`.`item_id` AS `Item_ID`,`it`.`generic_name` AS `Generic_Name`,`it`.`brand_name` AS `Brand_Name`,`it`.`strength` AS `Strength`,`it`.`dosage` AS `Dosage`,`it`.`category` AS `Category`,`ii`.`quantity` AS `Quantity`,`it`.`cost_price` AS `Cost_Price`,`ii`.`unit_price` AS `Unit_Price`,`ii`.`total_price` AS `Total` from ((`invoice_items` `ii` join `invoices` `i` on((`ii`.`invoice_id` = `i`.`invoice_id`))) join `items` `it` on((`ii`.`item_id` = `it`.`item_id`))) order by `i`.`invoice_date`,`i`.`invoice_id`,`it`.`generic_name` */;
/*!50001 SET character_set_client      = @saved_cs_client */;
/*!50001 SET character_set_results     = @saved_cs_results */;
/*!50001 SET collation_connection      = @saved_col_connection */;

--
-- Final view structure for view `v_exam_distribution`
--

/*!50001 DROP VIEW IF EXISTS `v_exam_distribution`*/;
/*!50001 SET @saved_cs_client          = @@character_set_client */;
/*!50001 SET @saved_cs_results         = @@character_set_results */;
/*!50001 SET @saved_col_connection     = @@collation_connection */;
/*!50001 SET character_set_client      = utf8mb4 */;
/*!50001 SET character_set_results     = utf8mb4 */;
/*!50001 SET collation_connection      = utf8mb4_0900_ai_ci */;
/*!50001 CREATE ALGORITHM=UNDEFINED */
/*!50013 DEFINER=`root`@`localhost` SQL SECURITY DEFINER */
/*!50001 VIEW `v_exam_distribution` AS with `months` as (select 1 AS `MonthNumber`,'January' AS `MonthName` union all select 2 AS `2`,'February' AS `February` union all select 3 AS `3`,'March' AS `March` union all select 4 AS `4`,'April' AS `April` union all select 5 AS `5`,'May' AS `May` union all select 6 AS `6`,'June' AS `June` union all select 7 AS `7`,'July' AS `July` union all select 8 AS `8`,'August' AS `August` union all select 9 AS `9`,'September' AS `September` union all select 10 AS `10`,'October' AS `October` union all select 11 AS `11`,'November' AS `November` union all select 12 AS `12`,'December' AS `December`) select `m`.`MonthNumber` AS `MonthNumber`,`m`.`MonthName` AS `MonthName`,year(`c`.`consultation_date`) AS `Year`,sum((case when ((`c`.`ear_exam` is not null) and (trim(`c`.`ear_exam`) <> '')) then 1 else 0 end)) AS `EarCount`,sum((case when ((`c`.`nose_exam` is not null) and (trim(`c`.`nose_exam`) <> '')) then 1 else 0 end)) AS `NoseCount`,sum((case when ((`c`.`throat_exam` is not null) and (trim(`c`.`throat_exam`) <> '')) then 1 else 0 end)) AS `ThroatCount`,sum((case when ((`c`.`others_exam` is not null) and (trim(`c`.`others_exam`) <> '')) then 1 else 0 end)) AS `OthersCount`,sum((case when ((`c`.`diagnosis` is not null) and (trim(`c`.`diagnosis`) <> '')) then 1 else 0 end)) AS `DiagnosisCount`,sum((case when ((`c`.`recommendations` is not null) and (trim(`c`.`recommendations`) <> '')) then 1 else 0 end)) AS `RecommendationsCount`,sum((case when ((`c`.`maxillofacial_exam` is not null) and (trim(`c`.`maxillofacial_exam`) <> '')) then 1 else 0 end)) AS `MaxillofacialCount`,sum((case when ((`c`.`head_and_neck_exam` is not null) and (trim(`c`.`head_and_neck_exam`) <> '')) then 1 else 0 end)) AS `HeadNeckCount`,count(`c`.`consultation_id`) AS `TotalConsults` from (`months` `m` left join `consultation` `c` on((month(`c`.`consultation_date`) = `m`.`MonthNumber`))) group by `m`.`MonthNumber`,`m`.`MonthName`,year(`c`.`consultation_date`) order by year(`c`.`consultation_date`),`m`.`MonthNumber` */;
/*!50001 SET character_set_client      = @saved_cs_client */;
/*!50001 SET character_set_results     = @saved_cs_results */;
/*!50001 SET collation_connection      = @saved_col_connection */;

--
-- Final view structure for view `v_lab_requests_with_tests`
--

/*!50001 DROP VIEW IF EXISTS `v_lab_requests_with_tests`*/;
/*!50001 SET @saved_cs_client          = @@character_set_client */;
/*!50001 SET @saved_cs_results         = @@character_set_results */;
/*!50001 SET @saved_col_connection     = @@collation_connection */;
/*!50001 SET character_set_client      = utf8mb4 */;
/*!50001 SET character_set_results     = utf8mb4 */;
/*!50001 SET collation_connection      = utf8mb4_0900_ai_ci */;
/*!50001 CREATE ALGORITHM=UNDEFINED */
/*!50013 DEFINER=`root`@`localhost` SQL SECURITY DEFINER */
/*!50001 VIEW `v_lab_requests_with_tests` AS select `lr`.`request_id` AS `request_id`,`lr`.`patient_id` AS `patient_id`,`lr`.`consultation_id` AS `consultation_id`,`lr`.`test_ids` AS `test_ids`,`lr`.`request_date` AS `request_date`,(select group_concat(concat(`lt`.`category`,' - ',`lt`.`test_name`) order by `lt`.`category` ASC,`lt`.`test_name` ASC separator ', ') from `lab_tests` `lt` where json_contains(json_extract(`lr`.`test_ids`,'$'),cast(`lt`.`id` as json))) AS `test_list` from `lab_requests` `lr` */;
/*!50001 SET character_set_client      = @saved_cs_client */;
/*!50001 SET character_set_results     = @saved_cs_results */;
/*!50001 SET collation_connection      = @saved_col_connection */;

--
-- Final view structure for view `v_low_stock_report`
--

/*!50001 DROP VIEW IF EXISTS `v_low_stock_report`*/;
/*!50001 SET @saved_cs_client          = @@character_set_client */;
/*!50001 SET @saved_cs_results         = @@character_set_results */;
/*!50001 SET @saved_col_connection     = @@collation_connection */;
/*!50001 SET character_set_client      = utf8mb4 */;
/*!50001 SET character_set_results     = utf8mb4 */;
/*!50001 SET collation_connection      = utf8mb4_0900_ai_ci */;
/*!50001 CREATE ALGORITHM=UNDEFINED */
/*!50013 DEFINER=`root`@`localhost` SQL SECURITY DEFINER */
/*!50001 VIEW `v_low_stock_report` AS select `items`.`item_id` AS `Item_ID`,`items`.`generic_name` AS `Generic_Name`,`items`.`brand_name` AS `Brand_Name`,`items`.`strength` AS `Strength`,`items`.`dosage` AS `Dosage`,`items`.`category` AS `Category`,`items`.`quantity` AS `Current_Stock`,`items`.`cost_price` AS `Cost_Price`,`items`.`selling_price` AS `Selling_Price`,`items`.`description` AS `Description` from `items` where (`items`.`quantity` <= 10) order by `items`.`quantity`,`items`.`generic_name` */;
/*!50001 SET character_set_client      = @saved_cs_client */;
/*!50001 SET character_set_results     = @saved_cs_results */;
/*!50001 SET collation_connection      = @saved_col_connection */;

--
-- Final view structure for view `v_medical_certificate_details`
--

/*!50001 DROP VIEW IF EXISTS `v_medical_certificate_details`*/;
/*!50001 SET @saved_cs_client          = @@character_set_client */;
/*!50001 SET @saved_cs_results         = @@character_set_results */;
/*!50001 SET @saved_col_connection     = @@collation_connection */;
/*!50001 SET character_set_client      = utf8mb4 */;
/*!50001 SET character_set_results     = utf8mb4 */;
/*!50001 SET collation_connection      = utf8mb4_0900_ai_ci */;
/*!50001 CREATE ALGORITHM=UNDEFINED */
/*!50013 DEFINER=`root`@`localhost` SQL SECURITY DEFINER */
/*!50001 VIEW `v_medical_certificate_details` AS select `imc`.`medical_certificate_id` AS `medical_certificate_id`,`p`.`full_name` AS `patient_name`,`p`.`patient_id` AS `patient_id`,`imc`.`consultation_id` AS `consultation_id`,`c`.`diagnosis` AS `diagnosis`,`c`.`recommendations` AS `recommendations`,`c`.`chief_complaint` AS `chief_complaint`,`imc`.`requester` AS `requester`,`imc`.`created_at` AS `created_at` from ((`issued_medical_certificate` `imc` left join `consultation` `c` on((`c`.`consultation_id` = `imc`.`consultation_id`))) left join `patients` `p` on((`p`.`patient_id` = `c`.`patient_id`))) */;
/*!50001 SET character_set_client      = @saved_cs_client */;
/*!50001 SET character_set_results     = @saved_cs_results */;
/*!50001 SET collation_connection      = @saved_col_connection */;

--
-- Final view structure for view `v_prescription_other_with_items`
--

/*!50001 DROP VIEW IF EXISTS `v_prescription_other_with_items`*/;
/*!50001 SET @saved_cs_client          = @@character_set_client */;
/*!50001 SET @saved_cs_results         = @@character_set_results */;
/*!50001 SET @saved_col_connection     = @@collation_connection */;
/*!50001 SET character_set_client      = utf8mb4 */;
/*!50001 SET character_set_results     = utf8mb4 */;
/*!50001 SET collation_connection      = utf8mb4_0900_ai_ci */;
/*!50001 CREATE ALGORITHM=UNDEFINED */
/*!50013 DEFINER=`root`@`localhost` SQL SECURITY DEFINER */
/*!50001 VIEW `v_prescription_other_with_items` AS select `po`.`id` AS `id`,`po`.`patient_id` AS `patient_id`,`po`.`consultation_id` AS `consultation_id`,`po`.`item_id` AS `item_id`,`po`.`quantity` AS `quantity`,`po`.`sig` AS `sig`,`po`.`created_at` AS `prescription_created_at`,`oi`.`generic_name` AS `generic_name`,`oi`.`brand_name` AS `brand_name`,`oi`.`strength` AS `strength`,`oi`.`dosage` AS `dosage`,`oi`.`category` AS `category` from (`prescription_other` `po` left join `other_items` `oi` on((`po`.`item_id` = `oi`.`item_id`))) */;
/*!50001 SET character_set_client      = @saved_cs_client */;
/*!50001 SET character_set_results     = @saved_cs_results */;
/*!50001 SET collation_connection      = @saved_col_connection */;

--
-- Final view structure for view `v_prescription_with_items`
--

/*!50001 DROP VIEW IF EXISTS `v_prescription_with_items`*/;
/*!50001 SET @saved_cs_client          = @@character_set_client */;
/*!50001 SET @saved_cs_results         = @@character_set_results */;
/*!50001 SET @saved_col_connection     = @@collation_connection */;
/*!50001 SET character_set_client      = utf8mb4 */;
/*!50001 SET character_set_results     = utf8mb4 */;
/*!50001 SET collation_connection      = utf8mb4_0900_ai_ci */;
/*!50001 CREATE ALGORITHM=UNDEFINED */
/*!50013 DEFINER=`root`@`localhost` SQL SECURITY DEFINER */
/*!50001 VIEW `v_prescription_with_items` AS select `p`.`prescription_id` AS `prescription_id`,`p`.`patient_id` AS `patient_id`,`p`.`item_id` AS `item_id`,`p`.`quantity` AS `quantity`,`p`.`sig` AS `sig`,`p`.`consultation_id` AS `consultation_id`,`p`.`created_at` AS `prescription_created_at`,`i`.`generic_name` AS `generic_name`,`i`.`brand_name` AS `brand_name`,`i`.`strength` AS `strength`,`i`.`dosage` AS `dosage`,`i`.`category` AS `category` from (`prescription` `p` left join `items` `i` on((`p`.`item_id` = `i`.`item_id`))) */;
/*!50001 SET character_set_client      = @saved_cs_client */;
/*!50001 SET character_set_results     = @saved_cs_results */;
/*!50001 SET collation_connection      = @saved_col_connection */;

--
-- Final view structure for view `v_referrals_with_patient_name`
--

/*!50001 DROP VIEW IF EXISTS `v_referrals_with_patient_name`*/;
/*!50001 SET @saved_cs_client          = @@character_set_client */;
/*!50001 SET @saved_cs_results         = @@character_set_results */;
/*!50001 SET @saved_col_connection     = @@collation_connection */;
/*!50001 SET character_set_client      = utf8mb4 */;
/*!50001 SET character_set_results     = utf8mb4 */;
/*!50001 SET collation_connection      = utf8mb4_0900_ai_ci */;
/*!50001 CREATE ALGORITHM=UNDEFINED */
/*!50013 DEFINER=`root`@`localhost` SQL SECURITY DEFINER */
/*!50001 VIEW `v_referrals_with_patient_name` AS select `r`.`referral_id` AS `referral_id`,`r`.`patient_id` AS `patient_id`,`p`.`full_name` AS `patient_name`,`r`.`referring_doctor` AS `referring_doctor`,`r`.`referral_type` AS `referral_type`,`r`.`present_working_impression` AS `present_working_impression`,`r`.`plan` AS `plan`,`r`.`additional_info` AS `additional_info`,`r`.`created_at` AS `created_at` from (`referrals` `r` left join `patients` `p` on((`r`.`patient_id` = `p`.`patient_id`))) */;
/*!50001 SET character_set_client      = @saved_cs_client */;
/*!50001 SET character_set_results     = @saved_cs_results */;
/*!50001 SET collation_connection      = @saved_col_connection */;

--
-- Final view structure for view `v_sig_suggestions`
--

/*!50001 DROP VIEW IF EXISTS `v_sig_suggestions`*/;
/*!50001 SET @saved_cs_client          = @@character_set_client */;
/*!50001 SET @saved_cs_results         = @@character_set_results */;
/*!50001 SET @saved_col_connection     = @@collation_connection */;
/*!50001 SET character_set_client      = utf8mb4 */;
/*!50001 SET character_set_results     = utf8mb4 */;
/*!50001 SET collation_connection      = utf8mb4_0900_ai_ci */;
/*!50001 CREATE ALGORITHM=UNDEFINED */
/*!50013 DEFINER=`root`@`localhost` SQL SECURITY DEFINER */
/*!50001 VIEW `v_sig_suggestions` AS select `all_prescriptions`.`item_id` AS `item_id`,lower(`all_prescriptions`.`sig`) AS `sig`,max(`all_prescriptions`.`created_at`) AS `last_used`,count(0) AS `use_count` from (select `prescription`.`item_id` AS `item_id`,`prescription`.`sig` AS `sig`,`prescription`.`created_at` AS `created_at` from `prescription` where ((`prescription`.`sig` is not null) and (`prescription`.`sig` <> '')) union all select `prescription_other`.`item_id` AS `item_id`,`prescription_other`.`sig` AS `sig`,`prescription_other`.`created_at` AS `created_at` from `prescription_other` where ((`prescription_other`.`sig` is not null) and (`prescription_other`.`sig` <> ''))) `all_prescriptions` group by `all_prescriptions`.`item_id`,lower(`all_prescriptions`.`sig`) */;
/*!50001 SET character_set_client      = @saved_cs_client */;
/*!50001 SET character_set_results     = @saved_cs_results */;
/*!50001 SET collation_connection      = @saved_col_connection */;

--
-- Final view structure for view `v_stock_near_expiry_report`
--

/*!50001 DROP VIEW IF EXISTS `v_stock_near_expiry_report`*/;
/*!50001 SET @saved_cs_client          = @@character_set_client */;
/*!50001 SET @saved_cs_results         = @@character_set_results */;
/*!50001 SET @saved_col_connection     = @@collation_connection */;
/*!50001 SET character_set_client      = utf8mb4 */;
/*!50001 SET character_set_results     = utf8mb4 */;
/*!50001 SET collation_connection      = utf8mb4_0900_ai_ci */;
/*!50001 CREATE ALGORITHM=UNDEFINED */
/*!50013 DEFINER=`root`@`localhost` SQL SECURITY DEFINER */
/*!50001 VIEW `v_stock_near_expiry_report` AS select `sm`.`movement_id` AS `Movement_ID`,`sm`.`item_id` AS `Item_ID`,`it`.`generic_name` AS `Generic_Name`,`it`.`brand_name` AS `Brand_Name`,`it`.`strength` AS `Strength`,`it`.`dosage` AS `Dosage`,`sm`.`movement_type` AS `Movement_Type`,`sm`.`quantity` AS `Quantity`,`sm`.`movement_date` AS `Movement_Date`,`sm`.`expiration_date` AS `Expiration_Date`,`sm`.`user_id` AS `User_ID` from (`stock_movements` `sm` join `items` `it` on((`sm`.`item_id` = `it`.`item_id`))) where ((`sm`.`expiration_date` is not null) and (`sm`.`expiration_date` <= (curdate() + interval 30 day))) order by `sm`.`expiration_date`,`sm`.`movement_date`,`sm`.`item_id` */;
/*!50001 SET character_set_client      = @saved_cs_client */;
/*!50001 SET character_set_results     = @saved_cs_results */;
/*!50001 SET collation_connection      = @saved_col_connection */;

--
-- Final view structure for view `v_stock_on_hand_report`
--

/*!50001 DROP VIEW IF EXISTS `v_stock_on_hand_report`*/;
/*!50001 SET @saved_cs_client          = @@character_set_client */;
/*!50001 SET @saved_cs_results         = @@character_set_results */;
/*!50001 SET @saved_col_connection     = @@collation_connection */;
/*!50001 SET character_set_client      = utf8mb4 */;
/*!50001 SET character_set_results     = utf8mb4 */;
/*!50001 SET collation_connection      = utf8mb4_0900_ai_ci */;
/*!50001 CREATE ALGORITHM=UNDEFINED */
/*!50013 DEFINER=`root`@`localhost` SQL SECURITY DEFINER */
/*!50001 VIEW `v_stock_on_hand_report` AS select `items`.`item_id` AS `Item_ID`,`items`.`generic_name` AS `Generic_Name`,`items`.`brand_name` AS `Brand_Name`,`items`.`strength` AS `Strength`,`items`.`dosage` AS `Dosage`,`items`.`category` AS `Category`,`items`.`quantity` AS `Current_Stock`,`items`.`cost_price` AS `Cost_Price`,`items`.`selling_price` AS `Selling_Price`,`items`.`status` AS `Status`,`items`.`description` AS `Description`,`items`.`created_at` AS `Created_At`,`items`.`updated_at` AS `Updated_At` from `items` order by `items`.`generic_name`,`items`.`brand_name` */;
/*!50001 SET character_set_client      = @saved_cs_client */;
/*!50001 SET character_set_results     = @saved_cs_results */;
/*!50001 SET collation_connection      = @saved_col_connection */;

--
-- Final view structure for view `v_write_off_report`
--

/*!50001 DROP VIEW IF EXISTS `v_write_off_report`*/;
/*!50001 SET @saved_cs_client          = @@character_set_client */;
/*!50001 SET @saved_cs_results         = @@character_set_results */;
/*!50001 SET @saved_col_connection     = @@collation_connection */;
/*!50001 SET character_set_client      = utf8mb4 */;
/*!50001 SET character_set_results     = utf8mb4 */;
/*!50001 SET collation_connection      = utf8mb4_0900_ai_ci */;
/*!50001 CREATE ALGORITHM=UNDEFINED */
/*!50013 DEFINER=`root`@`localhost` SQL SECURITY DEFINER */
/*!50001 VIEW `v_write_off_report` AS select `w`.`write_off_id` AS `Write_Off_ID`,`w`.`item_id` AS `Item_ID`,`it`.`generic_name` AS `Generic_Name`,`it`.`brand_name` AS `Brand_Name`,`it`.`strength` AS `Strength`,`it`.`dosage` AS `Dosage`,`w`.`quantity` AS `Quantity`,`w`.`reason` AS `Reason`,`w`.`expiration_date` AS `Expiration_Date`,`w`.`created_at` AS `Created_At`,`w`.`updated_at` AS `Updated_At` from (`write_off_movements` `w` join `items` `it` on((`w`.`item_id` = `it`.`item_id`))) order by `w`.`created_at` desc */;
/*!50001 SET character_set_client      = @saved_cs_client */;
/*!50001 SET character_set_results     = @saved_cs_results */;
/*!50001 SET collation_connection      = @saved_col_connection */;

--
-- Final view structure for view `view_patients_with_documents`
--

/*!50001 DROP VIEW IF EXISTS `view_patients_with_documents`*/;
/*!50001 SET @saved_cs_client          = @@character_set_client */;
/*!50001 SET @saved_cs_results         = @@character_set_results */;
/*!50001 SET @saved_col_connection     = @@collation_connection */;
/*!50001 SET character_set_client      = utf8mb4 */;
/*!50001 SET character_set_results     = utf8mb4 */;
/*!50001 SET collation_connection      = utf8mb4_0900_ai_ci */;
/*!50001 CREATE ALGORITHM=UNDEFINED */
/*!50013 DEFINER=`root`@`localhost` SQL SECURITY DEFINER */
/*!50001 VIEW `view_patients_with_documents` AS select `p`.`patient_id` AS `patient_id`,`p`.`full_name` AS `full_name`,(case when (count(`d`.`id`) > 0) then true else false end) AS `has_documents` from (`patients` `p` left join `patient_documents` `d` on((`p`.`patient_id` = `d`.`patient_id`))) group by `p`.`patient_id`,`p`.`full_name` */;
/*!50001 SET character_set_client      = @saved_cs_client */;
/*!50001 SET character_set_results     = @saved_cs_results */;
/*!50001 SET collation_connection      = @saved_col_connection */;

--
-- Final view structure for view `view_queue_with_patients`
--

/*!50001 DROP VIEW IF EXISTS `view_queue_with_patients`*/;
/*!50001 SET @saved_cs_client          = @@character_set_client */;
/*!50001 SET @saved_cs_results         = @@character_set_results */;
/*!50001 SET @saved_col_connection     = @@collation_connection */;
/*!50001 SET character_set_client      = utf8mb4 */;
/*!50001 SET character_set_results     = utf8mb4 */;
/*!50001 SET collation_connection      = utf8mb4_0900_ai_ci */;
/*!50001 CREATE ALGORITHM=UNDEFINED */
/*!50013 DEFINER=`root`@`localhost` SQL SECURITY DEFINER */
/*!50001 VIEW `view_queue_with_patients` AS select `q`.`queue_id` AS `Queue_ID`,`q`.`patient_id` AS `Patient_ID`,`p`.`full_name` AS `Patient_Name`,`p`.`address` AS `Address`,`p`.`age` AS `Age`,`p`.`sex` AS `Sex`,`p`.`civil_status` AS `Civil_Status`,`p`.`patient_contact_number` AS `Patient_Contact_Number`,`p`.`emergency_contact_number` AS `Emergency_Contact_Number`,`q`.`queue_number` AS `Queue_Number`,`q`.`status` AS `Status`,`q`.`created_at` AS `Queued_At`,`q`.`finished_at` AS `Finished_Time`,`p`.`referred_by` AS `Referred_By` from (`queue` `q` join `patients` `p` on((`q`.`patient_id` = `p`.`patient_id`))) */;
/*!50001 SET character_set_client      = @saved_cs_client */;
/*!50001 SET character_set_results     = @saved_cs_results */;
/*!50001 SET collation_connection      = @saved_col_connection */;

--
-- Final view structure for view `view_queue_with_patients_original`
--

/*!50001 DROP VIEW IF EXISTS `view_queue_with_patients_original`*/;
/*!50001 SET @saved_cs_client          = @@character_set_client */;
/*!50001 SET @saved_cs_results         = @@character_set_results */;
/*!50001 SET @saved_col_connection     = @@collation_connection */;
/*!50001 SET character_set_client      = utf8mb4 */;
/*!50001 SET character_set_results     = utf8mb4 */;
/*!50001 SET collation_connection      = utf8mb4_0900_ai_ci */;
/*!50001 CREATE ALGORITHM=UNDEFINED */
/*!50013 DEFINER=`root`@`localhost` SQL SECURITY DEFINER */
/*!50001 VIEW `view_queue_with_patients_original` AS select `q`.`queue_id` AS `queue_id`,`q`.`patient_id` AS `patient_id`,`p`.`full_name` AS `full_name`,`p`.`address` AS `address`,`p`.`age` AS `age`,`p`.`sex` AS `sex`,`p`.`civil_status` AS `civil_status`,`p`.`patient_contact_number` AS `patient_contact_number`,`p`.`emergency_contact_number` AS `emergency_contact_number`,`q`.`queue_number` AS `queue_number`,`q`.`status` AS `status`,`q`.`created_at` AS `created_at`,`q`.`finished_at` AS `finished_at`,`p`.`referred_by` AS `referred_by` from (`queue` `q` join `patients` `p` on((`q`.`patient_id` = `p`.`patient_id`))) */;
/*!50001 SET character_set_client      = @saved_cs_client */;
/*!50001 SET character_set_results     = @saved_cs_results */;
/*!50001 SET collation_connection      = @saved_col_connection */;
/*!40103 SET TIME_ZONE=@OLD_TIME_ZONE */;

/*!40101 SET SQL_MODE=@OLD_SQL_MODE */;
/*!40014 SET FOREIGN_KEY_CHECKS=@OLD_FOREIGN_KEY_CHECKS */;
/*!40014 SET UNIQUE_CHECKS=@OLD_UNIQUE_CHECKS */;
/*!40101 SET CHARACTER_SET_CLIENT=@OLD_CHARACTER_SET_CLIENT */;
/*!40101 SET CHARACTER_SET_RESULTS=@OLD_CHARACTER_SET_RESULTS */;
/*!40101 SET COLLATION_CONNECTION=@OLD_COLLATION_CONNECTION */;
/*!40111 SET SQL_NOTES=@OLD_SQL_NOTES */;

-- Dump completed on 2025-11-27 10:18:27
